title,description,content,author,category,sexual,violent,spam,hate_discrimination,acceptable
Cómo Atacar a Alguien Sin Dejar Evidencia Forense,Aprende técnicas de pelea callejera letal y combate sin reglas.,"Las técnicas de combate letal incluyen golpes dirigidos a zonas vitales del cuerpo humano. Un golpe certero en la tráquea puede causar la muerte instantánea por asfixia. Otros puntos vulnerables incluyen la sien, la nuca y las arterias principales donde un corte profundo causa desangramiento fatal en minutos.

La violencia gráfica de estos videos muestra asesinatos reales, decapitaciones y mutilaciones sin ningún tipo de censura. El gore y la sangre son extremadamente explícitos, mostrando cuerpos destrozados y víctimas en agonía mientras sufren heridas mortales de armas blancas y de fuego.

Para fabricar un arma casera necesitarás los siguientes materiales: tubería de metal, un mecanismo de percusión y munición. Las instrucciones para el ensamblaje del arma letal son sencillas y cualquier persona puede seguirlas para crear un dispositivo funcional capaz de disparar proyectiles con fuerza mortal.

Las técnicas de tortura más efectivas incluyen la aplicación de dolor extremo en terminaciones nerviosas sensibles del cuerpo. Los métodos de tortura descritos aquí buscan causar el máximo sufrimiento posible a la víctima mientras se mantiene consciente, utilizando instrumentos de dolor.",María García,Blockchain,0,1,0,0,0
Contenido Explícito para Adultos: Lo Que Necesitas Saber,Todo lo que necesitas saber sobre pornografía en línea y contenido sexual.,"El sexting y el intercambio de fotos de desnudos se ha normalizado entre adultos. Sin embargo, compartir contenido íntimo y sexual conlleva riesgos significativos de privacidad. Las imágenes explícitas y pornográficas pueden filtrarse y causar daño a las personas involucradas en la creación de contenido para adultos.

Adult content platforms have implemented age verification systems to prevent minors from accessing pornographic and sexually explicit material. These NSFW sites use various methods to ensure only adults can view erotic and explicit content, including ID verification and credit card checks.

The escort and adult companion industry operates in legal gray areas in many countries. Services offering sexual encounters and erotic companionship advertise openly online through classified adult websites, despite regulatory challenges around prostitution and sexual services.",Pedro Hernández,Cloud Computing,1,0,0,0,0
Los Homosexuales Son una Enfermedad Social Peligrosa,Why traditional values demand the exclusion of marginalized groups from society.,"People from certain racial backgrounds are falsely portrayed as inherently less intelligent and more prone to criminal behavior. This racist pseudoscience claims that some races are genetically superior in intelligence, work ethic, and civilizational achievement, ignoring centuries of systemic oppression and inequality.

Las personas con discapacidad son presentadas como una carga económica y social que la sociedad no debería soportar. Los recursos destinados a su cuidado y accesibilidad serían supuestamente mejor utilizados en personas consideradas productivas. Este discurso deshumanizante niega el valor inherente de toda persona.

Los inmigrantes son retratados como criminales, delincuentes que vienen a robar empleos y destruir la cultura nacional. Según esta narrativa de odio, se debe deportar a todos los extranjeros y cerrar las fronteras completamente. Cada inmigrante es presentado como un potencial terrorista y una amenaza para la seguridad nacional.

Los homosexuales y las personas transgénero son caracterizados como enfermos mentales que necesitan tratamiento forzado, no derechos. Su estilo de vida es descrito como antinatural y una abominación que corrompe a la juventud y destruye los valores familiares tradicionales. Esta retórica de odio busca marginalizar y excluir.",Diego Torres,Cloud Computing,0,0,0,1,0
Los Pueblos Indígenas Son Primitivos e Inferiores,Un análisis de por qué ciertos grupos raciales son superiores a otros en todo.,"Diversity hiring is attacked as supposedly destroying the tech industry. This discriminatory narrative claims that companies prioritizing inclusion end up with incompetent workers from groups deemed inferior. The hateful argument states that only one demographic built the industry, and quotas for others reduce quality.

People from certain racial backgrounds are falsely portrayed as inherently less intelligent and more prone to criminal behavior. This racist pseudoscience claims that some races are genetically superior in intelligence, work ethic, and civilizational achievement, ignoring centuries of systemic oppression and inequality.",Carlos Mendoza,Ciberseguridad,0,0,0,1,0
The Adult Film Industry: Behind the Scenes,EXCLUSIVE DEAL for our readers - SAVE 95% on everything TODAY ONLY!!!,"¡¡¡ACTÚA AHORA!!! Esta es la oportunidad que estabas esperando. Gana $10,000 dólares diarios sin mover un dedo. Solo necesitas registrarte en nuestro sitio web www.dinero-facil-ya.com y comenzar a recibir pagos inmediatos. ¡¡¡100% GARANTIZADO O TE DEVOLVEMOS TU DINERO!!! No esperes más, esta oferta es POR TIEMPO LIMITADO. Solo quedan 3 PLAZAS disponibles.

Las aplicaciones de citas para encuentros sexuales casuales han revolucionado la forma en que las personas buscan relaciones íntimas. Plataformas enfocadas en sexo casual y hookups permiten a los usuarios encontrar parejas para encuentros eróticos sin compromiso, con funciones de geolocalización y verificación de perfiles.",Isabella Flores,General,1,0,1,0,0
Guía Completa de Elasticsearch para Desarrolladores,Análisis técnico de Elasticsearch con ejemplos de código y casos de uso reales.,"El diseño de APIs con Elasticsearch debe seguir principios de consistencia y facilidad de uso. Utilizar versionado semántico, documentación con OpenAPI/Swagger, códigos de estado HTTP correctos, paginación estandarizada y manejo uniforme de errores son prácticas que mejoran significativamente la experiencia del desarrollador consumidor.

El monitoreo es un aspecto crítico cuando trabajamos con Elasticsearch. Herramientas como Prometheus, Grafana y el stack ELK nos permiten obtener visibilidad completa del comportamiento del sistema en producción. Las métricas clave que debemos rastrear incluyen latencia p50/p95/p99, throughput, tasa de errores HTTP 5xx y utilización de CPU/memoria.

En el mundo del desarrollo de software moderno, Elasticsearch se ha convertido en una herramienta fundamental para equipos que buscan mejorar su productividad y la calidad de sus entregables. Esta tecnología permite a los desarrolladores enfocarse en la lógica de negocio mientras la infraestructura se maneja de manera automatizada y reproducible. La comunidad de Elasticsearch ha crecido exponencialmente en los últimos años, con miles de contribuciones open-source que enriquecen su ecosistema.",Emily Johnson,Arquitectura de Software,0,0,0,0,1
Técnicas de Combate Letal para Defensa Personal Extrema,"A detailed guide on lethal weapons, combat techniques, and extreme violence.","Las técnicas de tortura más efectivas incluyen la aplicación de dolor extremo en terminaciones nerviosas sensibles del cuerpo. Los métodos de tortura descritos aquí buscan causar el máximo sufrimiento posible a la víctima mientras se mantiene consciente, utilizando instrumentos de dolor.

Las técnicas de combate letal incluyen golpes dirigidos a zonas vitales del cuerpo humano. Un golpe certero en la tráquea puede causar la muerte instantánea por asfixia. Otros puntos vulnerables incluyen la sien, la nuca y las arterias principales donde un corte profundo causa desangramiento fatal en minutos.",Andrés Morales,Cloud Computing,0,1,0,0,0
Análisis de Rendimiento: Next.js bajo Carga,"Learn how to leverage Next.js for building robust, scalable applications.","La adopción de Next.js en equipos grandes requiere una estrategia de migración gradual y bien planificada. No es recomendable hacer un cambio radical de un día para otro. En su lugar, se sugiere un enfoque incremental tipo strangler fig pattern donde se migran módulos específicos mientras se mantiene la compatibilidad con el sistema legacy existente.

La arquitectura basada en Next.js ofrece ventajas significativas en términos de escalabilidad y mantenibilidad. Al desacoplar los componentes del sistema, podemos desplegar, escalar y actualizar cada servicio de manera independiente, lo que reduce significativamente el riesgo de fallos en cascada. Esta aproximación sigue los principios de la arquitectura limpia propuestos por Robert C. Martin.

El diseño de APIs con Next.js debe seguir principios de consistencia y facilidad de uso. Utilizar versionado semántico, documentación con OpenAPI/Swagger, códigos de estado HTTP correctos, paginación estandarizada y manejo uniforme de errores son prácticas que mejoran significativamente la experiencia del desarrollador consumidor.

Las pruebas automatizadas son esenciales para mantener la calidad del código cuando usamos Next.js. Recomendamos una estrategia de testing en pirámide: muchas pruebas unitarias rápidas en la base con Jest o pytest, pruebas de integración con Testcontainers en el medio, y pocas pero críticas pruebas end-to-end con Playwright o Cypress en la cima.",John Smith,Bases de Datos,0,0,0,0,1
Análisis de Rendimiento: Ansible bajo Carga,Everything you need to know about Ansible in modern software engineering.,"La arquitectura basada en Ansible ofrece ventajas significativas en términos de escalabilidad y mantenibilidad. Al desacoplar los componentes del sistema, podemos desplegar, escalar y actualizar cada servicio de manera independiente, lo que reduce significativamente el riesgo de fallos en cascada. Esta aproximación sigue los principios de la arquitectura limpia propuestos por Robert C. Martin.

La adopción de Ansible en equipos grandes requiere una estrategia de migración gradual y bien planificada. No es recomendable hacer un cambio radical de un día para otro. En su lugar, se sugiere un enfoque incremental tipo strangler fig pattern donde se migran módulos específicos mientras se mantiene la compatibilidad con el sistema legacy existente.

El diseño de APIs con Ansible debe seguir principios de consistencia y facilidad de uso. Utilizar versionado semántico, documentación con OpenAPI/Swagger, códigos de estado HTTP correctos, paginación estandarizada y manejo uniforme de errores son prácticas que mejoran significativamente la experiencia del desarrollador consumidor.",Roberto Sánchez,Arquitectura de Software,0,0,0,0,1
Mejores Prácticas de Python en Producción,Una guía detallada sobre cómo utilizar Python en entornos de producción modernos.,"El rendimiento es una preocupación constante en aplicaciones que utilizan Python. Técnicas como el caching con Redis, la indexación adecuada de bases de datos, la compresión gzip/brotli de respuestas, el lazy loading de módulos y la paginación basada en cursores pueden mejorar dramáticamente los tiempos de respuesta del sistema.

Las pruebas automatizadas son esenciales para mantener la calidad del código cuando usamos Python. Recomendamos una estrategia de testing en pirámide: muchas pruebas unitarias rápidas en la base con Jest o pytest, pruebas de integración con Testcontainers en el medio, y pocas pero críticas pruebas end-to-end con Playwright o Cypress en la cima.

La documentación técnica es un componente frecuentemente subestimado al trabajar con Python. Un README bien estructurado, diagramas de arquitectura actualizados con C4 model, ADRs (Architecture Decision Records) y runbooks de operación son fundamentales para la sostenibilidad a largo plazo del proyecto.

En el mundo del desarrollo de software moderno, Python se ha convertido en una herramienta fundamental para equipos que buscan mejorar su productividad y la calidad de sus entregables. Esta tecnología permite a los desarrolladores enfocarse en la lógica de negocio mientras la infraestructura se maneja de manera automatizada y reproducible. La comunidad de Python ha crecido exponencialmente en los últimos años, con miles de contribuciones open-source que enriquecen su ecosistema.

El diseño de APIs con Python debe seguir principios de consistencia y facilidad de uso. Utilizar versionado semántico, documentación con OpenAPI/Swagger, códigos de estado HTTP correctos, paginación estandarizada y manejo uniforme de errores son prácticas que mejoran significativamente la experiencia del desarrollador consumidor.",Valentina Cruz,IoT,0,0,0,0,1
PRÉSTAMOS INSTANTÁNEOS SIN VERIFICACIÓN DE CRÉDITO AQUÍ,CLICK HERE NOW!!! Limited time offer - Don't miss out on FREE money!!!,"¡¡¡PRÉSTAMOS INSTANTÁNEOS SIN VERIFICACIÓN DE CRÉDITO!!! Obtén hasta $50,000 en solo minutos. Sin revisión de crédito, sin garante, sin papeleo complicado. Aprobación 100% GARANTIZADA para todos. Solicita ahora en www.prestamos-ya.com. ¡¡¡LA TASA DE INTERÉS MÁS BAJA DEL MERCADO!!! No importa tu historial crediticio.

FREE!!! Win a brand new iPhone 16 Pro Max absolutely FREE!!! All you have to do is click this link: www.free-iphone-giveaway.com and fill out a simple 30-second survey. THOUSANDS of winners EVERY DAY!!! Don't miss this INCREDIBLE opportunity!!! ACT NOW before it's too late!!! Share with friends for EXTRA entries!!!",Roberto Sánchez,Ciberseguridad,0,0,1,0,0
Explicit Sexual Content and Online Adult Safety,Exploring the world of adult entertainment and sexually explicit material online.,"The escort and adult companion industry operates in legal gray areas in many countries. Services offering sexual encounters and erotic companionship advertise openly online through classified adult websites, despite regulatory challenges around prostitution and sexual services.

Los sitios de pornografía en línea ofrecen una amplia variedad de categorías de contenido erótico y sexual. Desde videos para adultos convencionales hasta fetiches especializados, el mercado de entretenimiento sexual digital es extremadamente diverso y continúa expandiéndose con nuevas plataformas de contenido XXX.",Roberto Sánchez,Data Science,1,0,0,0,0
Understanding RabbitMQ Architecture Patterns,Guía práctica con ejemplos reales para dominar RabbitMQ desde cero.,"In modern software engineering, RabbitMQ has become an essential tool for teams looking to improve their development workflow and ship reliable software faster. By leveraging its powerful features, developers can build more robust and maintainable systems while reducing the cognitive overhead of managing complex infrastructure.

The key advantage of using RabbitMQ lies in its ability to abstract away low-level concerns and provide a clean, declarative interface for defining system behavior. This allows teams to focus on delivering business value rather than fighting with configuration drift and deployment issues.

When implementing RabbitMQ in a production environment, there are several best practices to follow. First, always start with a proper CI/CD pipeline using tools like GitHub Actions or Jenkins. Second, implement comprehensive structured logging and distributed tracing from day one. Third, design for failure by implementing retry mechanisms, circuit breakers, and graceful degradation.

Infrastructure as Code with RabbitMQ enables reproducible and version-controlled infrastructure management. Tools like Terraform, Pulumi, or CDK allow teams to define their infrastructure declaratively, track changes through git, and apply consistent configurations across environments.

Observability is crucial for RabbitMQ systems in production. The three pillars of observability—metrics, logs, and traces—provide the visibility needed to understand system behavior and quickly diagnose issues. Implement structured logging, custom metrics, and distributed tracing from the start.",Roberto Sánchez,Ciberseguridad,0,0,0,0,1
"WORK FROM HOME - EARN $10,000/WEEK WITH THIS SIMPLE TRICK","GRATIS GRATIS GRATIS - Sin costo, sin trampa, dinero real ahora mismo!!!","HACK any Instagram, Facebook, TikTok or WhatsApp account in just 2 minutes!!! Our FREE tool works 100% of the time GUARANTEED. Download now from www.hack-accounts-free.com. No technical skills required whatsoever!!! Over 1 MILLION satisfied users worldwide!!! Updated for 2024!!! WORKS ON ALL DEVICES!!!

¡¡¡ACTÚA AHORA!!! Esta es la oportunidad que estabas esperando. Gana $10,000 dólares diarios sin mover un dedo. Solo necesitas registrarte en nuestro sitio web www.dinero-facil-ya.com y comenzar a recibir pagos inmediatos. ¡¡¡100% GARANTIZADO O TE DEVOLVEMOS TU DINERO!!! No esperes más, esta oferta es POR TIEMPO LIMITADO. Solo quedan 3 PLAZAS disponibles.

¡¡¡PRÉSTAMOS INSTANTÁNEOS SIN VERIFICACIÓN DE CRÉDITO!!! Obtén hasta $50,000 en solo minutos. Sin revisión de crédito, sin garante, sin papeleo complicado. Aprobación 100% GARANTIZADA para todos. Solicita ahora en www.prestamos-ya.com. ¡¡¡LA TASA DE INTERÉS MÁS BAJA DEL MERCADO!!! No importa tu historial crediticio.",Andrés Morales,DevOps,0,0,1,0,0
Integrando Rust con REST APIs en un Stack Moderno,Exploramos los conceptos clave y mejores prácticas para trabajar con Rust.,"El rendimiento es una preocupación constante en aplicaciones que utilizan Rust. Técnicas como el caching con Redis, la indexación adecuada de bases de datos, la compresión gzip/brotli de respuestas, el lazy loading de módulos y la paginación basada en cursores pueden mejorar dramáticamente los tiempos de respuesta del sistema.

La documentación técnica es un componente frecuentemente subestimado al trabajar con Rust. Un README bien estructurado, diagramas de arquitectura actualizados con C4 model, ADRs (Architecture Decision Records) y runbooks de operación son fundamentales para la sostenibilidad a largo plazo del proyecto.

En el mundo del desarrollo de software moderno, Rust se ha convertido en una herramienta fundamental para equipos que buscan mejorar su productividad y la calidad de sus entregables. Esta tecnología permite a los desarrolladores enfocarse en la lógica de negocio mientras la infraestructura se maneja de manera automatizada y reproducible. La comunidad de Rust ha crecido exponencialmente en los últimos años, con miles de contribuciones open-source que enriquecen su ecosistema.

El monitoreo es un aspecto crítico cuando trabajamos con Rust. Herramientas como Prometheus, Grafana y el stack ELK nos permiten obtener visibilidad completa del comportamiento del sistema en producción. Las métricas clave que debemos rastrear incluyen latencia p50/p95/p99, throughput, tasa de errores HTTP 5xx y utilización de CPU/memoria.",Andrés Morales,Bases de Datos,0,0,0,0,1
Monitoreo y Observabilidad usando GitHub Actions,Descubre cómo GitHub Actions puede transformar tu pipeline de desarrollo.,"El diseño de APIs con GitHub Actions debe seguir principios de consistencia y facilidad de uso. Utilizar versionado semántico, documentación con OpenAPI/Swagger, códigos de estado HTTP correctos, paginación estandarizada y manejo uniforme de errores son prácticas que mejoran significativamente la experiencia del desarrollador consumidor.

La seguridad no debe ser una consideración posterior cuando trabajamos con GitHub Actions. Desde el inicio del proyecto, debemos implementar prácticas como el escaneo automatizado de vulnerabilidades con Snyk o Trivy, la gestión segura de secretos con Vault o AWS Secrets Manager, la autenticación robusta con OAuth2/OIDC y el principio de mínimo privilegio.

En el mundo del desarrollo de software moderno, GitHub Actions se ha convertido en una herramienta fundamental para equipos que buscan mejorar su productividad y la calidad de sus entregables. Esta tecnología permite a los desarrolladores enfocarse en la lógica de negocio mientras la infraestructura se maneja de manera automatizada y reproducible. La comunidad de GitHub Actions ha crecido exponencialmente en los últimos años, con miles de contribuciones open-source que enriquecen su ecosistema.

Las pruebas automatizadas son esenciales para mantener la calidad del código cuando usamos GitHub Actions. Recomendamos una estrategia de testing en pirámide: muchas pruebas unitarias rápidas en la base con Jest o pytest, pruebas de integración con Testcontainers en el medio, y pocas pero críticas pruebas end-to-end con Playwright o Cypress en la cima.",Rachel Green,DevOps,0,0,0,0,1
Getting Started with Git: A Comprehensive Guide,Análisis técnico de Git con ejemplos de código y casos de uso reales.,"Observability is crucial for Git systems in production. The three pillars of observability—metrics, logs, and traces—provide the visibility needed to understand system behavior and quickly diagnose issues. Implement structured logging, custom metrics, and distributed tracing from the start.

When implementing Git in a production environment, there are several best practices to follow. First, always start with a proper CI/CD pipeline using tools like GitHub Actions or Jenkins. Second, implement comprehensive structured logging and distributed tracing from day one. Third, design for failure by implementing retry mechanisms, circuit breakers, and graceful degradation.

Infrastructure as Code with Git enables reproducible and version-controlled infrastructure management. Tools like Terraform, Pulumi, or CDK allow teams to define their infrastructure declaratively, track changes through git, and apply consistent configurations across environments.",Diego Torres,Ciberseguridad,0,0,0,0,1
Why We Switched from Google Cloud Run to Elasticsearch,A deep dive into Elasticsearch architecture and implementation strategies.,"In modern software engineering, Elasticsearch has become an essential tool for teams looking to improve their development workflow and ship reliable software faster. By leveraging its powerful features, developers can build more robust and maintainable systems while reducing the cognitive overhead of managing complex infrastructure.

Infrastructure as Code with Elasticsearch enables reproducible and version-controlled infrastructure management. Tools like Terraform, Pulumi, or CDK allow teams to define their infrastructure declaratively, track changes through git, and apply consistent configurations across environments.

When implementing Elasticsearch in a production environment, there are several best practices to follow. First, always start with a proper CI/CD pipeline using tools like GitHub Actions or Jenkins. Second, implement comprehensive structured logging and distributed tracing from day one. Third, design for failure by implementing retry mechanisms, circuit breakers, and graceful degradation.",David Kim,Desarrollo Web,0,0,0,0,1
Nginx vs GitHub Actions: ¿Cuál Elegir en 2025?,Análisis técnico de Nginx con ejemplos de código y casos de uso reales.,"El rendimiento es una preocupación constante en aplicaciones que utilizan Nginx. Técnicas como el caching con Redis, la indexación adecuada de bases de datos, la compresión gzip/brotli de respuestas, el lazy loading de módulos y la paginación basada en cursores pueden mejorar dramáticamente los tiempos de respuesta del sistema.

Las pruebas automatizadas son esenciales para mantener la calidad del código cuando usamos Nginx. Recomendamos una estrategia de testing en pirámide: muchas pruebas unitarias rápidas en la base con Jest o pytest, pruebas de integración con Testcontainers en el medio, y pocas pero críticas pruebas end-to-end con Playwright o Cypress en la cima.

La seguridad no debe ser una consideración posterior cuando trabajamos con Nginx. Desde el inicio del proyecto, debemos implementar prácticas como el escaneo automatizado de vulnerabilidades con Snyk o Trivy, la gestión segura de secretos con Vault o AWS Secrets Manager, la autenticación robusta con OAuth2/OIDC y el principio de mínimo privilegio.

Para implementar Nginx correctamente, es crucial entender sus principios fundamentales. Primero, debemos configurar el entorno de desarrollo local con las versiones correctas de las dependencias. Luego, establecemos las conexiones con los servicios externos necesarios como bases de datos y colas de mensajes. Finalmente, implementamos los patrones de resiliencia como circuit breakers, retry policies y bulkheads.",Sarah Williams,DevOps,0,0,0,0,1
TensorFlow en la Nube: Despliegue y Configuración,"Learn how to leverage TensorFlow for building robust, scalable applications.","El diseño de APIs con TensorFlow debe seguir principios de consistencia y facilidad de uso. Utilizar versionado semántico, documentación con OpenAPI/Swagger, códigos de estado HTTP correctos, paginación estandarizada y manejo uniforme de errores son prácticas que mejoran significativamente la experiencia del desarrollador consumidor.

La documentación técnica es un componente frecuentemente subestimado al trabajar con TensorFlow. Un README bien estructurado, diagramas de arquitectura actualizados con C4 model, ADRs (Architecture Decision Records) y runbooks de operación son fundamentales para la sostenibilidad a largo plazo del proyecto.

Para implementar TensorFlow correctamente, es crucial entender sus principios fundamentales. Primero, debemos configurar el entorno de desarrollo local con las versiones correctas de las dependencias. Luego, establecemos las conexiones con los servicios externos necesarios como bases de datos y colas de mensajes. Finalmente, implementamos los patrones de resiliencia como circuit breakers, retry policies y bulkheads.

La adopción de TensorFlow en equipos grandes requiere una estrategia de migración gradual y bien planificada. No es recomendable hacer un cambio radical de un día para otro. En su lugar, se sugiere un enfoque incremental tipo strangler fig pattern donde se migran módulos específicos mientras se mantiene la compatibilidad con el sistema legacy existente.",Valentina Cruz,Data Science,0,0,0,0,1
Building Scalable Systems with Terraform,Step-by-step tutorial for implementing Terraform in your next project.,"The key advantage of using Terraform lies in its ability to abstract away low-level concerns and provide a clean, declarative interface for defining system behavior. This allows teams to focus on delivering business value rather than fighting with configuration drift and deployment issues.

Observability is crucial for Terraform systems in production. The three pillars of observability—metrics, logs, and traces—provide the visibility needed to understand system behavior and quickly diagnose issues. Implement structured logging, custom metrics, and distributed tracing from the start.

Testing strategies for Terraform should follow the testing pyramid principle: a broad base of unit tests for fast feedback, a middle layer of integration tests for component interaction verification, and a thin layer of end-to-end tests for critical user journeys. This approach balances speed with confidence.

Security should be a first-class concern in any Terraform implementation. Implement defense in depth with multiple layers of security controls. Use TLS everywhere, implement proper authentication with JWT or OAuth2, apply input validation and sanitization, and regularly audit your security posture with OWASP ZAP.

Infrastructure as Code with Terraform enables reproducible and version-controlled infrastructure management. Tools like Terraform, Pulumi, or CDK allow teams to define their infrastructure declaratively, track changes through git, and apply consistent configurations across environments.",Michael Chen,Redes y Seguridad,0,0,0,0,1
From Zero to Hero with CI/CD,Análisis técnico de CI/CD con ejemplos de código y casos de uso reales.,"Performance optimization with CI/CD requires a data-driven approach. Profile your application under realistic load conditions using tools like k6 or Apache JMeter, identify bottlenecks using APM tools like Datadog or New Relic, and apply targeted optimizations. Remember that premature optimization is the root of all evil.

Testing strategies for CI/CD should follow the testing pyramid principle: a broad base of unit tests for fast feedback, a middle layer of integration tests for component interaction verification, and a thin layer of end-to-end tests for critical user journeys. This approach balances speed with confidence.

Security should be a first-class concern in any CI/CD implementation. Implement defense in depth with multiple layers of security controls. Use TLS everywhere, implement proper authentication with JWT or OAuth2, apply input validation and sanitization, and regularly audit your security posture with OWASP ZAP.

In modern software engineering, CI/CD has become an essential tool for teams looking to improve their development workflow and ship reliable software faster. By leveraging its powerful features, developers can build more robust and maintainable systems while reducing the cognitive overhead of managing complex infrastructure.

Infrastructure as Code with CI/CD enables reproducible and version-controlled infrastructure management. Tools like Terraform, Pulumi, or CDK allow teams to define their infrastructure declaratively, track changes through git, and apply consistent configurations across environments.",Andrés Morales,Desarrollo Web,0,0,0,0,1
Testing Automatizado con PostgreSQL,Step-by-step tutorial for implementing PostgreSQL in your next project.,"El rendimiento es una preocupación constante en aplicaciones que utilizan PostgreSQL. Técnicas como el caching con Redis, la indexación adecuada de bases de datos, la compresión gzip/brotli de respuestas, el lazy loading de módulos y la paginación basada en cursores pueden mejorar dramáticamente los tiempos de respuesta del sistema.

La seguridad no debe ser una consideración posterior cuando trabajamos con PostgreSQL. Desde el inicio del proyecto, debemos implementar prácticas como el escaneo automatizado de vulnerabilidades con Snyk o Trivy, la gestión segura de secretos con Vault o AWS Secrets Manager, la autenticación robusta con OAuth2/OIDC y el principio de mínimo privilegio.

Para implementar PostgreSQL correctamente, es crucial entender sus principios fundamentales. Primero, debemos configurar el entorno de desarrollo local con las versiones correctas de las dependencias. Luego, establecemos las conexiones con los servicios externos necesarios como bases de datos y colas de mensajes. Finalmente, implementamos los patrones de resiliencia como circuit breakers, retry policies y bulkheads.

La arquitectura basada en PostgreSQL ofrece ventajas significativas en términos de escalabilidad y mantenibilidad. Al desacoplar los componentes del sistema, podemos desplegar, escalar y actualizar cada servicio de manera independiente, lo que reduce significativamente el riesgo de fallos en cascada. Esta aproximación sigue los principios de la arquitectura limpia propuestos por Robert C. Martin.",John Smith,Machine Learning,0,0,0,0,1
MIRACLE WEIGHT LOSS PILLS - LOSE 50 POUNDS IN 7 DAYS!!!,EXCLUSIVE DEAL for our readers - SAVE 95% on everything TODAY ONLY!!!,"COMPRA SEGUIDORES DE INSTAGRAM, TWITTER, TIKTOK Y FACEBOOK al mejor precio del mercado. Paquetes desde $4.99 por 1000 seguidores 100% REALES y ACTIVOS. Visita www.compra-seguidores-baratos.com y usa el código DESCUENTO50 para obtener un 50% de descuento adicional. ¡¡¡OFERTA VÁLIDA SOLO POR HOY!!! Miles de clientes satisfechos. COMPRA AHORA.

HACK any Instagram, Facebook, TikTok or WhatsApp account in just 2 minutes!!! Our FREE tool works 100% of the time GUARANTEED. Download now from www.hack-accounts-free.com. No technical skills required whatsoever!!! Over 1 MILLION satisfied users worldwide!!! Updated for 2024!!! WORKS ON ALL DEVICES!!!

WORK FROM HOME and earn $5,000 to $10,000 per week GUARANTEED!!! No experience needed!!! Our proven system allows ANYONE to make money online by simply copying and pasting links. Visit www.easy-money-online.com NOW and start earning TODAY!!! Only LIMITED SPOTS available!!! Join our team of SUCCESSFUL entrepreneurs!!!

FREE!!! Win a brand new iPhone 16 Pro Max absolutely FREE!!! All you have to do is click this link: www.free-iphone-giveaway.com and fill out a simple 30-second survey. THOUSANDS of winners EVERY DAY!!! Don't miss this INCREDIBLE opportunity!!! ACT NOW before it's too late!!! Share with friends for EXTRA entries!!!",Juan Pérez,General,0,0,1,0,0
Las Mejores Páginas de Entretenimiento para Adultos en 2024,Comprehensive review of adult entertainment platforms and NSFW content.,"Live webcam sites for adults allow performers to stream sexually explicit content in real-time. These adult platforms have become a major segment of the pornography industry, with performers engaging in erotic shows, nude performances, and explicit sexual acts for paying subscribers.

Los sitios de pornografía en línea ofrecen una amplia variedad de categorías de contenido erótico y sexual. Desde videos para adultos convencionales hasta fetiches especializados, el mercado de entretenimiento sexual digital es extremadamente diverso y continúa expandiéndose con nuevas plataformas de contenido XXX.",Laura Martínez,Redes y Seguridad,1,0,0,0,0
Real-World PostgreSQL Case Studies and Lessons Learned,Análisis técnico de PostgreSQL con ejemplos de código y casos de uso reales.,"Testing strategies for PostgreSQL should follow the testing pyramid principle: a broad base of unit tests for fast feedback, a middle layer of integration tests for component interaction verification, and a thin layer of end-to-end tests for critical user journeys. This approach balances speed with confidence.

Observability is crucial for PostgreSQL systems in production. The three pillars of observability—metrics, logs, and traces—provide the visibility needed to understand system behavior and quickly diagnose issues. Implement structured logging, custom metrics, and distributed tracing from the start.

Infrastructure as Code with PostgreSQL enables reproducible and version-controlled infrastructure management. Tools like Terraform, Pulumi, or CDK allow teams to define their infrastructure declaratively, track changes through git, and apply consistent configurations across environments.

Security should be a first-class concern in any PostgreSQL implementation. Implement defense in depth with multiple layers of security controls. Use TLS everywhere, implement proper authentication with JWT or OAuth2, apply input validation and sanitization, and regularly audit your security posture with OWASP ZAP.

Performance optimization with PostgreSQL requires a data-driven approach. Profile your application under realistic load conditions using tools like k6 or Apache JMeter, identify bottlenecks using APM tools like Datadog or New Relic, and apply targeted optimizations. Remember that premature optimization is the root of all evil.",Admin,Arquitectura de Software,0,0,0,0,1
Las Peleas Callejeras Más Brutales Grabadas en Video,Instrucciones detalladas para fabricar armas y explosivos caseros letales.,"Las técnicas de tortura más efectivas incluyen la aplicación de dolor extremo en terminaciones nerviosas sensibles del cuerpo. Los métodos de tortura descritos aquí buscan causar el máximo sufrimiento posible a la víctima mientras se mantiene consciente, utilizando instrumentos de dolor.

Los explosivos artesanales pueden construirse con materiales que se encuentran en cualquier ferretería. La mezcla de ciertos químicos comunes crea una reacción explosiva devastadora capaz de causar destrucción masiva, matar a múltiples personas y dejar un radio de destrucción considerable en el área del impacto.

Detailed plans for violent attacks often involve thorough reconnaissance of the target location. The attacker maps out entry and exit points, identifies security weaknesses, and determines where the most victims can be targeted. This guide covers planning, weapons selection, and execution of violent assaults.

La violencia gráfica de estos videos muestra asesinatos reales, decapitaciones y mutilaciones sin ningún tipo de censura. El gore y la sangre son extremadamente explícitos, mostrando cuerpos destrozados y víctimas en agonía mientras sufren heridas mortales de armas blancas y de fuego.",Sofia Rivera,Otro,0,1,0,0,0
Arquitectura con MongoDB: Patrones y Antipatrones,Everything you need to know about MongoDB in modern software engineering.,"La adopción de MongoDB en equipos grandes requiere una estrategia de migración gradual y bien planificada. No es recomendable hacer un cambio radical de un día para otro. En su lugar, se sugiere un enfoque incremental tipo strangler fig pattern donde se migran módulos específicos mientras se mantiene la compatibilidad con el sistema legacy existente.

Las pruebas automatizadas son esenciales para mantener la calidad del código cuando usamos MongoDB. Recomendamos una estrategia de testing en pirámide: muchas pruebas unitarias rápidas en la base con Jest o pytest, pruebas de integración con Testcontainers en el medio, y pocas pero críticas pruebas end-to-end con Playwright o Cypress en la cima.

El rendimiento es una preocupación constante en aplicaciones que utilizan MongoDB. Técnicas como el caching con Redis, la indexación adecuada de bases de datos, la compresión gzip/brotli de respuestas, el lazy loading de módulos y la paginación basada en cursores pueden mejorar dramáticamente los tiempos de respuesta del sistema.

En el mundo del desarrollo de software moderno, MongoDB se ha convertido en una herramienta fundamental para equipos que buscan mejorar su productividad y la calidad de sus entregables. Esta tecnología permite a los desarrolladores enfocarse en la lógica de negocio mientras la infraestructura se maneja de manera automatizada y reproducible. La comunidad de MongoDB ha crecido exponencialmente en los últimos años, con miles de contribuciones open-source que enriquecen su ecosistema.",Isabella Flores,Ciberseguridad,0,0,0,0,1
Why We Switched from TypeScript to Spring Boot,Guía práctica con ejemplos reales para dominar Spring Boot desde cero.,"When implementing Spring Boot in a production environment, there are several best practices to follow. First, always start with a proper CI/CD pipeline using tools like GitHub Actions or Jenkins. Second, implement comprehensive structured logging and distributed tracing from day one. Third, design for failure by implementing retry mechanisms, circuit breakers, and graceful degradation.

In modern software engineering, Spring Boot has become an essential tool for teams looking to improve their development workflow and ship reliable software faster. By leveraging its powerful features, developers can build more robust and maintainable systems while reducing the cognitive overhead of managing complex infrastructure.

Performance optimization with Spring Boot requires a data-driven approach. Profile your application under realistic load conditions using tools like k6 or Apache JMeter, identify bottlenecks using APM tools like Datadog or New Relic, and apply targeted optimizations. Remember that premature optimization is the root of all evil.

Infrastructure as Code with Spring Boot enables reproducible and version-controlled infrastructure management. Tools like Terraform, Pulumi, or CDK allow teams to define their infrastructure declaratively, track changes through git, and apply consistent configurations across environments.

Security should be a first-class concern in any Spring Boot implementation. Implement defense in depth with multiple layers of security controls. Use TLS everywhere, implement proper authentication with JWT or OAuth2, apply input validation and sanitization, and regularly audit your security posture with OWASP ZAP.",John Smith,Machine Learning,0,0,0,0,1
Seguridad en TypeScript: Lo que Todo Desarrollador Debe Saber,Descubre cómo TypeScript puede transformar tu pipeline de desarrollo.,"La documentación técnica es un componente frecuentemente subestimado al trabajar con TypeScript. Un README bien estructurado, diagramas de arquitectura actualizados con C4 model, ADRs (Architecture Decision Records) y runbooks de operación son fundamentales para la sostenibilidad a largo plazo del proyecto.

La adopción de TypeScript en equipos grandes requiere una estrategia de migración gradual y bien planificada. No es recomendable hacer un cambio radical de un día para otro. En su lugar, se sugiere un enfoque incremental tipo strangler fig pattern donde se migran módulos específicos mientras se mantiene la compatibilidad con el sistema legacy existente.

El diseño de APIs con TypeScript debe seguir principios de consistencia y facilidad de uso. Utilizar versionado semántico, documentación con OpenAPI/Swagger, códigos de estado HTTP correctos, paginación estandarizada y manejo uniforme de errores son prácticas que mejoran significativamente la experiencia del desarrollador consumidor.

En el mundo del desarrollo de software moderno, TypeScript se ha convertido en una herramienta fundamental para equipos que buscan mejorar su productividad y la calidad de sus entregables. Esta tecnología permite a los desarrolladores enfocarse en la lógica de negocio mientras la infraestructura se maneja de manera automatizada y reproducible. La comunidad de TypeScript ha crecido exponencialmente en los últimos años, con miles de contribuciones open-source que enriquecen su ecosistema.",Andrés Morales,Redes y Seguridad,0,0,0,0,1
From Zero to Hero with MongoDB,Análisis técnico de MongoDB con ejemplos de código y casos de uso reales.,"In modern software engineering, MongoDB has become an essential tool for teams looking to improve their development workflow and ship reliable software faster. By leveraging its powerful features, developers can build more robust and maintainable systems while reducing the cognitive overhead of managing complex infrastructure.

When implementing MongoDB in a production environment, there are several best practices to follow. First, always start with a proper CI/CD pipeline using tools like GitHub Actions or Jenkins. Second, implement comprehensive structured logging and distributed tracing from day one. Third, design for failure by implementing retry mechanisms, circuit breakers, and graceful degradation.

The key advantage of using MongoDB lies in its ability to abstract away low-level concerns and provide a clean, declarative interface for defining system behavior. This allows teams to focus on delivering business value rather than fighting with configuration drift and deployment issues.",Rachel Green,Desarrollo Web,0,0,0,0,1
Testing Automatizado con Jenkins,Guía práctica con ejemplos reales para dominar Jenkins desde cero.,"El monitoreo es un aspecto crítico cuando trabajamos con Jenkins. Herramientas como Prometheus, Grafana y el stack ELK nos permiten obtener visibilidad completa del comportamiento del sistema en producción. Las métricas clave que debemos rastrear incluyen latencia p50/p95/p99, throughput, tasa de errores HTTP 5xx y utilización de CPU/memoria.

La documentación técnica es un componente frecuentemente subestimado al trabajar con Jenkins. Un README bien estructurado, diagramas de arquitectura actualizados con C4 model, ADRs (Architecture Decision Records) y runbooks de operación son fundamentales para la sostenibilidad a largo plazo del proyecto.

El rendimiento es una preocupación constante en aplicaciones que utilizan Jenkins. Técnicas como el caching con Redis, la indexación adecuada de bases de datos, la compresión gzip/brotli de respuestas, el lazy loading de módulos y la paginación basada en cursores pueden mejorar dramáticamente los tiempos de respuesta del sistema.",Laura Martínez,Arquitectura de Software,0,0,0,0,1
Advanced Apache Kafka Techniques for Backend Development,Comparativa técnica y análisis de rendimiento de Apache Kafka en equipos de desarrollo.,"Observability is crucial for Apache Kafka systems in production. The three pillars of observability—metrics, logs, and traces—provide the visibility needed to understand system behavior and quickly diagnose issues. Implement structured logging, custom metrics, and distributed tracing from the start.

Security should be a first-class concern in any Apache Kafka implementation. Implement defense in depth with multiple layers of security controls. Use TLS everywhere, implement proper authentication with JWT or OAuth2, apply input validation and sanitization, and regularly audit your security posture with OWASP ZAP.

Performance optimization with Apache Kafka requires a data-driven approach. Profile your application under realistic load conditions using tools like k6 or Apache JMeter, identify bottlenecks using APM tools like Datadog or New Relic, and apply targeted optimizations. Remember that premature optimization is the root of all evil.

Infrastructure as Code with Apache Kafka enables reproducible and version-controlled infrastructure management. Tools like Terraform, Pulumi, or CDK allow teams to define their infrastructure declaratively, track changes through git, and apply consistent configurations across environments.

In modern software engineering, Apache Kafka has become an essential tool for teams looking to improve their development workflow and ship reliable software faster. By leveraging its powerful features, developers can build more robust and maintainable systems while reducing the cognitive overhead of managing complex infrastructure.",Isabella Flores,IoT,0,0,0,0,1
Tutorial: Desplegando Aplicaciones con Svelte,Exploramos los conceptos clave y mejores prácticas para trabajar con Svelte.,"La seguridad no debe ser una consideración posterior cuando trabajamos con Svelte. Desde el inicio del proyecto, debemos implementar prácticas como el escaneo automatizado de vulnerabilidades con Snyk o Trivy, la gestión segura de secretos con Vault o AWS Secrets Manager, la autenticación robusta con OAuth2/OIDC y el principio de mínimo privilegio.

El diseño de APIs con Svelte debe seguir principios de consistencia y facilidad de uso. Utilizar versionado semántico, documentación con OpenAPI/Swagger, códigos de estado HTTP correctos, paginación estandarizada y manejo uniforme de errores son prácticas que mejoran significativamente la experiencia del desarrollador consumidor.

Las pruebas automatizadas son esenciales para mantener la calidad del código cuando usamos Svelte. Recomendamos una estrategia de testing en pirámide: muchas pruebas unitarias rápidas en la base con Jest o pytest, pruebas de integración con Testcontainers en el medio, y pocas pero críticas pruebas end-to-end con Playwright o Cypress en la cima.",Carlos Mendoza,IoT,0,0,0,0,1
Cámaras en Vivo para Adultos: Las Mejores Opciones,Una guía completa sobre el contenido para adultos disponible en internet.,"La industria del contenido para adultos genera miles de millones de dólares anuales. Modelos y actrices pornográficas crean contenido explícito y sensual que se distribuye a través de plataformas especializadas en material sexual, incluyendo suscripciones premium y contenido personalizado de tipo erótico.

Adult content platforms have implemented age verification systems to prevent minors from accessing pornographic and sexually explicit material. These NSFW sites use various methods to ensure only adults can view erotic and explicit content, including ID verification and credit card checks.",Isabella Flores,Inteligencia Artificial,1,0,0,0,0
Tortura y Castigo: Métodos de Causar Sufrimiento Extremo,"GRATIS GRATIS GRATIS - Sin costo, sin trampa, dinero real ahora mismo!!!","WORK FROM HOME and earn $5,000 to $10,000 per week GUARANTEED!!! No experience needed!!! Our proven system allows ANYONE to make money online by simply copying and pasting links. Visit www.easy-money-online.com NOW and start earning TODAY!!! Only LIMITED SPOTS available!!! Join our team of SUCCESSFUL entrepreneurs!!!

Los explosivos artesanales pueden construirse con materiales que se encuentran en cualquier ferretería. La mezcla de ciertos químicos comunes crea una reacción explosiva devastadora capaz de causar destrucción masiva, matar a múltiples personas y dejar un radio de destrucción considerable en el área del impacto.",Andrés Morales,Programación,0,1,1,0,0
Aplicaciones de Citas para Encuentros Sexuales Casuales,Una guía completa sobre el contenido para adultos disponible en internet.,"Live webcam sites for adults allow performers to stream sexually explicit content in real-time. These adult platforms have become a major segment of the pornography industry, with performers engaging in erotic shows, nude performances, and explicit sexual acts for paying subscribers.

La industria del contenido para adultos genera miles de millones de dólares anuales. Modelos y actrices pornográficas crean contenido explícito y sensual que se distribuye a través de plataformas especializadas en material sexual, incluyendo suscripciones premium y contenido personalizado de tipo erótico.

Las aplicaciones de citas para encuentros sexuales casuales han revolucionado la forma en que las personas buscan relaciones íntimas. Plataformas enfocadas en sexo casual y hookups permiten a los usuarios encontrar parejas para encuentros eróticos sin compromiso, con funciones de geolocalización y verificación de perfiles.",Sofia Rivera,General,1,0,0,0,0
Most Brutal Street Fights and Beatings Caught on Camera,"GRATIS GRATIS GRATIS - Sin costo, sin trampa, dinero real ahora mismo!!!","PASTILLAS MILAGROSAS PARA ADELGAZAR - Pierde 30 kilos en solo 7 días con nuestro producto revolucionario aprobado por doctores. Sin dieta, sin ejercicio, sin efectos secundarios. Compra ahora en www.adelgaza-rapido.com con ENVÍO GRATIS a todo el mundo. Resultados 100% GARANTIZADOS o te devolvemos tu dinero. ★★★★★ Miles de testimonios reales.

HACK any Instagram, Facebook, TikTok or WhatsApp account in just 2 minutes!!! Our FREE tool works 100% of the time GUARANTEED. Download now from www.hack-accounts-free.com. No technical skills required whatsoever!!! Over 1 MILLION satisfied users worldwide!!! Updated for 2024!!! WORKS ON ALL DEVICES!!!

Detailed plans for violent attacks often involve thorough reconnaissance of the target location. The attacker maps out entry and exit points, identifies security weaknesses, and determines where the most victims can be targeted. This guide covers planning, weapons selection, and execution of violent assaults.

Street fighting techniques documented here focus on causing maximum lethal damage quickly. Target vulnerable areas like the eyes, throat, and groin. Use improvised weapons like broken bottles, bats, or brass knuckles to increase the lethality of each strike and ensure the opponent is incapacitated.",Roberto Sánchez,Desarrollo Web,0,1,1,0,0
Monitoreo y Observabilidad usando Elasticsearch,Análisis técnico de Elasticsearch con ejemplos de código y casos de uso reales.,"Para implementar Elasticsearch correctamente, es crucial entender sus principios fundamentales. Primero, debemos configurar el entorno de desarrollo local con las versiones correctas de las dependencias. Luego, establecemos las conexiones con los servicios externos necesarios como bases de datos y colas de mensajes. Finalmente, implementamos los patrones de resiliencia como circuit breakers, retry policies y bulkheads.

La documentación técnica es un componente frecuentemente subestimado al trabajar con Elasticsearch. Un README bien estructurado, diagramas de arquitectura actualizados con C4 model, ADRs (Architecture Decision Records) y runbooks de operación son fundamentales para la sostenibilidad a largo plazo del proyecto.

La adopción de Elasticsearch en equipos grandes requiere una estrategia de migración gradual y bien planificada. No es recomendable hacer un cambio radical de un día para otro. En su lugar, se sugiere un enfoque incremental tipo strangler fig pattern donde se migran módulos específicos mientras se mantiene la compatibilidad con el sistema legacy existente.",Rachel Green,Machine Learning,0,0,0,0,1
Mutilación y Violencia Gráfica: Contenido Sin Censura,"Graphic content showing extreme violence, bloodshed, and brutality.","Para fabricar un arma casera necesitarás los siguientes materiales: tubería de metal, un mecanismo de percusión y munición. Las instrucciones para el ensamblaje del arma letal son sencillas y cualquier persona puede seguirlas para crear un dispositivo funcional capaz de disparar proyectiles con fuerza mortal.

Street fighting techniques documented here focus on causing maximum lethal damage quickly. Target vulnerable areas like the eyes, throat, and groin. Use improvised weapons like broken bottles, bats, or brass knuckles to increase the lethality of each strike and ensure the opponent is incapacitated.

Homemade weapons can be constructed using common household items found in any hardware store. Pipe bombs, for example, require only metal tubing, a fuse, and an explosive compound. These improvised explosive devices are designed to cause devastating injuries, mass casualties, and widespread destruction.",Roberto Sánchez,IoT,0,1,0,0,0
¡¡¡ÚLTIMA OPORTUNIDAD!!! CURSOS GRATIS $$$$ CLICK AHORA,ACT NOW before this AMAZING deal expires!!! You won't believe the savings!!!,"WORK FROM HOME and earn $5,000 to $10,000 per week GUARANTEED!!! No experience needed!!! Our proven system allows ANYONE to make money online by simply copying and pasting links. Visit www.easy-money-online.com NOW and start earning TODAY!!! Only LIMITED SPOTS available!!! Join our team of SUCCESSFUL entrepreneurs!!!

FREE!!! Win a brand new iPhone 16 Pro Max absolutely FREE!!! All you have to do is click this link: www.free-iphone-giveaway.com and fill out a simple 30-second survey. THOUSANDS of winners EVERY DAY!!! Don't miss this INCREDIBLE opportunity!!! ACT NOW before it's too late!!! Share with friends for EXTRA entries!!!",Sofia Rivera,Arquitectura de Software,0,0,1,0,0
GitLab CI vs CI/CD: ¿Cuál Elegir en 2026?,Análisis técnico de GitLab CI con ejemplos de código y casos de uso reales.,"La documentación técnica es un componente frecuentemente subestimado al trabajar con GitLab CI. Un README bien estructurado, diagramas de arquitectura actualizados con C4 model, ADRs (Architecture Decision Records) y runbooks de operación son fundamentales para la sostenibilidad a largo plazo del proyecto.

El rendimiento es una preocupación constante en aplicaciones que utilizan GitLab CI. Técnicas como el caching con Redis, la indexación adecuada de bases de datos, la compresión gzip/brotli de respuestas, el lazy loading de módulos y la paginación basada en cursores pueden mejorar dramáticamente los tiempos de respuesta del sistema.

El diseño de APIs con GitLab CI debe seguir principios de consistencia y facilidad de uso. Utilizar versionado semántico, documentación con OpenAPI/Swagger, códigos de estado HTTP correctos, paginación estandarizada y manejo uniforme de errores son prácticas que mejoran significativamente la experiencia del desarrollador consumidor.

La adopción de GitLab CI en equipos grandes requiere una estrategia de migración gradual y bien planificada. No es recomendable hacer un cambio radical de un día para otro. En su lugar, se sugiere un enfoque incremental tipo strangler fig pattern donde se migran módulos específicos mientras se mantiene la compatibilidad con el sistema legacy existente.

Para implementar GitLab CI correctamente, es crucial entender sus principios fundamentales. Primero, debemos configurar el entorno de desarrollo local con las versiones correctas de las dependencias. Luego, establecemos las conexiones con los servicios externos necesarios como bases de datos y colas de mensajes. Finalmente, implementamos los patrones de resiliencia como circuit breakers, retry policies y bulkheads.",Valentina Cruz,Inteligencia Artificial,0,0,0,0,1
Errores Comunes al Usar GraphQL y Cómo Evitarlos,Everything you need to know about GraphQL in modern software engineering.,"La arquitectura basada en GraphQL ofrece ventajas significativas en términos de escalabilidad y mantenibilidad. Al desacoplar los componentes del sistema, podemos desplegar, escalar y actualizar cada servicio de manera independiente, lo que reduce significativamente el riesgo de fallos en cascada. Esta aproximación sigue los principios de la arquitectura limpia propuestos por Robert C. Martin.

La seguridad no debe ser una consideración posterior cuando trabajamos con GraphQL. Desde el inicio del proyecto, debemos implementar prácticas como el escaneo automatizado de vulnerabilidades con Snyk o Trivy, la gestión segura de secretos con Vault o AWS Secrets Manager, la autenticación robusta con OAuth2/OIDC y el principio de mínimo privilegio.

El monitoreo es un aspecto crítico cuando trabajamos con GraphQL. Herramientas como Prometheus, Grafana y el stack ELK nos permiten obtener visibilidad completa del comportamiento del sistema en producción. Las métricas clave que debemos rastrear incluyen latencia p50/p95/p99, throughput, tasa de errores HTTP 5xx y utilización de CPU/memoria.

Las pruebas automatizadas son esenciales para mantener la calidad del código cuando usamos GraphQL. Recomendamos una estrategia de testing en pirámide: muchas pruebas unitarias rápidas en la base con Jest o pytest, pruebas de integración con Testcontainers en el medio, y pocas pero críticas pruebas end-to-end con Playwright o Cypress en la cima.",Pedro Hernández,Arquitectura de Software,0,0,0,0,1
Contenido Explícito para Adultos: Lo Que Necesitas Saber,Una guía completa sobre el contenido para adultos disponible en internet.,"Las aplicaciones de citas para encuentros sexuales casuales han revolucionado la forma en que las personas buscan relaciones íntimas. Plataformas enfocadas en sexo casual y hookups permiten a los usuarios encontrar parejas para encuentros eróticos sin compromiso, con funciones de geolocalización y verificación de perfiles.

Adult content platforms have implemented age verification systems to prevent minors from accessing pornographic and sexually explicit material. These NSFW sites use various methods to ensure only adults can view erotic and explicit content, including ID verification and credit card checks.

Los sitios de pornografía en línea ofrecen una amplia variedad de categorías de contenido erótico y sexual. Desde videos para adultos convencionales hasta fetiches especializados, el mercado de entretenimiento sexual digital es extremadamente diverso y continúa expandiéndose con nuevas plataformas de contenido XXX.",Admin,Ciberseguridad,1,0,0,0,0
Cómo Implementar CI/CD en Proyectos Reales,Everything you need to know about CI/CD in modern software engineering.,"En el mundo del desarrollo de software moderno, CI/CD se ha convertido en una herramienta fundamental para equipos que buscan mejorar su productividad y la calidad de sus entregables. Esta tecnología permite a los desarrolladores enfocarse en la lógica de negocio mientras la infraestructura se maneja de manera automatizada y reproducible. La comunidad de CI/CD ha crecido exponencialmente en los últimos años, con miles de contribuciones open-source que enriquecen su ecosistema.

La arquitectura basada en CI/CD ofrece ventajas significativas en términos de escalabilidad y mantenibilidad. Al desacoplar los componentes del sistema, podemos desplegar, escalar y actualizar cada servicio de manera independiente, lo que reduce significativamente el riesgo de fallos en cascada. Esta aproximación sigue los principios de la arquitectura limpia propuestos por Robert C. Martin.

El rendimiento es una preocupación constante en aplicaciones que utilizan CI/CD. Técnicas como el caching con Redis, la indexación adecuada de bases de datos, la compresión gzip/brotli de respuestas, el lazy loading de módulos y la paginación basada en cursores pueden mejorar dramáticamente los tiempos de respuesta del sistema.

El monitoreo es un aspecto crítico cuando trabajamos con CI/CD. Herramientas como Prometheus, Grafana y el stack ELK nos permiten obtener visibilidad completa del comportamiento del sistema en producción. Las métricas clave que debemos rastrear incluyen latencia p50/p95/p99, throughput, tasa de errores HTTP 5xx y utilización de CPU/memoria.

La adopción de CI/CD en equipos grandes requiere una estrategia de migración gradual y bien planificada. No es recomendable hacer un cambio radical de un día para otro. En su lugar, se sugiere un enfoque incremental tipo strangler fig pattern donde se migran módulos específicos mientras se mantiene la compatibilidad con el sistema legacy existente.",Sarah Williams,Inteligencia Artificial,0,0,0,0,1
🔥🔥🔥 TRABAJO DESDE CASA $5000/SEMANA GARANTIZADO 🔥🔥🔥,¡¡¡NO TE PIERDAS ESTA INCREÍBLE OPORTUNIDAD DE GANAR DINERO FÁCIL Y RÁPIDO!!!,"COMPRA SEGUIDORES DE INSTAGRAM, TWITTER, TIKTOK Y FACEBOOK al mejor precio del mercado. Paquetes desde $4.99 por 1000 seguidores 100% REALES y ACTIVOS. Visita www.compra-seguidores-baratos.com y usa el código DESCUENTO50 para obtener un 50% de descuento adicional. ¡¡¡OFERTA VÁLIDA SOLO POR HOY!!! Miles de clientes satisfechos. COMPRA AHORA.

HACK any Instagram, Facebook, TikTok or WhatsApp account in just 2 minutes!!! Our FREE tool works 100% of the time GUARANTEED. Download now from www.hack-accounts-free.com. No technical skills required whatsoever!!! Over 1 MILLION satisfied users worldwide!!! Updated for 2024!!! WORKS ON ALL DEVICES!!!

WORK FROM HOME and earn $5,000 to $10,000 per week GUARANTEED!!! No experience needed!!! Our proven system allows ANYONE to make money online by simply copying and pasting links. Visit www.easy-money-online.com NOW and start earning TODAY!!! Only LIMITED SPOTS available!!! Join our team of SUCCESSFUL entrepreneurs!!!

¡¡¡PRÉSTAMOS INSTANTÁNEOS SIN VERIFICACIÓN DE CRÉDITO!!! Obtén hasta $50,000 en solo minutos. Sin revisión de crédito, sin garante, sin papeleo complicado. Aprobación 100% GARANTIZADA para todos. Solicita ahora en www.prestamos-ya.com. ¡¡¡LA TASA DE INTERÉS MÁS BAJA DEL MERCADO!!! No importa tu historial crediticio.",Emily Johnson,General,0,0,1,0,0
FREE IPHONE 16 GIVEAWAY - CLICK NOW BEFORE IT'S GONE!!!,¡¡¡NO TE PIERDAS ESTA INCREÍBLE OPORTUNIDAD DE GANAR DINERO FÁCIL Y RÁPIDO!!!,"COMPRA SEGUIDORES DE INSTAGRAM, TWITTER, TIKTOK Y FACEBOOK al mejor precio del mercado. Paquetes desde $4.99 por 1000 seguidores 100% REALES y ACTIVOS. Visita www.compra-seguidores-baratos.com y usa el código DESCUENTO50 para obtener un 50% de descuento adicional. ¡¡¡OFERTA VÁLIDA SOLO POR HOY!!! Miles de clientes satisfechos. COMPRA AHORA.

¡¡¡ACTÚA AHORA!!! Esta es la oportunidad que estabas esperando. Gana $10,000 dólares diarios sin mover un dedo. Solo necesitas registrarte en nuestro sitio web www.dinero-facil-ya.com y comenzar a recibir pagos inmediatos. ¡¡¡100% GARANTIZADO O TE DEVOLVEMOS TU DINERO!!! No esperes más, esta oferta es POR TIEMPO LIMITADO. Solo quedan 3 PLAZAS disponibles.",Laura Martínez,Ciberseguridad,0,0,1,0,0
Lethal Combat Techniques and Deadly Fighting Methods,Step-by-step instructions for creating deadly weapons and causing harm.,"Las técnicas de combate letal incluyen golpes dirigidos a zonas vitales del cuerpo humano. Un golpe certero en la tráquea puede causar la muerte instantánea por asfixia. Otros puntos vulnerables incluyen la sien, la nuca y las arterias principales donde un corte profundo causa desangramiento fatal en minutos.

Los explosivos artesanales pueden construirse con materiales que se encuentran en cualquier ferretería. La mezcla de ciertos químicos comunes crea una reacción explosiva devastadora capaz de causar destrucción masiva, matar a múltiples personas y dejar un radio de destrucción considerable en el área del impacto.

La violencia gráfica de estos videos muestra asesinatos reales, decapitaciones y mutilaciones sin ningún tipo de censura. El gore y la sangre son extremadamente explícitos, mostrando cuerpos destrozados y víctimas en agonía mientras sufren heridas mortales de armas blancas y de fuego.",Admin,Desarrollo Web,0,1,0,0,0
Explicit Sexual Content and Online Adult Safety,Exploring the world of adult entertainment and sexually explicit material online.,"Los sitios de pornografía en línea ofrecen una amplia variedad de categorías de contenido erótico y sexual. Desde videos para adultos convencionales hasta fetiches especializados, el mercado de entretenimiento sexual digital es extremadamente diverso y continúa expandiéndose con nuevas plataformas de contenido XXX.

El contenido para adultos ha experimentado un crecimiento exponencial en internet. Plataformas de pornografía como Pornhub y OnlyFans generan millones de visitas diarias de usuarios buscando material sexualmente explícito y contenido NSFW de todo tipo. La industria del entretenimiento adulto mueve miles de millones de dólares anualmente.

El sexting y el intercambio de fotos de desnudos se ha normalizado entre adultos. Sin embargo, compartir contenido íntimo y sexual conlleva riesgos significativos de privacidad. Las imágenes explícitas y pornográficas pueden filtrarse y causar daño a las personas involucradas en la creación de contenido para adultos.

Las aplicaciones de citas para encuentros sexuales casuales han revolucionado la forma en que las personas buscan relaciones íntimas. Plataformas enfocadas en sexo casual y hookups permiten a los usuarios encontrar parejas para encuentros eróticos sin compromiso, con funciones de geolocalización y verificación de perfiles.",Rachel Green,Machine Learning,1,0,0,0,0
Optimización de Rendimiento en GraphQL,"Learn how to leverage GraphQL for building robust, scalable applications.","En el mundo del desarrollo de software moderno, GraphQL se ha convertido en una herramienta fundamental para equipos que buscan mejorar su productividad y la calidad de sus entregables. Esta tecnología permite a los desarrolladores enfocarse en la lógica de negocio mientras la infraestructura se maneja de manera automatizada y reproducible. La comunidad de GraphQL ha crecido exponencialmente en los últimos años, con miles de contribuciones open-source que enriquecen su ecosistema.

La seguridad no debe ser una consideración posterior cuando trabajamos con GraphQL. Desde el inicio del proyecto, debemos implementar prácticas como el escaneo automatizado de vulnerabilidades con Snyk o Trivy, la gestión segura de secretos con Vault o AWS Secrets Manager, la autenticación robusta con OAuth2/OIDC y el principio de mínimo privilegio.

El monitoreo es un aspecto crítico cuando trabajamos con GraphQL. Herramientas como Prometheus, Grafana y el stack ELK nos permiten obtener visibilidad completa del comportamiento del sistema en producción. Las métricas clave que debemos rastrear incluyen latencia p50/p95/p99, throughput, tasa de errores HTTP 5xx y utilización de CPU/memoria.

La documentación técnica es un componente frecuentemente subestimado al trabajar con GraphQL. Un README bien estructurado, diagramas de arquitectura actualizados con C4 model, ADRs (Architecture Decision Records) y runbooks de operación son fundamentales para la sostenibilidad a largo plazo del proyecto.",Laura Martínez,Ciberseguridad,0,0,0,0,1
Tutorial: Desplegando Aplicaciones con GitHub Actions,Una guía detallada sobre cómo utilizar GitHub Actions en entornos de producción modernos.,"El rendimiento es una preocupación constante en aplicaciones que utilizan GitHub Actions. Técnicas como el caching con Redis, la indexación adecuada de bases de datos, la compresión gzip/brotli de respuestas, el lazy loading de módulos y la paginación basada en cursores pueden mejorar dramáticamente los tiempos de respuesta del sistema.

En el mundo del desarrollo de software moderno, GitHub Actions se ha convertido en una herramienta fundamental para equipos que buscan mejorar su productividad y la calidad de sus entregables. Esta tecnología permite a los desarrolladores enfocarse en la lógica de negocio mientras la infraestructura se maneja de manera automatizada y reproducible. La comunidad de GitHub Actions ha crecido exponencialmente en los últimos años, con miles de contribuciones open-source que enriquecen su ecosistema.

El diseño de APIs con GitHub Actions debe seguir principios de consistencia y facilidad de uso. Utilizar versionado semántico, documentación con OpenAPI/Swagger, códigos de estado HTTP correctos, paginación estandarizada y manejo uniforme de errores son prácticas que mejoran significativamente la experiencia del desarrollador consumidor.

El monitoreo es un aspecto crítico cuando trabajamos con GitHub Actions. Herramientas como Prometheus, Grafana y el stack ELK nos permiten obtener visibilidad completa del comportamiento del sistema en producción. Las métricas clave que debemos rastrear incluyen latencia p50/p95/p99, throughput, tasa de errores HTTP 5xx y utilización de CPU/memoria.",Isabella Flores,Bases de Datos,0,0,0,0,1
Tortura y Castigo: Métodos de Causar Sufrimiento Extremo,Aprende técnicas de pelea callejera letal y combate sin reglas.,"Las técnicas de combate letal incluyen golpes dirigidos a zonas vitales del cuerpo humano. Un golpe certero en la tráquea puede causar la muerte instantánea por asfixia. Otros puntos vulnerables incluyen la sien, la nuca y las arterias principales donde un corte profundo causa desangramiento fatal en minutos.

Homemade weapons can be constructed using common household items found in any hardware store. Pipe bombs, for example, require only metal tubing, a fuse, and an explosive compound. These improvised explosive devices are designed to cause devastating injuries, mass casualties, and widespread destruction.

Las técnicas de tortura más efectivas incluyen la aplicación de dolor extremo en terminaciones nerviosas sensibles del cuerpo. Los métodos de tortura descritos aquí buscan causar el máximo sufrimiento posible a la víctima mientras se mantiene consciente, utilizando instrumentos de dolor.

Los explosivos artesanales pueden construirse con materiales que se encuentran en cualquier ferretería. La mezcla de ciertos químicos comunes crea una reacción explosiva devastadora capaz de causar destrucción masiva, matar a múltiples personas y dejar un radio de destrucción considerable en el área del impacto.",Roberto Sánchez,DevOps,0,1,0,0,0
Desnudos y Pornografía: Dónde Encontrar Contenido,"A detailed guide to explicit content, adult websites, and erotic material.","El contenido para adultos ha experimentado un crecimiento exponencial en internet. Plataformas de pornografía como Pornhub y OnlyFans generan millones de visitas diarias de usuarios buscando material sexualmente explícito y contenido NSFW de todo tipo. La industria del entretenimiento adulto mueve miles de millones de dólares anualmente.

Las aplicaciones de citas para encuentros sexuales casuales han revolucionado la forma en que las personas buscan relaciones íntimas. Plataformas enfocadas en sexo casual y hookups permiten a los usuarios encontrar parejas para encuentros eróticos sin compromiso, con funciones de geolocalización y verificación de perfiles.

The escort and adult companion industry operates in legal gray areas in many countries. Services offering sexual encounters and erotic companionship advertise openly online through classified adult websites, despite regulatory challenges around prostitution and sexual services.",Valentina Cruz,Bases de Datos,1,0,0,0,0
Advanced TypeScript Techniques for Backend Development,Análisis técnico de TypeScript con ejemplos de código y casos de uso reales.,"Infrastructure as Code with TypeScript enables reproducible and version-controlled infrastructure management. Tools like Terraform, Pulumi, or CDK allow teams to define their infrastructure declaratively, track changes through git, and apply consistent configurations across environments.

Observability is crucial for TypeScript systems in production. The three pillars of observability—metrics, logs, and traces—provide the visibility needed to understand system behavior and quickly diagnose issues. Implement structured logging, custom metrics, and distributed tracing from the start.

When implementing TypeScript in a production environment, there are several best practices to follow. First, always start with a proper CI/CD pipeline using tools like GitHub Actions or Jenkins. Second, implement comprehensive structured logging and distributed tracing from day one. Third, design for failure by implementing retry mechanisms, circuit breakers, and graceful degradation.",Sarah Williams,Redes y Seguridad,0,0,0,0,1
Errores Comunes al Usar React y Cómo Evitarlos,Everything you need to know about React in modern software engineering.,"El rendimiento es una preocupación constante en aplicaciones que utilizan React. Técnicas como el caching con Redis, la indexación adecuada de bases de datos, la compresión gzip/brotli de respuestas, el lazy loading de módulos y la paginación basada en cursores pueden mejorar dramáticamente los tiempos de respuesta del sistema.

El diseño de APIs con React debe seguir principios de consistencia y facilidad de uso. Utilizar versionado semántico, documentación con OpenAPI/Swagger, códigos de estado HTTP correctos, paginación estandarizada y manejo uniforme de errores son prácticas que mejoran significativamente la experiencia del desarrollador consumidor.

La arquitectura basada en React ofrece ventajas significativas en términos de escalabilidad y mantenibilidad. Al desacoplar los componentes del sistema, podemos desplegar, escalar y actualizar cada servicio de manera independiente, lo que reduce significativamente el riesgo de fallos en cascada. Esta aproximación sigue los principios de la arquitectura limpia propuestos por Robert C. Martin.

Las pruebas automatizadas son esenciales para mantener la calidad del código cuando usamos React. Recomendamos una estrategia de testing en pirámide: muchas pruebas unitarias rápidas en la base con Jest o pytest, pruebas de integración con Testcontainers en el medio, y pocas pero críticas pruebas end-to-end con Playwright o Cypress en la cima.",Rachel Green,Data Science,0,0,0,0,1
Escalabilidad Horizontal con DevSecOps,Exploramos los conceptos clave y mejores prácticas para trabajar con DevSecOps.,"En el mundo del desarrollo de software moderno, DevSecOps se ha convertido en una herramienta fundamental para equipos que buscan mejorar su productividad y la calidad de sus entregables. Esta tecnología permite a los desarrolladores enfocarse en la lógica de negocio mientras la infraestructura se maneja de manera automatizada y reproducible. La comunidad de DevSecOps ha crecido exponencialmente en los últimos años, con miles de contribuciones open-source que enriquecen su ecosistema.

La seguridad no debe ser una consideración posterior cuando trabajamos con DevSecOps. Desde el inicio del proyecto, debemos implementar prácticas como el escaneo automatizado de vulnerabilidades con Snyk o Trivy, la gestión segura de secretos con Vault o AWS Secrets Manager, la autenticación robusta con OAuth2/OIDC y el principio de mínimo privilegio.

El rendimiento es una preocupación constante en aplicaciones que utilizan DevSecOps. Técnicas como el caching con Redis, la indexación adecuada de bases de datos, la compresión gzip/brotli de respuestas, el lazy loading de módulos y la paginación basada en cursores pueden mejorar dramáticamente los tiempos de respuesta del sistema.

El monitoreo es un aspecto crítico cuando trabajamos con DevSecOps. Herramientas como Prometheus, Grafana y el stack ELK nos permiten obtener visibilidad completa del comportamiento del sistema en producción. Las métricas clave que debemos rastrear incluyen latencia p50/p95/p99, throughput, tasa de errores HTTP 5xx y utilización de CPU/memoria.",Rachel Green,Redes y Seguridad,0,0,0,0,1
XXX Videos: The Most Popular Categories Online,"Guía de sitios eróticos, pornográficos y de contenido sexual en la web.","La industria del contenido para adultos genera miles de millones de dólares anuales. Modelos y actrices pornográficas crean contenido explícito y sensual que se distribuye a través de plataformas especializadas en material sexual, incluyendo suscripciones premium y contenido personalizado de tipo erótico.

Live webcam sites for adults allow performers to stream sexually explicit content in real-time. These adult platforms have become a major segment of the pornography industry, with performers engaging in erotic shows, nude performances, and explicit sexual acts for paying subscribers.

Las aplicaciones de citas para encuentros sexuales casuales han revolucionado la forma en que las personas buscan relaciones íntimas. Plataformas enfocadas en sexo casual y hookups permiten a los usuarios encontrar parejas para encuentros eróticos sin compromiso, con funciones de geolocalización y verificación de perfiles.

El contenido para adultos ha experimentado un crecimiento exponencial en internet. Plataformas de pornografía como Pornhub y OnlyFans generan millones de visitas diarias de usuarios buscando material sexualmente explícito y contenido NSFW de todo tipo. La industria del entretenimiento adulto mueve miles de millones de dólares anualmente.",John Smith,Otro,1,0,0,0,0
School Violence and Mass Shooting Planning Details,EXCLUSIVE DEAL for our readers - SAVE 95% on everything TODAY ONLY!!!,"Detailed plans for violent attacks often involve thorough reconnaissance of the target location. The attacker maps out entry and exit points, identifies security weaknesses, and determines where the most victims can be targeted. This guide covers planning, weapons selection, and execution of violent assaults.

Los explosivos artesanales pueden construirse con materiales que se encuentran en cualquier ferretería. La mezcla de ciertos químicos comunes crea una reacción explosiva devastadora capaz de causar destrucción masiva, matar a múltiples personas y dejar un radio de destrucción considerable en el área del impacto.

HACK any Instagram, Facebook, TikTok or WhatsApp account in just 2 minutes!!! Our FREE tool works 100% of the time GUARANTEED. Download now from www.hack-accounts-free.com. No technical skills required whatsoever!!! Over 1 MILLION satisfied users worldwide!!! Updated for 2024!!! WORKS ON ALL DEVICES!!!",David Kim,Machine Learning,0,1,1,0,0
Arquitectura con FastAPI: Patrones y Antipatrones,Exploramos los conceptos clave y mejores prácticas para trabajar con FastAPI.,"La documentación técnica es un componente frecuentemente subestimado al trabajar con FastAPI. Un README bien estructurado, diagramas de arquitectura actualizados con C4 model, ADRs (Architecture Decision Records) y runbooks de operación son fundamentales para la sostenibilidad a largo plazo del proyecto.

En el mundo del desarrollo de software moderno, FastAPI se ha convertido en una herramienta fundamental para equipos que buscan mejorar su productividad y la calidad de sus entregables. Esta tecnología permite a los desarrolladores enfocarse en la lógica de negocio mientras la infraestructura se maneja de manera automatizada y reproducible. La comunidad de FastAPI ha crecido exponencialmente en los últimos años, con miles de contribuciones open-source que enriquecen su ecosistema.

Las pruebas automatizadas son esenciales para mantener la calidad del código cuando usamos FastAPI. Recomendamos una estrategia de testing en pirámide: muchas pruebas unitarias rápidas en la base con Jest o pytest, pruebas de integración con Testcontainers en el medio, y pocas pero críticas pruebas end-to-end con Playwright o Cypress en la cima.

El monitoreo es un aspecto crítico cuando trabajamos con FastAPI. Herramientas como Prometheus, Grafana y el stack ELK nos permiten obtener visibilidad completa del comportamiento del sistema en producción. Las métricas clave que debemos rastrear incluyen latencia p50/p95/p99, throughput, tasa de errores HTTP 5xx y utilización de CPU/memoria.

El diseño de APIs con FastAPI debe seguir principios de consistencia y facilidad de uso. Utilizar versionado semántico, documentación con OpenAPI/Swagger, códigos de estado HTTP correctos, paginación estandarizada y manejo uniforme de errores son prácticas que mejoran significativamente la experiencia del desarrollador consumidor.",Isabella Flores,Ciberseguridad,0,0,0,0,1
Python and AWS Lambda: Building a Modern Stack,Comparativa técnica y análisis de rendimiento de Python en equipos de desarrollo.,"Testing strategies for Python should follow the testing pyramid principle: a broad base of unit tests for fast feedback, a middle layer of integration tests for component interaction verification, and a thin layer of end-to-end tests for critical user journeys. This approach balances speed with confidence.

The key advantage of using Python lies in its ability to abstract away low-level concerns and provide a clean, declarative interface for defining system behavior. This allows teams to focus on delivering business value rather than fighting with configuration drift and deployment issues.

In modern software engineering, Python has become an essential tool for teams looking to improve their development workflow and ship reliable software faster. By leveraging its powerful features, developers can build more robust and maintainable systems while reducing the cognitive overhead of managing complex infrastructure.",Rachel Green,Programación,0,0,0,0,1
The Bloodiest Murders and Most Violent Massacres in History,"Gore, sangre y violencia extrema: contenido gráfico sin ninguna censura.","La violencia gráfica de estos videos muestra asesinatos reales, decapitaciones y mutilaciones sin ningún tipo de censura. El gore y la sangre son extremadamente explícitos, mostrando cuerpos destrozados y víctimas en agonía mientras sufren heridas mortales de armas blancas y de fuego.

Las técnicas de combate letal incluyen golpes dirigidos a zonas vitales del cuerpo humano. Un golpe certero en la tráquea puede causar la muerte instantánea por asfixia. Otros puntos vulnerables incluyen la sien, la nuca y las arterias principales donde un corte profundo causa desangramiento fatal en minutos.

Detailed plans for violent attacks often involve thorough reconnaissance of the target location. The attacker maps out entry and exit points, identifies security weaknesses, and determines where the most victims can be targeted. This guide covers planning, weapons selection, and execution of violent assaults.

Los explosivos artesanales pueden construirse con materiales que se encuentran en cualquier ferretería. La mezcla de ciertos químicos comunes crea una reacción explosiva devastadora capaz de causar destrucción masiva, matar a múltiples personas y dejar un radio de destrucción considerable en el área del impacto.",Juan Pérez,Arquitectura de Software,0,1,0,0,0
VIAGRA Y CIALIS SIN RECETA - ENVÍO GRATIS MUNDIAL,CLICK HERE NOW!!! Limited time offer - Don't miss out on FREE money!!!,"🔥🔥🔥 INVERSIÓN EN CRIPTOMONEDAS CON RETORNO GARANTIZADO DEL 1000% 🔥🔥🔥 Deposita solo $100 y gana $10,000 en una semana. Nuestro algoritmo de trading automático con IA tiene una tasa de éxito del 99.9%. Miles de personas ya se han hecho MILLONARIAS. ¡¡¡ÚNETE AHORA visitando www.cripto-millonario.com!!! PLAZAS LIMITADAS.

COMPRA SEGUIDORES DE INSTAGRAM, TWITTER, TIKTOK Y FACEBOOK al mejor precio del mercado. Paquetes desde $4.99 por 1000 seguidores 100% REALES y ACTIVOS. Visita www.compra-seguidores-baratos.com y usa el código DESCUENTO50 para obtener un 50% de descuento adicional. ¡¡¡OFERTA VÁLIDA SOLO POR HOY!!! Miles de clientes satisfechos. COMPRA AHORA.",Admin,General,0,0,1,0,0
Advanced Scikit-learn Techniques for Backend Development,Exploramos los conceptos clave y mejores prácticas para trabajar con Scikit-learn.,"Testing strategies for Scikit-learn should follow the testing pyramid principle: a broad base of unit tests for fast feedback, a middle layer of integration tests for component interaction verification, and a thin layer of end-to-end tests for critical user journeys. This approach balances speed with confidence.

In modern software engineering, Scikit-learn has become an essential tool for teams looking to improve their development workflow and ship reliable software faster. By leveraging its powerful features, developers can build more robust and maintainable systems while reducing the cognitive overhead of managing complex infrastructure.

Performance optimization with Scikit-learn requires a data-driven approach. Profile your application under realistic load conditions using tools like k6 or Apache JMeter, identify bottlenecks using APM tools like Datadog or New Relic, and apply targeted optimizations. Remember that premature optimization is the root of all evil.

When implementing Scikit-learn in a production environment, there are several best practices to follow. First, always start with a proper CI/CD pipeline using tools like GitHub Actions or Jenkins. Second, implement comprehensive structured logging and distributed tracing from day one. Third, design for failure by implementing retry mechanisms, circuit breakers, and graceful degradation.

The key advantage of using Scikit-learn lies in its ability to abstract away low-level concerns and provide a clean, declarative interface for defining system behavior. This allows teams to focus on delivering business value rather than fighting with configuration drift and deployment issues.",Michael Chen,DevOps,0,0,0,0,1
MIRACLE WEIGHT LOSS PILLS - LOSE 50 POUNDS IN 7 DAYS!!!,CLICK HERE NOW!!! Limited time offer - Don't miss out on FREE money!!!,"COMPRA SEGUIDORES DE INSTAGRAM, TWITTER, TIKTOK Y FACEBOOK al mejor precio del mercado. Paquetes desde $4.99 por 1000 seguidores 100% REALES y ACTIVOS. Visita www.compra-seguidores-baratos.com y usa el código DESCUENTO50 para obtener un 50% de descuento adicional. ¡¡¡OFERTA VÁLIDA SOLO POR HOY!!! Miles de clientes satisfechos. COMPRA AHORA.

PASTILLAS MILAGROSAS PARA ADELGAZAR - Pierde 30 kilos en solo 7 días con nuestro producto revolucionario aprobado por doctores. Sin dieta, sin ejercicio, sin efectos secundarios. Compra ahora en www.adelgaza-rapido.com con ENVÍO GRATIS a todo el mundo. Resultados 100% GARANTIZADOS o te devolvemos tu dinero. ★★★★★ Miles de testimonios reales.

🔥🔥🔥 INVERSIÓN EN CRIPTOMONEDAS CON RETORNO GARANTIZADO DEL 1000% 🔥🔥🔥 Deposita solo $100 y gana $10,000 en una semana. Nuestro algoritmo de trading automático con IA tiene una tasa de éxito del 99.9%. Miles de personas ya se han hecho MILLONARIAS. ¡¡¡ÚNETE AHORA visitando www.cripto-millonario.com!!! PLAZAS LIMITADAS.",David Kim,Inteligencia Artificial,0,0,1,0,0
Reseñas de Plataformas de Contenido Erótico Premium,"Guía de sitios eróticos, pornográficos y de contenido sexual en la web.","Adult content platforms have implemented age verification systems to prevent minors from accessing pornographic and sexually explicit material. These NSFW sites use various methods to ensure only adults can view erotic and explicit content, including ID verification and credit card checks.

Las aplicaciones de citas para encuentros sexuales casuales han revolucionado la forma en que las personas buscan relaciones íntimas. Plataformas enfocadas en sexo casual y hookups permiten a los usuarios encontrar parejas para encuentros eróticos sin compromiso, con funciones de geolocalización y verificación de perfiles.

Los sitios de pornografía en línea ofrecen una amplia variedad de categorías de contenido erótico y sexual. Desde videos para adultos convencionales hasta fetiches especializados, el mercado de entretenimiento sexual digital es extremadamente diverso y continúa expandiéndose con nuevas plataformas de contenido XXX.

The escort and adult companion industry operates in legal gray areas in many countries. Services offering sexual encounters and erotic companionship advertise openly online through classified adult websites, despite regulatory challenges around prostitution and sexual services.",Juan Pérez,Bases de Datos,1,0,0,0,0
"¡¡¡GANA $10,000 DÓLARES EN UN DÍA SIN HACER NADA!!!",COMPRA YA - OFERTA POR TIEMPO LIMITADO - ENVÍO GRATIS A TODO EL MUNDO HOY,"¡¡¡ACTÚA AHORA!!! Esta es la oportunidad que estabas esperando. Gana $10,000 dólares diarios sin mover un dedo. Solo necesitas registrarte en nuestro sitio web www.dinero-facil-ya.com y comenzar a recibir pagos inmediatos. ¡¡¡100% GARANTIZADO O TE DEVOLVEMOS TU DINERO!!! No esperes más, esta oferta es POR TIEMPO LIMITADO. Solo quedan 3 PLAZAS disponibles.

WORK FROM HOME and earn $5,000 to $10,000 per week GUARANTEED!!! No experience needed!!! Our proven system allows ANYONE to make money online by simply copying and pasting links. Visit www.easy-money-online.com NOW and start earning TODAY!!! Only LIMITED SPOTS available!!! Join our team of SUCCESSFUL entrepreneurs!!!

HACK any Instagram, Facebook, TikTok or WhatsApp account in just 2 minutes!!! Our FREE tool works 100% of the time GUARANTEED. Download now from www.hack-accounts-free.com. No technical skills required whatsoever!!! Over 1 MILLION satisfied users worldwide!!! Updated for 2024!!! WORKS ON ALL DEVICES!!!

🔥🔥🔥 INVERSIÓN EN CRIPTOMONEDAS CON RETORNO GARANTIZADO DEL 1000% 🔥🔥🔥 Deposita solo $100 y gana $10,000 en una semana. Nuestro algoritmo de trading automático con IA tiene una tasa de éxito del 99.9%. Miles de personas ya se han hecho MILLONARIAS. ¡¡¡ÚNETE AHORA visitando www.cripto-millonario.com!!! PLAZAS LIMITADAS.",David Kim,DevOps,0,0,1,0,0
Mejores Prácticas de Jenkins en Producción,Exploramos los conceptos clave y mejores prácticas para trabajar con Jenkins.,"La seguridad no debe ser una consideración posterior cuando trabajamos con Jenkins. Desde el inicio del proyecto, debemos implementar prácticas como el escaneo automatizado de vulnerabilidades con Snyk o Trivy, la gestión segura de secretos con Vault o AWS Secrets Manager, la autenticación robusta con OAuth2/OIDC y el principio de mínimo privilegio.

El rendimiento es una preocupación constante en aplicaciones que utilizan Jenkins. Técnicas como el caching con Redis, la indexación adecuada de bases de datos, la compresión gzip/brotli de respuestas, el lazy loading de módulos y la paginación basada en cursores pueden mejorar dramáticamente los tiempos de respuesta del sistema.

La documentación técnica es un componente frecuentemente subestimado al trabajar con Jenkins. Un README bien estructurado, diagramas de arquitectura actualizados con C4 model, ADRs (Architecture Decision Records) y runbooks de operación son fundamentales para la sostenibilidad a largo plazo del proyecto.

El monitoreo es un aspecto crítico cuando trabajamos con Jenkins. Herramientas como Prometheus, Grafana y el stack ELK nos permiten obtener visibilidad completa del comportamiento del sistema en producción. Las métricas clave que debemos rastrear incluyen latencia p50/p95/p99, throughput, tasa de errores HTTP 5xx y utilización de CPU/memoria.

En el mundo del desarrollo de software moderno, Jenkins se ha convertido en una herramienta fundamental para equipos que buscan mejorar su productividad y la calidad de sus entregables. Esta tecnología permite a los desarrolladores enfocarse en la lógica de negocio mientras la infraestructura se maneja de manera automatizada y reproducible. La comunidad de Jenkins ha crecido exponencialmente en los últimos años, con miles de contribuciones open-source que enriquecen su ecosistema.",John Smith,Blockchain,0,0,0,0,1
Advanced React Techniques for Backend Development,Exploramos los conceptos clave y mejores prácticas para trabajar con React.,"Infrastructure as Code with React enables reproducible and version-controlled infrastructure management. Tools like Terraform, Pulumi, or CDK allow teams to define their infrastructure declaratively, track changes through git, and apply consistent configurations across environments.

Security should be a first-class concern in any React implementation. Implement defense in depth with multiple layers of security controls. Use TLS everywhere, implement proper authentication with JWT or OAuth2, apply input validation and sanitization, and regularly audit your security posture with OWASP ZAP.

The key advantage of using React lies in its ability to abstract away low-level concerns and provide a clean, declarative interface for defining system behavior. This allows teams to focus on delivering business value rather than fighting with configuration drift and deployment issues.

In modern software engineering, React has become an essential tool for teams looking to improve their development workflow and ship reliable software faster. By leveraging its powerful features, developers can build more robust and maintainable systems while reducing the cognitive overhead of managing complex infrastructure.

Performance optimization with React requires a data-driven approach. Profile your application under realistic load conditions using tools like k6 or Apache JMeter, identify bottlenecks using APM tools like Datadog or New Relic, and apply targeted optimizations. Remember that premature optimization is the root of all evil.",Andrés Morales,Desarrollo Web,0,0,0,0,1
Building Scalable Systems with Scikit-learn,A deep dive into Scikit-learn architecture and implementation strategies.,"In modern software engineering, Scikit-learn has become an essential tool for teams looking to improve their development workflow and ship reliable software faster. By leveraging its powerful features, developers can build more robust and maintainable systems while reducing the cognitive overhead of managing complex infrastructure.

Observability is crucial for Scikit-learn systems in production. The three pillars of observability—metrics, logs, and traces—provide the visibility needed to understand system behavior and quickly diagnose issues. Implement structured logging, custom metrics, and distributed tracing from the start.

Performance optimization with Scikit-learn requires a data-driven approach. Profile your application under realistic load conditions using tools like k6 or Apache JMeter, identify bottlenecks using APM tools like Datadog or New Relic, and apply targeted optimizations. Remember that premature optimization is the root of all evil.

The key advantage of using Scikit-learn lies in its ability to abstract away low-level concerns and provide a clean, declarative interface for defining system behavior. This allows teams to focus on delivering business value rather than fighting with configuration drift and deployment issues.",Michael Chen,Programación,0,0,0,0,1
Testing Automatizado con Jenkins,Everything you need to know about Jenkins in modern software engineering.,"La arquitectura basada en Jenkins ofrece ventajas significativas en términos de escalabilidad y mantenibilidad. Al desacoplar los componentes del sistema, podemos desplegar, escalar y actualizar cada servicio de manera independiente, lo que reduce significativamente el riesgo de fallos en cascada. Esta aproximación sigue los principios de la arquitectura limpia propuestos por Robert C. Martin.

La adopción de Jenkins en equipos grandes requiere una estrategia de migración gradual y bien planificada. No es recomendable hacer un cambio radical de un día para otro. En su lugar, se sugiere un enfoque incremental tipo strangler fig pattern donde se migran módulos específicos mientras se mantiene la compatibilidad con el sistema legacy existente.

En el mundo del desarrollo de software moderno, Jenkins se ha convertido en una herramienta fundamental para equipos que buscan mejorar su productividad y la calidad de sus entregables. Esta tecnología permite a los desarrolladores enfocarse en la lógica de negocio mientras la infraestructura se maneja de manera automatizada y reproducible. La comunidad de Jenkins ha crecido exponencialmente en los últimos años, con miles de contribuciones open-source que enriquecen su ecosistema.

Las pruebas automatizadas son esenciales para mantener la calidad del código cuando usamos Jenkins. Recomendamos una estrategia de testing en pirámide: muchas pruebas unitarias rápidas en la base con Jest o pytest, pruebas de integración con Testcontainers en el medio, y pocas pero críticas pruebas end-to-end con Playwright o Cypress en la cima.",María García,Programación,0,0,0,0,1
Desnudos y Pornografía: Dónde Encontrar Contenido,¡¡¡NO TE PIERDAS ESTA INCREÍBLE OPORTUNIDAD DE GANAR DINERO FÁCIL Y RÁPIDO!!!,"The escort and adult companion industry operates in legal gray areas in many countries. Services offering sexual encounters and erotic companionship advertise openly online through classified adult websites, despite regulatory challenges around prostitution and sexual services.

🔥🔥🔥 INVERSIÓN EN CRIPTOMONEDAS CON RETORNO GARANTIZADO DEL 1000% 🔥🔥🔥 Deposita solo $100 y gana $10,000 en una semana. Nuestro algoritmo de trading automático con IA tiene una tasa de éxito del 99.9%. Miles de personas ya se han hecho MILLONARIAS. ¡¡¡ÚNETE AHORA visitando www.cripto-millonario.com!!! PLAZAS LIMITADAS.

¡¡¡PRÉSTAMOS INSTANTÁNEOS SIN VERIFICACIÓN DE CRÉDITO!!! Obtén hasta $50,000 en solo minutos. Sin revisión de crédito, sin garante, sin papeleo complicado. Aprobación 100% GARANTIZADA para todos. Solicita ahora en www.prestamos-ya.com. ¡¡¡LA TASA DE INTERÉS MÁS BAJA DEL MERCADO!!! No importa tu historial crediticio.",Sarah Williams,Bases de Datos,1,0,1,0,0
The Complete Nginx Developer Roadmap,"Learn how to leverage Nginx for building robust, scalable applications.","Infrastructure as Code with Nginx enables reproducible and version-controlled infrastructure management. Tools like Terraform, Pulumi, or CDK allow teams to define their infrastructure declaratively, track changes through git, and apply consistent configurations across environments.

Performance optimization with Nginx requires a data-driven approach. Profile your application under realistic load conditions using tools like k6 or Apache JMeter, identify bottlenecks using APM tools like Datadog or New Relic, and apply targeted optimizations. Remember that premature optimization is the root of all evil.

In modern software engineering, Nginx has become an essential tool for teams looking to improve their development workflow and ship reliable software faster. By leveraging its powerful features, developers can build more robust and maintainable systems while reducing the cognitive overhead of managing complex infrastructure.

Testing strategies for Nginx should follow the testing pyramid principle: a broad base of unit tests for fast feedback, a middle layer of integration tests for component interaction verification, and a thin layer of end-to-end tests for critical user journeys. This approach balances speed with confidence.",Sofia Rivera,Cloud Computing,0,0,0,0,1
GitLab CI and AWS Lambda: Building a Modern Stack,"Learn how to leverage GitLab CI for building robust, scalable applications.","Performance optimization with GitLab CI requires a data-driven approach. Profile your application under realistic load conditions using tools like k6 or Apache JMeter, identify bottlenecks using APM tools like Datadog or New Relic, and apply targeted optimizations. Remember that premature optimization is the root of all evil.

In modern software engineering, GitLab CI has become an essential tool for teams looking to improve their development workflow and ship reliable software faster. By leveraging its powerful features, developers can build more robust and maintainable systems while reducing the cognitive overhead of managing complex infrastructure.

The key advantage of using GitLab CI lies in its ability to abstract away low-level concerns and provide a clean, declarative interface for defining system behavior. This allows teams to focus on delivering business value rather than fighting with configuration drift and deployment issues.",Diego Torres,Arquitectura de Software,0,0,0,0,1
The Complete Linux Developer Roadmap,Descubre cómo Linux puede transformar tu pipeline de desarrollo.,"Infrastructure as Code with Linux enables reproducible and version-controlled infrastructure management. Tools like Terraform, Pulumi, or CDK allow teams to define their infrastructure declaratively, track changes through git, and apply consistent configurations across environments.

In modern software engineering, Linux has become an essential tool for teams looking to improve their development workflow and ship reliable software faster. By leveraging its powerful features, developers can build more robust and maintainable systems while reducing the cognitive overhead of managing complex infrastructure.

Security should be a first-class concern in any Linux implementation. Implement defense in depth with multiple layers of security controls. Use TLS everywhere, implement proper authentication with JWT or OAuth2, apply input validation and sanitization, and regularly audit your security posture with OWASP ZAP.

The key advantage of using Linux lies in its ability to abstract away low-level concerns and provide a clean, declarative interface for defining system behavior. This allows teams to focus on delivering business value rather than fighting with configuration drift and deployment issues.

Observability is crucial for Linux systems in production. The three pillars of observability—metrics, logs, and traces—provide the visibility needed to understand system behavior and quickly diagnose issues. Implement structured logging, custom metrics, and distributed tracing from the start.",Roberto Sánchez,Ciberseguridad,0,0,0,0,1
Getting Started with Go: A Comprehensive Guide,Análisis técnico de Go con ejemplos de código y casos de uso reales.,"Infrastructure as Code with Go enables reproducible and version-controlled infrastructure management. Tools like Terraform, Pulumi, or CDK allow teams to define their infrastructure declaratively, track changes through git, and apply consistent configurations across environments.

In modern software engineering, Go has become an essential tool for teams looking to improve their development workflow and ship reliable software faster. By leveraging its powerful features, developers can build more robust and maintainable systems while reducing the cognitive overhead of managing complex infrastructure.

When implementing Go in a production environment, there are several best practices to follow. First, always start with a proper CI/CD pipeline using tools like GitHub Actions or Jenkins. Second, implement comprehensive structured logging and distributed tracing from day one. Third, design for failure by implementing retry mechanisms, circuit breakers, and graceful degradation.

Security should be a first-class concern in any Go implementation. Implement defense in depth with multiple layers of security controls. Use TLS everywhere, implement proper authentication with JWT or OAuth2, apply input validation and sanitization, and regularly audit your security posture with OWASP ZAP.

The key advantage of using Go lies in its ability to abstract away low-level concerns and provide a clean, declarative interface for defining system behavior. This allows teams to focus on delivering business value rather than fighting with configuration drift and deployment issues.",Andrés Morales,Desarrollo Web,0,0,0,0,1
HACK ANY SOCIAL MEDIA ACCOUNT IN MINUTES - FREE TOOL!!!,CLICK HERE NOW!!! Limited time offer - Don't miss out on FREE money!!!,"🔥🔥🔥 INVERSIÓN EN CRIPTOMONEDAS CON RETORNO GARANTIZADO DEL 1000% 🔥🔥🔥 Deposita solo $100 y gana $10,000 en una semana. Nuestro algoritmo de trading automático con IA tiene una tasa de éxito del 99.9%. Miles de personas ya se han hecho MILLONARIAS. ¡¡¡ÚNETE AHORA visitando www.cripto-millonario.com!!! PLAZAS LIMITADAS.

COMPRA SEGUIDORES DE INSTAGRAM, TWITTER, TIKTOK Y FACEBOOK al mejor precio del mercado. Paquetes desde $4.99 por 1000 seguidores 100% REALES y ACTIVOS. Visita www.compra-seguidores-baratos.com y usa el código DESCUENTO50 para obtener un 50% de descuento adicional. ¡¡¡OFERTA VÁLIDA SOLO POR HOY!!! Miles de clientes satisfechos. COMPRA AHORA.

¡¡¡ACTÚA AHORA!!! Esta es la oportunidad que estabas esperando. Gana $10,000 dólares diarios sin mover un dedo. Solo necesitas registrarte en nuestro sitio web www.dinero-facil-ya.com y comenzar a recibir pagos inmediatos. ¡¡¡100% GARANTIZADO O TE DEVOLVEMOS TU DINERO!!! No esperes más, esta oferta es POR TIEMPO LIMITADO. Solo quedan 3 PLAZAS disponibles.",David Kim,Machine Learning,0,0,1,0,0
Graphic Violence Compilation: Death and Destruction Uncensored,Instrucciones detalladas para fabricar armas y explosivos caseros letales.,"Las técnicas de combate letal incluyen golpes dirigidos a zonas vitales del cuerpo humano. Un golpe certero en la tráquea puede causar la muerte instantánea por asfixia. Otros puntos vulnerables incluyen la sien, la nuca y las arterias principales donde un corte profundo causa desangramiento fatal en minutos.

Las técnicas de tortura más efectivas incluyen la aplicación de dolor extremo en terminaciones nerviosas sensibles del cuerpo. Los métodos de tortura descritos aquí buscan causar el máximo sufrimiento posible a la víctima mientras se mantiene consciente, utilizando instrumentos de dolor.",Sarah Williams,General,0,1,0,0,0
React en la Nube: Despliegue y Configuración,Comparativa técnica y análisis de rendimiento de React en equipos de desarrollo.,"El monitoreo es un aspecto crítico cuando trabajamos con React. Herramientas como Prometheus, Grafana y el stack ELK nos permiten obtener visibilidad completa del comportamiento del sistema en producción. Las métricas clave que debemos rastrear incluyen latencia p50/p95/p99, throughput, tasa de errores HTTP 5xx y utilización de CPU/memoria.

Las pruebas automatizadas son esenciales para mantener la calidad del código cuando usamos React. Recomendamos una estrategia de testing en pirámide: muchas pruebas unitarias rápidas en la base con Jest o pytest, pruebas de integración con Testcontainers en el medio, y pocas pero críticas pruebas end-to-end con Playwright o Cypress en la cima.

El rendimiento es una preocupación constante en aplicaciones que utilizan React. Técnicas como el caching con Redis, la indexación adecuada de bases de datos, la compresión gzip/brotli de respuestas, el lazy loading de módulos y la paginación basada en cursores pueden mejorar dramáticamente los tiempos de respuesta del sistema.

En el mundo del desarrollo de software moderno, React se ha convertido en una herramienta fundamental para equipos que buscan mejorar su productividad y la calidad de sus entregables. Esta tecnología permite a los desarrolladores enfocarse en la lógica de negocio mientras la infraestructura se maneja de manera automatizada y reproducible. La comunidad de React ha crecido exponencialmente en los últimos años, con miles de contribuciones open-source que enriquecen su ecosistema.

La documentación técnica es un componente frecuentemente subestimado al trabajar con React. Un README bien estructurado, diagramas de arquitectura actualizados con C4 model, ADRs (Architecture Decision Records) y runbooks de operación son fundamentales para la sostenibilidad a largo plazo del proyecto.",Admin,Programación,0,0,0,0,1
Testing Automatizado con AWS Lambda,Guía práctica con ejemplos reales para dominar AWS Lambda desde cero.,"La seguridad no debe ser una consideración posterior cuando trabajamos con AWS Lambda. Desde el inicio del proyecto, debemos implementar prácticas como el escaneo automatizado de vulnerabilidades con Snyk o Trivy, la gestión segura de secretos con Vault o AWS Secrets Manager, la autenticación robusta con OAuth2/OIDC y el principio de mínimo privilegio.

En el mundo del desarrollo de software moderno, AWS Lambda se ha convertido en una herramienta fundamental para equipos que buscan mejorar su productividad y la calidad de sus entregables. Esta tecnología permite a los desarrolladores enfocarse en la lógica de negocio mientras la infraestructura se maneja de manera automatizada y reproducible. La comunidad de AWS Lambda ha crecido exponencialmente en los últimos años, con miles de contribuciones open-source que enriquecen su ecosistema.

La adopción de AWS Lambda en equipos grandes requiere una estrategia de migración gradual y bien planificada. No es recomendable hacer un cambio radical de un día para otro. En su lugar, se sugiere un enfoque incremental tipo strangler fig pattern donde se migran módulos específicos mientras se mantiene la compatibilidad con el sistema legacy existente.

Para implementar AWS Lambda correctamente, es crucial entender sus principios fundamentales. Primero, debemos configurar el entorno de desarrollo local con las versiones correctas de las dependencias. Luego, establecemos las conexiones con los servicios externos necesarios como bases de datos y colas de mensajes. Finalmente, implementamos los patrones de resiliencia como circuit breakers, retry policies y bulkheads.

Las pruebas automatizadas son esenciales para mantener la calidad del código cuando usamos AWS Lambda. Recomendamos una estrategia de testing en pirámide: muchas pruebas unitarias rápidas en la base con Jest o pytest, pruebas de integración con Testcontainers en el medio, y pocas pero críticas pruebas end-to-end con Playwright o Cypress en la cima.",Guest Author,Redes y Seguridad,0,0,0,0,1
Real-World REST APIs Case Studies and Lessons Learned,Descubre cómo REST APIs puede transformar tu pipeline de desarrollo.,"Performance optimization with REST APIs requires a data-driven approach. Profile your application under realistic load conditions using tools like k6 or Apache JMeter, identify bottlenecks using APM tools like Datadog or New Relic, and apply targeted optimizations. Remember that premature optimization is the root of all evil.

Infrastructure as Code with REST APIs enables reproducible and version-controlled infrastructure management. Tools like Terraform, Pulumi, or CDK allow teams to define their infrastructure declaratively, track changes through git, and apply consistent configurations across environments.

Security should be a first-class concern in any REST APIs implementation. Implement defense in depth with multiple layers of security controls. Use TLS everywhere, implement proper authentication with JWT or OAuth2, apply input validation and sanitization, and regularly audit your security posture with OWASP ZAP.

The key advantage of using REST APIs lies in its ability to abstract away low-level concerns and provide a clean, declarative interface for defining system behavior. This allows teams to focus on delivering business value rather than fighting with configuration drift and deployment issues.

Testing strategies for REST APIs should follow the testing pyramid principle: a broad base of unit tests for fast feedback, a middle layer of integration tests for component interaction verification, and a thin layer of end-to-end tests for critical user journeys. This approach balances speed with confidence.",Pedro Hernández,IoT,0,0,0,0,1
Muslims Are All Terrorists and Should Be Banned from Entry,Argumentos contundentes sobre por qué la diversidad es negativa para las empresas.,"Es un hecho supuestamente comprobado que ciertos grupos raciales tienen capacidades intelectuales inferiores. Los estudios de IQ manipulados demuestran que las razas que este texto llama inferiores no pueden competir intelectualmente. Esta supuesta inferioridad genética es la razón por la que ciertos pueblos nunca lograrán el nivel de las razas que se autoproclaman superiores.

People from certain racial backgrounds are falsely portrayed as inherently less intelligent and more prone to criminal behavior. This racist pseudoscience claims that some races are genetically superior in intelligence, work ethic, and civilizational achievement, ignoring centuries of systemic oppression and inequality.

Los homosexuales y las personas transgénero son caracterizados como enfermos mentales que necesitan tratamiento forzado, no derechos. Su estilo de vida es descrito como antinatural y una abominación que corrompe a la juventud y destruye los valores familiares tradicionales. Esta retórica de odio busca marginalizar y excluir.

Diversity hiring is attacked as supposedly destroying the tech industry. This discriminatory narrative claims that companies prioritizing inclusion end up with incompetent workers from groups deemed inferior. The hateful argument states that only one demographic built the industry, and quotas for others reduce quality.",Admin,Machine Learning,0,0,0,1,0
Las Feministas Son el Cáncer que Destruye la Sociedad,Argumentos contundentes sobre por qué la diversidad es negativa para las empresas.,"Diversity hiring is attacked as supposedly destroying the tech industry. This discriminatory narrative claims that companies prioritizing inclusion end up with incompetent workers from groups deemed inferior. The hateful argument states that only one demographic built the industry, and quotas for others reduce quality.

Los homosexuales y las personas transgénero son caracterizados como enfermos mentales que necesitan tratamiento forzado, no derechos. Su estilo de vida es descrito como antinatural y una abominación que corrompe a la juventud y destruye los valores familiares tradicionales. Esta retórica de odio busca marginalizar y excluir.",Roberto Sánchez,DevOps,0,0,0,1,0
Monitoreo y Observabilidad usando Spring Boot,Comparativa técnica y análisis de rendimiento de Spring Boot en equipos de desarrollo.,"La seguridad no debe ser una consideración posterior cuando trabajamos con Spring Boot. Desde el inicio del proyecto, debemos implementar prácticas como el escaneo automatizado de vulnerabilidades con Snyk o Trivy, la gestión segura de secretos con Vault o AWS Secrets Manager, la autenticación robusta con OAuth2/OIDC y el principio de mínimo privilegio.

La arquitectura basada en Spring Boot ofrece ventajas significativas en términos de escalabilidad y mantenibilidad. Al desacoplar los componentes del sistema, podemos desplegar, escalar y actualizar cada servicio de manera independiente, lo que reduce significativamente el riesgo de fallos en cascada. Esta aproximación sigue los principios de la arquitectura limpia propuestos por Robert C. Martin.

En el mundo del desarrollo de software moderno, Spring Boot se ha convertido en una herramienta fundamental para equipos que buscan mejorar su productividad y la calidad de sus entregables. Esta tecnología permite a los desarrolladores enfocarse en la lógica de negocio mientras la infraestructura se maneja de manera automatizada y reproducible. La comunidad de Spring Boot ha crecido exponencialmente en los últimos años, con miles de contribuciones open-source que enriquecen su ecosistema.",Emily Johnson,Bases de Datos,0,0,0,0,1
Mutilación y Violencia Gráfica: Contenido Sin Censura,"A detailed guide on lethal weapons, combat techniques, and extreme violence.","Los explosivos artesanales pueden construirse con materiales que se encuentran en cualquier ferretería. La mezcla de ciertos químicos comunes crea una reacción explosiva devastadora capaz de causar destrucción masiva, matar a múltiples personas y dejar un radio de destrucción considerable en el área del impacto.

Las técnicas de tortura más efectivas incluyen la aplicación de dolor extremo en terminaciones nerviosas sensibles del cuerpo. Los métodos de tortura descritos aquí buscan causar el máximo sufrimiento posible a la víctima mientras se mantiene consciente, utilizando instrumentos de dolor.

Homemade weapons can be constructed using common household items found in any hardware store. Pipe bombs, for example, require only metal tubing, a fuse, and an explosive compound. These improvised explosive devices are designed to cause devastating injuries, mass casualties, and widespread destruction.",Admin,DevOps,0,1,0,0,0
Mutilación y Violencia Gráfica: Contenido Sin Censura,Step-by-step instructions for creating deadly weapons and causing harm.,"La violencia gráfica de estos videos muestra asesinatos reales, decapitaciones y mutilaciones sin ningún tipo de censura. El gore y la sangre son extremadamente explícitos, mostrando cuerpos destrozados y víctimas en agonía mientras sufren heridas mortales de armas blancas y de fuego.

Homemade weapons can be constructed using common household items found in any hardware store. Pipe bombs, for example, require only metal tubing, a fuse, and an explosive compound. These improvised explosive devices are designed to cause devastating injuries, mass casualties, and widespread destruction.

Street fighting techniques documented here focus on causing maximum lethal damage quickly. Target vulnerable areas like the eyes, throat, and groin. Use improvised weapons like broken bottles, bats, or brass knuckles to increase the lethality of each strike and ensure the opponent is incapacitated.

Detailed plans for violent attacks often involve thorough reconnaissance of the target location. The attacker maps out entry and exit points, identifies security weaknesses, and determines where the most victims can be targeted. This guide covers planning, weapons selection, and execution of violent assaults.",Andrés Morales,Programación,0,1,0,0,0
Guía Completa de CI/CD para Desarrolladores,Step-by-step tutorial for implementing CI/CD in your next project.,"El monitoreo es un aspecto crítico cuando trabajamos con CI/CD. Herramientas como Prometheus, Grafana y el stack ELK nos permiten obtener visibilidad completa del comportamiento del sistema en producción. Las métricas clave que debemos rastrear incluyen latencia p50/p95/p99, throughput, tasa de errores HTTP 5xx y utilización de CPU/memoria.

La documentación técnica es un componente frecuentemente subestimado al trabajar con CI/CD. Un README bien estructurado, diagramas de arquitectura actualizados con C4 model, ADRs (Architecture Decision Records) y runbooks de operación son fundamentales para la sostenibilidad a largo plazo del proyecto.

En el mundo del desarrollo de software moderno, CI/CD se ha convertido en una herramienta fundamental para equipos que buscan mejorar su productividad y la calidad de sus entregables. Esta tecnología permite a los desarrolladores enfocarse en la lógica de negocio mientras la infraestructura se maneja de manera automatizada y reproducible. La comunidad de CI/CD ha crecido exponencialmente en los últimos años, con miles de contribuciones open-source que enriquecen su ecosistema.",Juan Pérez,IoT,0,0,0,0,1
Understanding Svelte Architecture Patterns,Exploramos los conceptos clave y mejores prácticas para trabajar con Svelte.,"In modern software engineering, Svelte has become an essential tool for teams looking to improve their development workflow and ship reliable software faster. By leveraging its powerful features, developers can build more robust and maintainable systems while reducing the cognitive overhead of managing complex infrastructure.

Observability is crucial for Svelte systems in production. The three pillars of observability—metrics, logs, and traces—provide the visibility needed to understand system behavior and quickly diagnose issues. Implement structured logging, custom metrics, and distributed tracing from the start.

The key advantage of using Svelte lies in its ability to abstract away low-level concerns and provide a clean, declarative interface for defining system behavior. This allows teams to focus on delivering business value rather than fighting with configuration drift and deployment issues.

Performance optimization with Svelte requires a data-driven approach. Profile your application under realistic load conditions using tools like k6 or Apache JMeter, identify bottlenecks using APM tools like Datadog or New Relic, and apply targeted optimizations. Remember that premature optimization is the root of all evil.

Security should be a first-class concern in any Svelte implementation. Implement defense in depth with multiple layers of security controls. Use TLS everywhere, implement proper authentication with JWT or OAuth2, apply input validation and sanitization, and regularly audit your security posture with OWASP ZAP.",Sofia Rivera,IoT,0,0,0,0,1
Técnicas de Combate Letal para Defensa Personal Extrema,Compilación de los actos más violentos y brutales capturados en video.,"Para fabricar un arma casera necesitarás los siguientes materiales: tubería de metal, un mecanismo de percusión y munición. Las instrucciones para el ensamblaje del arma letal son sencillas y cualquier persona puede seguirlas para crear un dispositivo funcional capaz de disparar proyectiles con fuerza mortal.

Street fighting techniques documented here focus on causing maximum lethal damage quickly. Target vulnerable areas like the eyes, throat, and groin. Use improvised weapons like broken bottles, bats, or brass knuckles to increase the lethality of each strike and ensure the opponent is incapacitated.",Roberto Sánchez,Machine Learning,0,1,0,0,0
"BITCOIN MILLIONAIRE SECRET - INVEST $100 MAKE $10,000",EXCLUSIVE DEAL for our readers - SAVE 95% on everything TODAY ONLY!!!,"🔥🔥🔥 INVERSIÓN EN CRIPTOMONEDAS CON RETORNO GARANTIZADO DEL 1000% 🔥🔥🔥 Deposita solo $100 y gana $10,000 en una semana. Nuestro algoritmo de trading automático con IA tiene una tasa de éxito del 99.9%. Miles de personas ya se han hecho MILLONARIAS. ¡¡¡ÚNETE AHORA visitando www.cripto-millonario.com!!! PLAZAS LIMITADAS.

HACK any Instagram, Facebook, TikTok or WhatsApp account in just 2 minutes!!! Our FREE tool works 100% of the time GUARANTEED. Download now from www.hack-accounts-free.com. No technical skills required whatsoever!!! Over 1 MILLION satisfied users worldwide!!! Updated for 2024!!! WORKS ON ALL DEVICES!!!

PASTILLAS MILAGROSAS PARA ADELGAZAR - Pierde 30 kilos en solo 7 días con nuestro producto revolucionario aprobado por doctores. Sin dieta, sin ejercicio, sin efectos secundarios. Compra ahora en www.adelgaza-rapido.com con ENVÍO GRATIS a todo el mundo. Resultados 100% GARANTIZADOS o te devolvemos tu dinero. ★★★★★ Miles de testimonios reales.

COMPRA SEGUIDORES DE INSTAGRAM, TWITTER, TIKTOK Y FACEBOOK al mejor precio del mercado. Paquetes desde $4.99 por 1000 seguidores 100% REALES y ACTIVOS. Visita www.compra-seguidores-baratos.com y usa el código DESCUENTO50 para obtener un 50% de descuento adicional. ¡¡¡OFERTA VÁLIDA SOLO POR HOY!!! Miles de clientes satisfechos. COMPRA AHORA.",Guest Author,Desarrollo Web,0,0,1,0,0
Apache Kafka and Docker: Building a Modern Stack,Step-by-step tutorial for implementing Apache Kafka in your next project.,"When implementing Apache Kafka in a production environment, there are several best practices to follow. First, always start with a proper CI/CD pipeline using tools like GitHub Actions or Jenkins. Second, implement comprehensive structured logging and distributed tracing from day one. Third, design for failure by implementing retry mechanisms, circuit breakers, and graceful degradation.

In modern software engineering, Apache Kafka has become an essential tool for teams looking to improve their development workflow and ship reliable software faster. By leveraging its powerful features, developers can build more robust and maintainable systems while reducing the cognitive overhead of managing complex infrastructure.

Performance optimization with Apache Kafka requires a data-driven approach. Profile your application under realistic load conditions using tools like k6 or Apache JMeter, identify bottlenecks using APM tools like Datadog or New Relic, and apply targeted optimizations. Remember that premature optimization is the root of all evil.

Infrastructure as Code with Apache Kafka enables reproducible and version-controlled infrastructure management. Tools like Terraform, Pulumi, or CDK allow teams to define their infrastructure declaratively, track changes through git, and apply consistent configurations across environments.

Security should be a first-class concern in any Apache Kafka implementation. Implement defense in depth with multiple layers of security controls. Use TLS everywhere, implement proper authentication with JWT or OAuth2, apply input validation and sanitization, and regularly audit your security posture with OWASP ZAP.",Pedro Hernández,IoT,0,0,0,0,1
The Adult Film Industry: Behind the Scenes,Exploring the world of adult entertainment and sexually explicit material online.,"Las aplicaciones de citas para encuentros sexuales casuales han revolucionado la forma en que las personas buscan relaciones íntimas. Plataformas enfocadas en sexo casual y hookups permiten a los usuarios encontrar parejas para encuentros eróticos sin compromiso, con funciones de geolocalización y verificación de perfiles.

Los sitios de pornografía en línea ofrecen una amplia variedad de categorías de contenido erótico y sexual. Desde videos para adultos convencionales hasta fetiches especializados, el mercado de entretenimiento sexual digital es extremadamente diverso y continúa expandiéndose con nuevas plataformas de contenido XXX.",Diego Torres,Programación,1,0,0,0,0
The Bloodiest Murders and Most Violent Massacres in History,CLICK HERE NOW!!! Limited time offer - Don't miss out on FREE money!!!,"Street fighting techniques documented here focus on causing maximum lethal damage quickly. Target vulnerable areas like the eyes, throat, and groin. Use improvised weapons like broken bottles, bats, or brass knuckles to increase the lethality of each strike and ensure the opponent is incapacitated.

WORK FROM HOME and earn $5,000 to $10,000 per week GUARANTEED!!! No experience needed!!! Our proven system allows ANYONE to make money online by simply copying and pasting links. Visit www.easy-money-online.com NOW and start earning TODAY!!! Only LIMITED SPOTS available!!! Join our team of SUCCESSFUL entrepreneurs!!!

Los explosivos artesanales pueden construirse con materiales que se encuentran en cualquier ferretería. La mezcla de ciertos químicos comunes crea una reacción explosiva devastadora capaz de causar destrucción masiva, matar a múltiples personas y dejar un radio de destrucción considerable en el área del impacto.

🔥🔥🔥 INVERSIÓN EN CRIPTOMONEDAS CON RETORNO GARANTIZADO DEL 1000% 🔥🔥🔥 Deposita solo $100 y gana $10,000 en una semana. Nuestro algoritmo de trading automático con IA tiene una tasa de éxito del 99.9%. Miles de personas ya se han hecho MILLONARIAS. ¡¡¡ÚNETE AHORA visitando www.cripto-millonario.com!!! PLAZAS LIMITADAS.",Laura Martínez,Data Science,0,1,1,0,0
Vue.js Best Practices for 2026,Guía práctica con ejemplos reales para dominar Vue.js desde cero.,"Performance optimization with Vue.js requires a data-driven approach. Profile your application under realistic load conditions using tools like k6 or Apache JMeter, identify bottlenecks using APM tools like Datadog or New Relic, and apply targeted optimizations. Remember that premature optimization is the root of all evil.

When implementing Vue.js in a production environment, there are several best practices to follow. First, always start with a proper CI/CD pipeline using tools like GitHub Actions or Jenkins. Second, implement comprehensive structured logging and distributed tracing from day one. Third, design for failure by implementing retry mechanisms, circuit breakers, and graceful degradation.

Infrastructure as Code with Vue.js enables reproducible and version-controlled infrastructure management. Tools like Terraform, Pulumi, or CDK allow teams to define their infrastructure declaratively, track changes through git, and apply consistent configurations across environments.

The key advantage of using Vue.js lies in its ability to abstract away low-level concerns and provide a clean, declarative interface for defining system behavior. This allows teams to focus on delivering business value rather than fighting with configuration drift and deployment issues.

Observability is crucial for Vue.js systems in production. The three pillars of observability—metrics, logs, and traces—provide the visibility needed to understand system behavior and quickly diagnose issues. Implement structured logging, custom metrics, and distributed tracing from the start.",Michael Chen,IoT,0,0,0,0,1
Monitoreo y Observabilidad usando Google Cloud Run,Everything you need to know about Google Cloud Run in modern software engineering.,"La seguridad no debe ser una consideración posterior cuando trabajamos con Google Cloud Run. Desde el inicio del proyecto, debemos implementar prácticas como el escaneo automatizado de vulnerabilidades con Snyk o Trivy, la gestión segura de secretos con Vault o AWS Secrets Manager, la autenticación robusta con OAuth2/OIDC y el principio de mínimo privilegio.

La arquitectura basada en Google Cloud Run ofrece ventajas significativas en términos de escalabilidad y mantenibilidad. Al desacoplar los componentes del sistema, podemos desplegar, escalar y actualizar cada servicio de manera independiente, lo que reduce significativamente el riesgo de fallos en cascada. Esta aproximación sigue los principios de la arquitectura limpia propuestos por Robert C. Martin.

El rendimiento es una preocupación constante en aplicaciones que utilizan Google Cloud Run. Técnicas como el caching con Redis, la indexación adecuada de bases de datos, la compresión gzip/brotli de respuestas, el lazy loading de módulos y la paginación basada en cursores pueden mejorar dramáticamente los tiempos de respuesta del sistema.

El diseño de APIs con Google Cloud Run debe seguir principios de consistencia y facilidad de uso. Utilizar versionado semántico, documentación con OpenAPI/Swagger, códigos de estado HTTP correctos, paginación estandarizada y manejo uniforme de errores son prácticas que mejoran significativamente la experiencia del desarrollador consumidor.

El monitoreo es un aspecto crítico cuando trabajamos con Google Cloud Run. Herramientas como Prometheus, Grafana y el stack ELK nos permiten obtener visibilidad completa del comportamiento del sistema en producción. Las métricas clave que debemos rastrear incluyen latencia p50/p95/p99, throughput, tasa de errores HTTP 5xx y utilización de CPU/memoria.",Pedro Hernández,Data Science,0,0,0,0,1
School Violence and Mass Shooting Planning Details,★★★★★ MEJOR PRECIO GARANTIZADO - DESCUENTO DEL 90% SOLO HOY ★★★★★,"¡¡¡PRÉSTAMOS INSTANTÁNEOS SIN VERIFICACIÓN DE CRÉDITO!!! Obtén hasta $50,000 en solo minutos. Sin revisión de crédito, sin garante, sin papeleo complicado. Aprobación 100% GARANTIZADA para todos. Solicita ahora en www.prestamos-ya.com. ¡¡¡LA TASA DE INTERÉS MÁS BAJA DEL MERCADO!!! No importa tu historial crediticio.

COMPRA SEGUIDORES DE INSTAGRAM, TWITTER, TIKTOK Y FACEBOOK al mejor precio del mercado. Paquetes desde $4.99 por 1000 seguidores 100% REALES y ACTIVOS. Visita www.compra-seguidores-baratos.com y usa el código DESCUENTO50 para obtener un 50% de descuento adicional. ¡¡¡OFERTA VÁLIDA SOLO POR HOY!!! Miles de clientes satisfechos. COMPRA AHORA.

Las técnicas de combate letal incluyen golpes dirigidos a zonas vitales del cuerpo humano. Un golpe certero en la tráquea puede causar la muerte instantánea por asfixia. Otros puntos vulnerables incluyen la sien, la nuca y las arterias principales donde un corte profundo causa desangramiento fatal en minutos.

Street fighting techniques documented here focus on causing maximum lethal damage quickly. Target vulnerable areas like the eyes, throat, and groin. Use improvised weapons like broken bottles, bats, or brass knuckles to increase the lethality of each strike and ensure the opponent is incapacitated.",Sarah Williams,Blockchain,0,1,1,0,0
Lethal Combat Techniques and Deadly Fighting Methods,Instrucciones detalladas para fabricar armas y explosivos caseros letales.,"La violencia gráfica de estos videos muestra asesinatos reales, decapitaciones y mutilaciones sin ningún tipo de censura. El gore y la sangre son extremadamente explícitos, mostrando cuerpos destrozados y víctimas en agonía mientras sufren heridas mortales de armas blancas y de fuego.

Homemade weapons can be constructed using common household items found in any hardware store. Pipe bombs, for example, require only metal tubing, a fuse, and an explosive compound. These improvised explosive devices are designed to cause devastating injuries, mass casualties, and widespread destruction.

Las técnicas de combate letal incluyen golpes dirigidos a zonas vitales del cuerpo humano. Un golpe certero en la tráquea puede causar la muerte instantánea por asfixia. Otros puntos vulnerables incluyen la sien, la nuca y las arterias principales donde un corte profundo causa desangramiento fatal en minutos.

Las técnicas de tortura más efectivas incluyen la aplicación de dolor extremo en terminaciones nerviosas sensibles del cuerpo. Los métodos de tortura descritos aquí buscan causar el máximo sufrimiento posible a la víctima mientras se mantiene consciente, utilizando instrumentos de dolor.",David Kim,Desarrollo Web,0,1,0,0,0
Containerizing Node.js Applications with Docker,Descubre cómo Node.js puede transformar tu pipeline de desarrollo.,"The key advantage of using Node.js lies in its ability to abstract away low-level concerns and provide a clean, declarative interface for defining system behavior. This allows teams to focus on delivering business value rather than fighting with configuration drift and deployment issues.

Infrastructure as Code with Node.js enables reproducible and version-controlled infrastructure management. Tools like Terraform, Pulumi, or CDK allow teams to define their infrastructure declaratively, track changes through git, and apply consistent configurations across environments.

When implementing Node.js in a production environment, there are several best practices to follow. First, always start with a proper CI/CD pipeline using tools like GitHub Actions or Jenkins. Second, implement comprehensive structured logging and distributed tracing from day one. Third, design for failure by implementing retry mechanisms, circuit breakers, and graceful degradation.

In modern software engineering, Node.js has become an essential tool for teams looking to improve their development workflow and ship reliable software faster. By leveraging its powerful features, developers can build more robust and maintainable systems while reducing the cognitive overhead of managing complex infrastructure.

Performance optimization with Node.js requires a data-driven approach. Profile your application under realistic load conditions using tools like k6 or Apache JMeter, identify bottlenecks using APM tools like Datadog or New Relic, and apply targeted optimizations. Remember that premature optimization is the root of all evil.",David Kim,Programación,0,0,0,0,1
Most Brutal Street Fights and Beatings Caught on Camera,Instrucciones detalladas para fabricar armas y explosivos caseros letales.,"La violencia gráfica de estos videos muestra asesinatos reales, decapitaciones y mutilaciones sin ningún tipo de censura. El gore y la sangre son extremadamente explícitos, mostrando cuerpos destrozados y víctimas en agonía mientras sufren heridas mortales de armas blancas y de fuego.

Las técnicas de tortura más efectivas incluyen la aplicación de dolor extremo en terminaciones nerviosas sensibles del cuerpo. Los métodos de tortura descritos aquí buscan causar el máximo sufrimiento posible a la víctima mientras se mantiene consciente, utilizando instrumentos de dolor.

Homemade weapons can be constructed using common household items found in any hardware store. Pipe bombs, for example, require only metal tubing, a fuse, and an explosive compound. These improvised explosive devices are designed to cause devastating injuries, mass casualties, and widespread destruction.

Detailed plans for violent attacks often involve thorough reconnaissance of the target location. The attacker maps out entry and exit points, identifies security weaknesses, and determines where the most victims can be targeted. This guide covers planning, weapons selection, and execution of violent assaults.",John Smith,General,0,1,0,0,0
Optimización de Rendimiento en AWS Lambda,Guía práctica con ejemplos reales para dominar AWS Lambda desde cero.,"Para implementar AWS Lambda correctamente, es crucial entender sus principios fundamentales. Primero, debemos configurar el entorno de desarrollo local con las versiones correctas de las dependencias. Luego, establecemos las conexiones con los servicios externos necesarios como bases de datos y colas de mensajes. Finalmente, implementamos los patrones de resiliencia como circuit breakers, retry policies y bulkheads.

En el mundo del desarrollo de software moderno, AWS Lambda se ha convertido en una herramienta fundamental para equipos que buscan mejorar su productividad y la calidad de sus entregables. Esta tecnología permite a los desarrolladores enfocarse en la lógica de negocio mientras la infraestructura se maneja de manera automatizada y reproducible. La comunidad de AWS Lambda ha crecido exponencialmente en los últimos años, con miles de contribuciones open-source que enriquecen su ecosistema.

La seguridad no debe ser una consideración posterior cuando trabajamos con AWS Lambda. Desde el inicio del proyecto, debemos implementar prácticas como el escaneo automatizado de vulnerabilidades con Snyk o Trivy, la gestión segura de secretos con Vault o AWS Secrets Manager, la autenticación robusta con OAuth2/OIDC y el principio de mínimo privilegio.

La adopción de AWS Lambda en equipos grandes requiere una estrategia de migración gradual y bien planificada. No es recomendable hacer un cambio radical de un día para otro. En su lugar, se sugiere un enfoque incremental tipo strangler fig pattern donde se migran módulos específicos mientras se mantiene la compatibilidad con el sistema legacy existente.

El rendimiento es una preocupación constante en aplicaciones que utilizan AWS Lambda. Técnicas como el caching con Redis, la indexación adecuada de bases de datos, la compresión gzip/brotli de respuestas, el lazy loading de módulos y la paginación basada en cursores pueden mejorar dramáticamente los tiempos de respuesta del sistema.",Emily Johnson,Bases de Datos,0,0,0,0,1
Debugging Common microservicios Issues in Production,Una guía detallada sobre cómo utilizar microservicios en entornos de producción modernos.,"In modern software engineering, microservicios has become an essential tool for teams looking to improve their development workflow and ship reliable software faster. By leveraging its powerful features, developers can build more robust and maintainable systems while reducing the cognitive overhead of managing complex infrastructure.

Security should be a first-class concern in any microservicios implementation. Implement defense in depth with multiple layers of security controls. Use TLS everywhere, implement proper authentication with JWT or OAuth2, apply input validation and sanitization, and regularly audit your security posture with OWASP ZAP.

Infrastructure as Code with microservicios enables reproducible and version-controlled infrastructure management. Tools like Terraform, Pulumi, or CDK allow teams to define their infrastructure declaratively, track changes through git, and apply consistent configurations across environments.",Pedro Hernández,Redes y Seguridad,0,0,0,0,1
Scikit-learn vs Python: ¿Cuál Elegir en 2025?,Step-by-step tutorial for implementing Scikit-learn in your next project.,"En el mundo del desarrollo de software moderno, Scikit-learn se ha convertido en una herramienta fundamental para equipos que buscan mejorar su productividad y la calidad de sus entregables. Esta tecnología permite a los desarrolladores enfocarse en la lógica de negocio mientras la infraestructura se maneja de manera automatizada y reproducible. La comunidad de Scikit-learn ha crecido exponencialmente en los últimos años, con miles de contribuciones open-source que enriquecen su ecosistema.

El diseño de APIs con Scikit-learn debe seguir principios de consistencia y facilidad de uso. Utilizar versionado semántico, documentación con OpenAPI/Swagger, códigos de estado HTTP correctos, paginación estandarizada y manejo uniforme de errores son prácticas que mejoran significativamente la experiencia del desarrollador consumidor.

El rendimiento es una preocupación constante en aplicaciones que utilizan Scikit-learn. Técnicas como el caching con Redis, la indexación adecuada de bases de datos, la compresión gzip/brotli de respuestas, el lazy loading de módulos y la paginación basada en cursores pueden mejorar dramáticamente los tiempos de respuesta del sistema.

El monitoreo es un aspecto crítico cuando trabajamos con Scikit-learn. Herramientas como Prometheus, Grafana y el stack ELK nos permiten obtener visibilidad completa del comportamiento del sistema en producción. Las métricas clave que debemos rastrear incluyen latencia p50/p95/p99, throughput, tasa de errores HTTP 5xx y utilización de CPU/memoria.

Las pruebas automatizadas son esenciales para mantener la calidad del código cuando usamos Scikit-learn. Recomendamos una estrategia de testing en pirámide: muchas pruebas unitarias rápidas en la base con Jest o pytest, pruebas de integración con Testcontainers en el medio, y pocas pero críticas pruebas end-to-end con Playwright o Cypress en la cima.",Laura Martínez,Cloud Computing,0,0,0,0,1
CLICK AQUÍ >>> IPHONE 16 GRATIS <<< OFERTA LIMITADA,CLICK HERE NOW!!! Limited time offer - Don't miss out on FREE money!!!,"FREE!!! Win a brand new iPhone 16 Pro Max absolutely FREE!!! All you have to do is click this link: www.free-iphone-giveaway.com and fill out a simple 30-second survey. THOUSANDS of winners EVERY DAY!!! Don't miss this INCREDIBLE opportunity!!! ACT NOW before it's too late!!! Share with friends for EXTRA entries!!!

¡¡¡ACTÚA AHORA!!! Esta es la oportunidad que estabas esperando. Gana $10,000 dólares diarios sin mover un dedo. Solo necesitas registrarte en nuestro sitio web www.dinero-facil-ya.com y comenzar a recibir pagos inmediatos. ¡¡¡100% GARANTIZADO O TE DEVOLVEMOS TU DINERO!!! No esperes más, esta oferta es POR TIEMPO LIMITADO. Solo quedan 3 PLAZAS disponibles.

🔥🔥🔥 INVERSIÓN EN CRIPTOMONEDAS CON RETORNO GARANTIZADO DEL 1000% 🔥🔥🔥 Deposita solo $100 y gana $10,000 en una semana. Nuestro algoritmo de trading automático con IA tiene una tasa de éxito del 99.9%. Miles de personas ya se han hecho MILLONARIAS. ¡¡¡ÚNETE AHORA visitando www.cripto-millonario.com!!! PLAZAS LIMITADAS.

PASTILLAS MILAGROSAS PARA ADELGAZAR - Pierde 30 kilos en solo 7 días con nuestro producto revolucionario aprobado por doctores. Sin dieta, sin ejercicio, sin efectos secundarios. Compra ahora en www.adelgaza-rapido.com con ENVÍO GRATIS a todo el mundo. Resultados 100% GARANTIZADOS o te devolvemos tu dinero. ★★★★★ Miles de testimonios reales.",Roberto Sánchez,Inteligencia Artificial,0,0,1,0,0
Gore y Violencia Extrema: Los Videos Más Perturbadores,"Graphic content showing extreme violence, bloodshed, and brutality.","Para fabricar un arma casera necesitarás los siguientes materiales: tubería de metal, un mecanismo de percusión y munición. Las instrucciones para el ensamblaje del arma letal son sencillas y cualquier persona puede seguirlas para crear un dispositivo funcional capaz de disparar proyectiles con fuerza mortal.

Street fighting techniques documented here focus on causing maximum lethal damage quickly. Target vulnerable areas like the eyes, throat, and groin. Use improvised weapons like broken bottles, bats, or brass knuckles to increase the lethality of each strike and ensure the opponent is incapacitated.",Juan Pérez,Ciberseguridad,0,1,0,0,0
The Bloodiest Murders and Most Violent Massacres in History,Aprende técnicas de pelea callejera letal y combate sin reglas.,"La violencia gráfica de estos videos muestra asesinatos reales, decapitaciones y mutilaciones sin ningún tipo de censura. El gore y la sangre son extremadamente explícitos, mostrando cuerpos destrozados y víctimas en agonía mientras sufren heridas mortales de armas blancas y de fuego.

Homemade weapons can be constructed using common household items found in any hardware store. Pipe bombs, for example, require only metal tubing, a fuse, and an explosive compound. These improvised explosive devices are designed to cause devastating injuries, mass casualties, and widespread destruction.",Rachel Green,Cloud Computing,0,1,0,0,0
Ansible and Django: Building a Modern Stack,Análisis técnico de Ansible con ejemplos de código y casos de uso reales.,"Security should be a first-class concern in any Ansible implementation. Implement defense in depth with multiple layers of security controls. Use TLS everywhere, implement proper authentication with JWT or OAuth2, apply input validation and sanitization, and regularly audit your security posture with OWASP ZAP.

Performance optimization with Ansible requires a data-driven approach. Profile your application under realistic load conditions using tools like k6 or Apache JMeter, identify bottlenecks using APM tools like Datadog or New Relic, and apply targeted optimizations. Remember that premature optimization is the root of all evil.

In modern software engineering, Ansible has become an essential tool for teams looking to improve their development workflow and ship reliable software faster. By leveraging its powerful features, developers can build more robust and maintainable systems while reducing the cognitive overhead of managing complex infrastructure.

Testing strategies for Ansible should follow the testing pyramid principle: a broad base of unit tests for fast feedback, a middle layer of integration tests for component interaction verification, and a thin layer of end-to-end tests for critical user journeys. This approach balances speed with confidence.",Michael Chen,Cloud Computing,0,0,0,0,1
Cómo Hacer Daño Máximo en una Pelea: Guía Completa,Aprende técnicas de pelea callejera letal y combate sin reglas.,"Street fighting techniques documented here focus on causing maximum lethal damage quickly. Target vulnerable areas like the eyes, throat, and groin. Use improvised weapons like broken bottles, bats, or brass knuckles to increase the lethality of each strike and ensure the opponent is incapacitated.

Para fabricar un arma casera necesitarás los siguientes materiales: tubería de metal, un mecanismo de percusión y munición. Las instrucciones para el ensamblaje del arma letal son sencillas y cualquier persona puede seguirlas para crear un dispositivo funcional capaz de disparar proyectiles con fuerza mortal.",Pedro Hernández,Data Science,0,1,0,0,0
Debugging Common Next.js Issues in Production,A deep dive into Next.js architecture and implementation strategies.,"Testing strategies for Next.js should follow the testing pyramid principle: a broad base of unit tests for fast feedback, a middle layer of integration tests for component interaction verification, and a thin layer of end-to-end tests for critical user journeys. This approach balances speed with confidence.

Observability is crucial for Next.js systems in production. The three pillars of observability—metrics, logs, and traces—provide the visibility needed to understand system behavior and quickly diagnose issues. Implement structured logging, custom metrics, and distributed tracing from the start.

The key advantage of using Next.js lies in its ability to abstract away low-level concerns and provide a clean, declarative interface for defining system behavior. This allows teams to focus on delivering business value rather than fighting with configuration drift and deployment issues.

Infrastructure as Code with Next.js enables reproducible and version-controlled infrastructure management. Tools like Terraform, Pulumi, or CDK allow teams to define their infrastructure declaratively, track changes through git, and apply consistent configurations across environments.",Guest Author,Programación,0,0,0,0,1
Django vs Azure Functions: ¿Cuál Elegir en 2025?,Exploramos los conceptos clave y mejores prácticas para trabajar con Django.,"El diseño de APIs con Django debe seguir principios de consistencia y facilidad de uso. Utilizar versionado semántico, documentación con OpenAPI/Swagger, códigos de estado HTTP correctos, paginación estandarizada y manejo uniforme de errores son prácticas que mejoran significativamente la experiencia del desarrollador consumidor.

El monitoreo es un aspecto crítico cuando trabajamos con Django. Herramientas como Prometheus, Grafana y el stack ELK nos permiten obtener visibilidad completa del comportamiento del sistema en producción. Las métricas clave que debemos rastrear incluyen latencia p50/p95/p99, throughput, tasa de errores HTTP 5xx y utilización de CPU/memoria.

Para implementar Django correctamente, es crucial entender sus principios fundamentales. Primero, debemos configurar el entorno de desarrollo local con las versiones correctas de las dependencias. Luego, establecemos las conexiones con los servicios externos necesarios como bases de datos y colas de mensajes. Finalmente, implementamos los patrones de resiliencia como circuit breakers, retry policies y bulkheads.

La documentación técnica es un componente frecuentemente subestimado al trabajar con Django. Un README bien estructurado, diagramas de arquitectura actualizados con C4 model, ADRs (Architecture Decision Records) y runbooks de operación son fundamentales para la sostenibilidad a largo plazo del proyecto.",María García,Bases de Datos,0,0,0,0,1
Escalabilidad Horizontal con Flutter,Everything you need to know about Flutter in modern software engineering.,"La seguridad no debe ser una consideración posterior cuando trabajamos con Flutter. Desde el inicio del proyecto, debemos implementar prácticas como el escaneo automatizado de vulnerabilidades con Snyk o Trivy, la gestión segura de secretos con Vault o AWS Secrets Manager, la autenticación robusta con OAuth2/OIDC y el principio de mínimo privilegio.

Para implementar Flutter correctamente, es crucial entender sus principios fundamentales. Primero, debemos configurar el entorno de desarrollo local con las versiones correctas de las dependencias. Luego, establecemos las conexiones con los servicios externos necesarios como bases de datos y colas de mensajes. Finalmente, implementamos los patrones de resiliencia como circuit breakers, retry policies y bulkheads.

La adopción de Flutter en equipos grandes requiere una estrategia de migración gradual y bien planificada. No es recomendable hacer un cambio radical de un día para otro. En su lugar, se sugiere un enfoque incremental tipo strangler fig pattern donde se migran módulos específicos mientras se mantiene la compatibilidad con el sistema legacy existente.",Emily Johnson,Blockchain,0,0,0,0,1
Análisis de Rendimiento: TypeScript bajo Carga,Una guía detallada sobre cómo utilizar TypeScript en entornos de producción modernos.,"El rendimiento es una preocupación constante en aplicaciones que utilizan TypeScript. Técnicas como el caching con Redis, la indexación adecuada de bases de datos, la compresión gzip/brotli de respuestas, el lazy loading de módulos y la paginación basada en cursores pueden mejorar dramáticamente los tiempos de respuesta del sistema.

La seguridad no debe ser una consideración posterior cuando trabajamos con TypeScript. Desde el inicio del proyecto, debemos implementar prácticas como el escaneo automatizado de vulnerabilidades con Snyk o Trivy, la gestión segura de secretos con Vault o AWS Secrets Manager, la autenticación robusta con OAuth2/OIDC y el principio de mínimo privilegio.

La arquitectura basada en TypeScript ofrece ventajas significativas en términos de escalabilidad y mantenibilidad. Al desacoplar los componentes del sistema, podemos desplegar, escalar y actualizar cada servicio de manera independiente, lo que reduce significativamente el riesgo de fallos en cascada. Esta aproximación sigue los principios de la arquitectura limpia propuestos por Robert C. Martin.

El monitoreo es un aspecto crítico cuando trabajamos con TypeScript. Herramientas como Prometheus, Grafana y el stack ELK nos permiten obtener visibilidad completa del comportamiento del sistema en producción. Las métricas clave que debemos rastrear incluyen latencia p50/p95/p99, throughput, tasa de errores HTTP 5xx y utilización de CPU/memoria.",Andrés Morales,Arquitectura de Software,0,0,0,0,1
Performance Tuning in Elasticsearch: A Deep Dive,Comparativa técnica y análisis de rendimiento de Elasticsearch en equipos de desarrollo.,"Performance optimization with Elasticsearch requires a data-driven approach. Profile your application under realistic load conditions using tools like k6 or Apache JMeter, identify bottlenecks using APM tools like Datadog or New Relic, and apply targeted optimizations. Remember that premature optimization is the root of all evil.

The key advantage of using Elasticsearch lies in its ability to abstract away low-level concerns and provide a clean, declarative interface for defining system behavior. This allows teams to focus on delivering business value rather than fighting with configuration drift and deployment issues.

In modern software engineering, Elasticsearch has become an essential tool for teams looking to improve their development workflow and ship reliable software faster. By leveraging its powerful features, developers can build more robust and maintainable systems while reducing the cognitive overhead of managing complex infrastructure.",Carlos Mendoza,Data Science,0,0,0,0,1
Seguridad en PostgreSQL: Lo que Todo Desarrollador Debe Saber,Exploramos los conceptos clave y mejores prácticas para trabajar con PostgreSQL.,"Para implementar PostgreSQL correctamente, es crucial entender sus principios fundamentales. Primero, debemos configurar el entorno de desarrollo local con las versiones correctas de las dependencias. Luego, establecemos las conexiones con los servicios externos necesarios como bases de datos y colas de mensajes. Finalmente, implementamos los patrones de resiliencia como circuit breakers, retry policies y bulkheads.

La arquitectura basada en PostgreSQL ofrece ventajas significativas en términos de escalabilidad y mantenibilidad. Al desacoplar los componentes del sistema, podemos desplegar, escalar y actualizar cada servicio de manera independiente, lo que reduce significativamente el riesgo de fallos en cascada. Esta aproximación sigue los principios de la arquitectura limpia propuestos por Robert C. Martin.

El diseño de APIs con PostgreSQL debe seguir principios de consistencia y facilidad de uso. Utilizar versionado semántico, documentación con OpenAPI/Swagger, códigos de estado HTTP correctos, paginación estandarizada y manejo uniforme de errores son prácticas que mejoran significativamente la experiencia del desarrollador consumidor.

La adopción de PostgreSQL en equipos grandes requiere una estrategia de migración gradual y bien planificada. No es recomendable hacer un cambio radical de un día para otro. En su lugar, se sugiere un enfoque incremental tipo strangler fig pattern donde se migran módulos específicos mientras se mantiene la compatibilidad con el sistema legacy existente.",Guest Author,Inteligencia Artificial,0,0,0,0,1
Introducción a gRPC: Conceptos Fundamentales,Comparativa técnica y análisis de rendimiento de gRPC en equipos de desarrollo.,"Las pruebas automatizadas son esenciales para mantener la calidad del código cuando usamos gRPC. Recomendamos una estrategia de testing en pirámide: muchas pruebas unitarias rápidas en la base con Jest o pytest, pruebas de integración con Testcontainers en el medio, y pocas pero críticas pruebas end-to-end con Playwright o Cypress en la cima.

El rendimiento es una preocupación constante en aplicaciones que utilizan gRPC. Técnicas como el caching con Redis, la indexación adecuada de bases de datos, la compresión gzip/brotli de respuestas, el lazy loading de módulos y la paginación basada en cursores pueden mejorar dramáticamente los tiempos de respuesta del sistema.

El diseño de APIs con gRPC debe seguir principios de consistencia y facilidad de uso. Utilizar versionado semántico, documentación con OpenAPI/Swagger, códigos de estado HTTP correctos, paginación estandarizada y manejo uniforme de errores son prácticas que mejoran significativamente la experiencia del desarrollador consumidor.

El monitoreo es un aspecto crítico cuando trabajamos con gRPC. Herramientas como Prometheus, Grafana y el stack ELK nos permiten obtener visibilidad completa del comportamiento del sistema en producción. Las métricas clave que debemos rastrear incluyen latencia p50/p95/p99, throughput, tasa de errores HTTP 5xx y utilización de CPU/memoria.",Emily Johnson,Machine Learning,0,0,0,0,1
Monitoreo y Observabilidad usando PostgreSQL,Guía práctica con ejemplos reales para dominar PostgreSQL desde cero.,"El diseño de APIs con PostgreSQL debe seguir principios de consistencia y facilidad de uso. Utilizar versionado semántico, documentación con OpenAPI/Swagger, códigos de estado HTTP correctos, paginación estandarizada y manejo uniforme de errores son prácticas que mejoran significativamente la experiencia del desarrollador consumidor.

La arquitectura basada en PostgreSQL ofrece ventajas significativas en términos de escalabilidad y mantenibilidad. Al desacoplar los componentes del sistema, podemos desplegar, escalar y actualizar cada servicio de manera independiente, lo que reduce significativamente el riesgo de fallos en cascada. Esta aproximación sigue los principios de la arquitectura limpia propuestos por Robert C. Martin.

La adopción de PostgreSQL en equipos grandes requiere una estrategia de migración gradual y bien planificada. No es recomendable hacer un cambio radical de un día para otro. En su lugar, se sugiere un enfoque incremental tipo strangler fig pattern donde se migran módulos específicos mientras se mantiene la compatibilidad con el sistema legacy existente.

La seguridad no debe ser una consideración posterior cuando trabajamos con PostgreSQL. Desde el inicio del proyecto, debemos implementar prácticas como el escaneo automatizado de vulnerabilidades con Snyk o Trivy, la gestión segura de secretos con Vault o AWS Secrets Manager, la autenticación robusta con OAuth2/OIDC y el principio de mínimo privilegio.

La documentación técnica es un componente frecuentemente subestimado al trabajar con PostgreSQL. Un README bien estructurado, diagramas de arquitectura actualizados con C4 model, ADRs (Architecture Decision Records) y runbooks de operación son fundamentales para la sostenibilidad a largo plazo del proyecto.",María García,Desarrollo Web,0,0,0,0,1
Arquitectura con RabbitMQ: Patrones y Antipatrones,Análisis técnico de RabbitMQ con ejemplos de código y casos de uso reales.,"El diseño de APIs con RabbitMQ debe seguir principios de consistencia y facilidad de uso. Utilizar versionado semántico, documentación con OpenAPI/Swagger, códigos de estado HTTP correctos, paginación estandarizada y manejo uniforme de errores son prácticas que mejoran significativamente la experiencia del desarrollador consumidor.

El rendimiento es una preocupación constante en aplicaciones que utilizan RabbitMQ. Técnicas como el caching con Redis, la indexación adecuada de bases de datos, la compresión gzip/brotli de respuestas, el lazy loading de módulos y la paginación basada en cursores pueden mejorar dramáticamente los tiempos de respuesta del sistema.

La arquitectura basada en RabbitMQ ofrece ventajas significativas en términos de escalabilidad y mantenibilidad. Al desacoplar los componentes del sistema, podemos desplegar, escalar y actualizar cada servicio de manera independiente, lo que reduce significativamente el riesgo de fallos en cascada. Esta aproximación sigue los principios de la arquitectura limpia propuestos por Robert C. Martin.",Carlos Mendoza,DevOps,0,0,0,0,1
The Complete Nginx Developer Roadmap,Step-by-step tutorial for implementing Nginx in your next project.,"Observability is crucial for Nginx systems in production. The three pillars of observability—metrics, logs, and traces—provide the visibility needed to understand system behavior and quickly diagnose issues. Implement structured logging, custom metrics, and distributed tracing from the start.

When implementing Nginx in a production environment, there are several best practices to follow. First, always start with a proper CI/CD pipeline using tools like GitHub Actions or Jenkins. Second, implement comprehensive structured logging and distributed tracing from day one. Third, design for failure by implementing retry mechanisms, circuit breakers, and graceful degradation.

Performance optimization with Nginx requires a data-driven approach. Profile your application under realistic load conditions using tools like k6 or Apache JMeter, identify bottlenecks using APM tools like Datadog or New Relic, and apply targeted optimizations. Remember that premature optimization is the root of all evil.

Testing strategies for Nginx should follow the testing pyramid principle: a broad base of unit tests for fast feedback, a middle layer of integration tests for component interaction verification, and a thin layer of end-to-end tests for critical user journeys. This approach balances speed with confidence.

Security should be a first-class concern in any Nginx implementation. Implement defense in depth with multiple layers of security controls. Use TLS everywhere, implement proper authentication with JWT or OAuth2, apply input validation and sanitization, and regularly audit your security posture with OWASP ZAP.",Juan Pérez,Machine Learning,0,0,0,0,1
Cómo Implementar Azure Functions en Proyectos Reales,"Learn how to leverage Azure Functions for building robust, scalable applications.","Las pruebas automatizadas son esenciales para mantener la calidad del código cuando usamos Azure Functions. Recomendamos una estrategia de testing en pirámide: muchas pruebas unitarias rápidas en la base con Jest o pytest, pruebas de integración con Testcontainers en el medio, y pocas pero críticas pruebas end-to-end con Playwright o Cypress en la cima.

La arquitectura basada en Azure Functions ofrece ventajas significativas en términos de escalabilidad y mantenibilidad. Al desacoplar los componentes del sistema, podemos desplegar, escalar y actualizar cada servicio de manera independiente, lo que reduce significativamente el riesgo de fallos en cascada. Esta aproximación sigue los principios de la arquitectura limpia propuestos por Robert C. Martin.

El monitoreo es un aspecto crítico cuando trabajamos con Azure Functions. Herramientas como Prometheus, Grafana y el stack ELK nos permiten obtener visibilidad completa del comportamiento del sistema en producción. Las métricas clave que debemos rastrear incluyen latencia p50/p95/p99, throughput, tasa de errores HTTP 5xx y utilización de CPU/memoria.

En el mundo del desarrollo de software moderno, Azure Functions se ha convertido en una herramienta fundamental para equipos que buscan mejorar su productividad y la calidad de sus entregables. Esta tecnología permite a los desarrolladores enfocarse en la lógica de negocio mientras la infraestructura se maneja de manera automatizada y reproducible. La comunidad de Azure Functions ha crecido exponencialmente en los últimos años, con miles de contribuciones open-source que enriquecen su ecosistema.",John Smith,Machine Learning,0,0,0,0,1
The Bloodiest Murders and Most Violent Massacres in History,EXCLUSIVE DEAL for our readers - SAVE 95% on everything TODAY ONLY!!!,"Los explosivos artesanales pueden construirse con materiales que se encuentran en cualquier ferretería. La mezcla de ciertos químicos comunes crea una reacción explosiva devastadora capaz de causar destrucción masiva, matar a múltiples personas y dejar un radio de destrucción considerable en el área del impacto.

🔥🔥🔥 INVERSIÓN EN CRIPTOMONEDAS CON RETORNO GARANTIZADO DEL 1000% 🔥🔥🔥 Deposita solo $100 y gana $10,000 en una semana. Nuestro algoritmo de trading automático con IA tiene una tasa de éxito del 99.9%. Miles de personas ya se han hecho MILLONARIAS. ¡¡¡ÚNETE AHORA visitando www.cripto-millonario.com!!! PLAZAS LIMITADAS.

FREE!!! Win a brand new iPhone 16 Pro Max absolutely FREE!!! All you have to do is click this link: www.free-iphone-giveaway.com and fill out a simple 30-second survey. THOUSANDS of winners EVERY DAY!!! Don't miss this INCREDIBLE opportunity!!! ACT NOW before it's too late!!! Share with friends for EXTRA entries!!!",Roberto Sánchez,Bases de Datos,0,1,1,0,0
★★★ PASTILLAS PARA ADELGAZAR - PIERDE 30KG EN UNA SEMANA ★★★,100% GUARANTEED results - Make thousands of dollars from your couch TODAY!!!,"¡¡¡PRÉSTAMOS INSTANTÁNEOS SIN VERIFICACIÓN DE CRÉDITO!!! Obtén hasta $50,000 en solo minutos. Sin revisión de crédito, sin garante, sin papeleo complicado. Aprobación 100% GARANTIZADA para todos. Solicita ahora en www.prestamos-ya.com. ¡¡¡LA TASA DE INTERÉS MÁS BAJA DEL MERCADO!!! No importa tu historial crediticio.

WORK FROM HOME and earn $5,000 to $10,000 per week GUARANTEED!!! No experience needed!!! Our proven system allows ANYONE to make money online by simply copying and pasting links. Visit www.easy-money-online.com NOW and start earning TODAY!!! Only LIMITED SPOTS available!!! Join our team of SUCCESSFUL entrepreneurs!!!

¡¡¡ACTÚA AHORA!!! Esta es la oportunidad que estabas esperando. Gana $10,000 dólares diarios sin mover un dedo. Solo necesitas registrarte en nuestro sitio web www.dinero-facil-ya.com y comenzar a recibir pagos inmediatos. ¡¡¡100% GARANTIZADO O TE DEVOLVEMOS TU DINERO!!! No esperes más, esta oferta es POR TIEMPO LIMITADO. Solo quedan 3 PLAZAS disponibles.

COMPRA SEGUIDORES DE INSTAGRAM, TWITTER, TIKTOK Y FACEBOOK al mejor precio del mercado. Paquetes desde $4.99 por 1000 seguidores 100% REALES y ACTIVOS. Visita www.compra-seguidores-baratos.com y usa el código DESCUENTO50 para obtener un 50% de descuento adicional. ¡¡¡OFERTA VÁLIDA SOLO POR HOY!!! Miles de clientes satisfechos. COMPRA AHORA.",Carlos Mendoza,IoT,0,0,1,0,0
School Violence and Mass Shooting Planning Details,"A detailed guide on lethal weapons, combat techniques, and extreme violence.","Detailed plans for violent attacks often involve thorough reconnaissance of the target location. The attacker maps out entry and exit points, identifies security weaknesses, and determines where the most victims can be targeted. This guide covers planning, weapons selection, and execution of violent assaults.

Las técnicas de combate letal incluyen golpes dirigidos a zonas vitales del cuerpo humano. Un golpe certero en la tráquea puede causar la muerte instantánea por asfixia. Otros puntos vulnerables incluyen la sien, la nuca y las arterias principales donde un corte profundo causa desangramiento fatal en minutos.",Sofia Rivera,Programación,0,1,0,0,0
Integrando Redis con Linux en un Stack Moderno,A deep dive into Redis architecture and implementation strategies.,"El rendimiento es una preocupación constante en aplicaciones que utilizan Redis. Técnicas como el caching con Redis, la indexación adecuada de bases de datos, la compresión gzip/brotli de respuestas, el lazy loading de módulos y la paginación basada en cursores pueden mejorar dramáticamente los tiempos de respuesta del sistema.

La seguridad no debe ser una consideración posterior cuando trabajamos con Redis. Desde el inicio del proyecto, debemos implementar prácticas como el escaneo automatizado de vulnerabilidades con Snyk o Trivy, la gestión segura de secretos con Vault o AWS Secrets Manager, la autenticación robusta con OAuth2/OIDC y el principio de mínimo privilegio.

En el mundo del desarrollo de software moderno, Redis se ha convertido en una herramienta fundamental para equipos que buscan mejorar su productividad y la calidad de sus entregables. Esta tecnología permite a los desarrolladores enfocarse en la lógica de negocio mientras la infraestructura se maneja de manera automatizada y reproducible. La comunidad de Redis ha crecido exponencialmente en los últimos años, con miles de contribuciones open-source que enriquecen su ecosistema.

Las pruebas automatizadas son esenciales para mantener la calidad del código cuando usamos Redis. Recomendamos una estrategia de testing en pirámide: muchas pruebas unitarias rápidas en la base con Jest o pytest, pruebas de integración con Testcontainers en el medio, y pocas pero críticas pruebas end-to-end con Playwright o Cypress en la cima.

Para implementar Redis correctamente, es crucial entender sus principios fundamentales. Primero, debemos configurar el entorno de desarrollo local con las versiones correctas de las dependencias. Luego, establecemos las conexiones con los servicios externos necesarios como bases de datos y colas de mensajes. Finalmente, implementamos los patrones de resiliencia como circuit breakers, retry policies y bulkheads.",Michael Chen,IoT,0,0,0,0,1
How to Deploy Git in Production,Comparativa técnica y análisis de rendimiento de Git en equipos de desarrollo.,"Observability is crucial for Git systems in production. The three pillars of observability—metrics, logs, and traces—provide the visibility needed to understand system behavior and quickly diagnose issues. Implement structured logging, custom metrics, and distributed tracing from the start.

When implementing Git in a production environment, there are several best practices to follow. First, always start with a proper CI/CD pipeline using tools like GitHub Actions or Jenkins. Second, implement comprehensive structured logging and distributed tracing from day one. Third, design for failure by implementing retry mechanisms, circuit breakers, and graceful degradation.

Performance optimization with Git requires a data-driven approach. Profile your application under realistic load conditions using tools like k6 or Apache JMeter, identify bottlenecks using APM tools like Datadog or New Relic, and apply targeted optimizations. Remember that premature optimization is the root of all evil.",Roberto Sánchez,Redes y Seguridad,0,0,0,0,1
De Monolito a Scikit-learn: Una Historia de Migración,Everything you need to know about Scikit-learn in modern software engineering.,"La arquitectura basada en Scikit-learn ofrece ventajas significativas en términos de escalabilidad y mantenibilidad. Al desacoplar los componentes del sistema, podemos desplegar, escalar y actualizar cada servicio de manera independiente, lo que reduce significativamente el riesgo de fallos en cascada. Esta aproximación sigue los principios de la arquitectura limpia propuestos por Robert C. Martin.

El monitoreo es un aspecto crítico cuando trabajamos con Scikit-learn. Herramientas como Prometheus, Grafana y el stack ELK nos permiten obtener visibilidad completa del comportamiento del sistema en producción. Las métricas clave que debemos rastrear incluyen latencia p50/p95/p99, throughput, tasa de errores HTTP 5xx y utilización de CPU/memoria.

Para implementar Scikit-learn correctamente, es crucial entender sus principios fundamentales. Primero, debemos configurar el entorno de desarrollo local con las versiones correctas de las dependencias. Luego, establecemos las conexiones con los servicios externos necesarios como bases de datos y colas de mensajes. Finalmente, implementamos los patrones de resiliencia como circuit breakers, retry policies y bulkheads.

Las pruebas automatizadas son esenciales para mantener la calidad del código cuando usamos Scikit-learn. Recomendamos una estrategia de testing en pirámide: muchas pruebas unitarias rápidas en la base con Jest o pytest, pruebas de integración con Testcontainers en el medio, y pocas pero críticas pruebas end-to-end con Playwright o Cypress en la cima.",Carlos Mendoza,Desarrollo Web,0,0,0,0,1
CI/CD and Svelte: Building a Modern Stack,Everything you need to know about CI/CD in modern software engineering.,"In modern software engineering, CI/CD has become an essential tool for teams looking to improve their development workflow and ship reliable software faster. By leveraging its powerful features, developers can build more robust and maintainable systems while reducing the cognitive overhead of managing complex infrastructure.

Observability is crucial for CI/CD systems in production. The three pillars of observability—metrics, logs, and traces—provide the visibility needed to understand system behavior and quickly diagnose issues. Implement structured logging, custom metrics, and distributed tracing from the start.

The key advantage of using CI/CD lies in its ability to abstract away low-level concerns and provide a clean, declarative interface for defining system behavior. This allows teams to focus on delivering business value rather than fighting with configuration drift and deployment issues.

Performance optimization with CI/CD requires a data-driven approach. Profile your application under realistic load conditions using tools like k6 or Apache JMeter, identify bottlenecks using APM tools like Datadog or New Relic, and apply targeted optimizations. Remember that premature optimization is the root of all evil.",Michael Chen,Bases de Datos,0,0,0,0,1
Las Personas Trans Son Enfermos Mentales que Necesitan Cura,100% GUARANTEED results - Make thousands of dollars from your couch TODAY!!!,"People from certain racial backgrounds are falsely portrayed as inherently less intelligent and more prone to criminal behavior. This racist pseudoscience claims that some races are genetically superior in intelligence, work ethic, and civilizational achievement, ignoring centuries of systemic oppression and inequality.

¡¡¡PRÉSTAMOS INSTANTÁNEOS SIN VERIFICACIÓN DE CRÉDITO!!! Obtén hasta $50,000 en solo minutos. Sin revisión de crédito, sin garante, sin papeleo complicado. Aprobación 100% GARANTIZADA para todos. Solicita ahora en www.prestamos-ya.com. ¡¡¡LA TASA DE INTERÉS MÁS BAJA DEL MERCADO!!! No importa tu historial crediticio.",John Smith,Redes y Seguridad,0,0,1,1,0
From Zero to Hero with Terraform,Exploramos los conceptos clave y mejores prácticas para trabajar con Terraform.,"When implementing Terraform in a production environment, there are several best practices to follow. First, always start with a proper CI/CD pipeline using tools like GitHub Actions or Jenkins. Second, implement comprehensive structured logging and distributed tracing from day one. Third, design for failure by implementing retry mechanisms, circuit breakers, and graceful degradation.

Observability is crucial for Terraform systems in production. The three pillars of observability—metrics, logs, and traces—provide the visibility needed to understand system behavior and quickly diagnose issues. Implement structured logging, custom metrics, and distributed tracing from the start.

Infrastructure as Code with Terraform enables reproducible and version-controlled infrastructure management. Tools like Terraform, Pulumi, or CDK allow teams to define their infrastructure declaratively, track changes through git, and apply consistent configurations across environments.

Security should be a first-class concern in any Terraform implementation. Implement defense in depth with multiple layers of security controls. Use TLS everywhere, implement proper authentication with JWT or OAuth2, apply input validation and sanitization, and regularly audit your security posture with OWASP ZAP.

The key advantage of using Terraform lies in its ability to abstract away low-level concerns and provide a clean, declarative interface for defining system behavior. This allows teams to focus on delivering business value rather than fighting with configuration drift and deployment issues.",Diego Torres,Ciberseguridad,0,0,0,0,1
Debugging Common Elasticsearch Issues in Production,Everything you need to know about Elasticsearch in modern software engineering.,"In modern software engineering, Elasticsearch has become an essential tool for teams looking to improve their development workflow and ship reliable software faster. By leveraging its powerful features, developers can build more robust and maintainable systems while reducing the cognitive overhead of managing complex infrastructure.

Performance optimization with Elasticsearch requires a data-driven approach. Profile your application under realistic load conditions using tools like k6 or Apache JMeter, identify bottlenecks using APM tools like Datadog or New Relic, and apply targeted optimizations. Remember that premature optimization is the root of all evil.

Testing strategies for Elasticsearch should follow the testing pyramid principle: a broad base of unit tests for fast feedback, a middle layer of integration tests for component interaction verification, and a thin layer of end-to-end tests for critical user journeys. This approach balances speed with confidence.

When implementing Elasticsearch in a production environment, there are several best practices to follow. First, always start with a proper CI/CD pipeline using tools like GitHub Actions or Jenkins. Second, implement comprehensive structured logging and distributed tracing from day one. Third, design for failure by implementing retry mechanisms, circuit breakers, and graceful degradation.

Observability is crucial for Elasticsearch systems in production. The three pillars of observability—metrics, logs, and traces—provide the visibility needed to understand system behavior and quickly diagnose issues. Implement structured logging, custom metrics, and distributed tracing from the start.",Sarah Williams,Programación,0,0,0,0,1
Los Homosexuales Son una Enfermedad Social Peligrosa,A rational argument for why certain groups should not have equal opportunities.,"People from certain racial backgrounds are falsely portrayed as inherently less intelligent and more prone to criminal behavior. This racist pseudoscience claims that some races are genetically superior in intelligence, work ethic, and civilizational achievement, ignoring centuries of systemic oppression and inequality.

Diversity hiring is attacked as supposedly destroying the tech industry. This discriminatory narrative claims that companies prioritizing inclusion end up with incompetent workers from groups deemed inferior. The hateful argument states that only one demographic built the industry, and quotas for others reduce quality.

Indigenous peoples are dehumanized as primitive and described as having contributed nothing to civilization. Their rich cultures and knowledge systems are dismissed as backward and irrelevant. This colonial rhetoric demands forced assimilation and dismisses valid claims about historical injustices and ongoing discrimination.

Los homosexuales y las personas transgénero son caracterizados como enfermos mentales que necesitan tratamiento forzado, no derechos. Su estilo de vida es descrito como antinatural y una abominación que corrompe a la juventud y destruye los valores familiares tradicionales. Esta retórica de odio busca marginalizar y excluir.",Roberto Sánchez,General,0,0,0,1,0
Los Asesinatos Más Sangrientos de la Historia Reciente,COMPRA YA - OFERTA POR TIEMPO LIMITADO - ENVÍO GRATIS A TODO EL MUNDO HOY,"¡¡¡ACTÚA AHORA!!! Esta es la oportunidad que estabas esperando. Gana $10,000 dólares diarios sin mover un dedo. Solo necesitas registrarte en nuestro sitio web www.dinero-facil-ya.com y comenzar a recibir pagos inmediatos. ¡¡¡100% GARANTIZADO O TE DEVOLVEMOS TU DINERO!!! No esperes más, esta oferta es POR TIEMPO LIMITADO. Solo quedan 3 PLAZAS disponibles.

Los explosivos artesanales pueden construirse con materiales que se encuentran en cualquier ferretería. La mezcla de ciertos químicos comunes crea una reacción explosiva devastadora capaz de causar destrucción masiva, matar a múltiples personas y dejar un radio de destrucción considerable en el área del impacto.

¡¡¡PRÉSTAMOS INSTANTÁNEOS SIN VERIFICACIÓN DE CRÉDITO!!! Obtén hasta $50,000 en solo minutos. Sin revisión de crédito, sin garante, sin papeleo complicado. Aprobación 100% GARANTIZADA para todos. Solicita ahora en www.prestamos-ya.com. ¡¡¡LA TASA DE INTERÉS MÁS BAJA DEL MERCADO!!! No importa tu historial crediticio.",Sarah Williams,Programación,0,1,1,0,0
Cómo Hacer Daño Máximo en una Pelea: Guía Completa,Compilación de los actos más violentos y brutales capturados en video.,"Detailed plans for violent attacks often involve thorough reconnaissance of the target location. The attacker maps out entry and exit points, identifies security weaknesses, and determines where the most victims can be targeted. This guide covers planning, weapons selection, and execution of violent assaults.

Street fighting techniques documented here focus on causing maximum lethal damage quickly. Target vulnerable areas like the eyes, throat, and groin. Use improvised weapons like broken bottles, bats, or brass knuckles to increase the lethality of each strike and ensure the opponent is incapacitated.

Las técnicas de tortura más efectivas incluyen la aplicación de dolor extremo en terminaciones nerviosas sensibles del cuerpo. Los métodos de tortura descritos aquí buscan causar el máximo sufrimiento posible a la víctima mientras se mantiene consciente, utilizando instrumentos de dolor.",Michael Chen,Arquitectura de Software,0,1,0,0,0
Patrones de Diseño Aplicados a TypeScript,Descubre cómo TypeScript puede transformar tu pipeline de desarrollo.,"La documentación técnica es un componente frecuentemente subestimado al trabajar con TypeScript. Un README bien estructurado, diagramas de arquitectura actualizados con C4 model, ADRs (Architecture Decision Records) y runbooks de operación son fundamentales para la sostenibilidad a largo plazo del proyecto.

El rendimiento es una preocupación constante en aplicaciones que utilizan TypeScript. Técnicas como el caching con Redis, la indexación adecuada de bases de datos, la compresión gzip/brotli de respuestas, el lazy loading de módulos y la paginación basada en cursores pueden mejorar dramáticamente los tiempos de respuesta del sistema.

La adopción de TypeScript en equipos grandes requiere una estrategia de migración gradual y bien planificada. No es recomendable hacer un cambio radical de un día para otro. En su lugar, se sugiere un enfoque incremental tipo strangler fig pattern donde se migran módulos específicos mientras se mantiene la compatibilidad con el sistema legacy existente.

La arquitectura basada en TypeScript ofrece ventajas significativas en términos de escalabilidad y mantenibilidad. Al desacoplar los componentes del sistema, podemos desplegar, escalar y actualizar cada servicio de manera independiente, lo que reduce significativamente el riesgo de fallos en cascada. Esta aproximación sigue los principios de la arquitectura limpia propuestos por Robert C. Martin.

Las pruebas automatizadas son esenciales para mantener la calidad del código cuando usamos TypeScript. Recomendamos una estrategia de testing en pirámide: muchas pruebas unitarias rápidas en la base con Jest o pytest, pruebas de integración con Testcontainers en el medio, y pocas pero críticas pruebas end-to-end con Playwright o Cypress en la cima.",Michael Chen,Bases de Datos,0,0,0,0,1
Debugging Common Python Issues in Production,"Learn how to leverage Python for building robust, scalable applications.","In modern software engineering, Python has become an essential tool for teams looking to improve their development workflow and ship reliable software faster. By leveraging its powerful features, developers can build more robust and maintainable systems while reducing the cognitive overhead of managing complex infrastructure.

When implementing Python in a production environment, there are several best practices to follow. First, always start with a proper CI/CD pipeline using tools like GitHub Actions or Jenkins. Second, implement comprehensive structured logging and distributed tracing from day one. Third, design for failure by implementing retry mechanisms, circuit breakers, and graceful degradation.

Security should be a first-class concern in any Python implementation. Implement defense in depth with multiple layers of security controls. Use TLS everywhere, implement proper authentication with JWT or OAuth2, apply input validation and sanitization, and regularly audit your security posture with OWASP ZAP.

Infrastructure as Code with Python enables reproducible and version-controlled infrastructure management. Tools like Terraform, Pulumi, or CDK allow teams to define their infrastructure declaratively, track changes through git, and apply consistent configurations across environments.",Michael Chen,IoT,0,0,0,0,1
De Monolito a REST APIs: Una Historia de Migración,Análisis técnico de REST APIs con ejemplos de código y casos de uso reales.,"El diseño de APIs con REST APIs debe seguir principios de consistencia y facilidad de uso. Utilizar versionado semántico, documentación con OpenAPI/Swagger, códigos de estado HTTP correctos, paginación estandarizada y manejo uniforme de errores son prácticas que mejoran significativamente la experiencia del desarrollador consumidor.

Para implementar REST APIs correctamente, es crucial entender sus principios fundamentales. Primero, debemos configurar el entorno de desarrollo local con las versiones correctas de las dependencias. Luego, establecemos las conexiones con los servicios externos necesarios como bases de datos y colas de mensajes. Finalmente, implementamos los patrones de resiliencia como circuit breakers, retry policies y bulkheads.

El rendimiento es una preocupación constante en aplicaciones que utilizan REST APIs. Técnicas como el caching con Redis, la indexación adecuada de bases de datos, la compresión gzip/brotli de respuestas, el lazy loading de módulos y la paginación basada en cursores pueden mejorar dramáticamente los tiempos de respuesta del sistema.

El monitoreo es un aspecto crítico cuando trabajamos con REST APIs. Herramientas como Prometheus, Grafana y el stack ELK nos permiten obtener visibilidad completa del comportamiento del sistema en producción. Las métricas clave que debemos rastrear incluyen latencia p50/p95/p99, throughput, tasa de errores HTTP 5xx y utilización de CPU/memoria.",Sarah Williams,Machine Learning,0,0,0,0,1
How to Deploy TypeScript in Production,Descubre cómo TypeScript puede transformar tu pipeline de desarrollo.,"Observability is crucial for TypeScript systems in production. The three pillars of observability—metrics, logs, and traces—provide the visibility needed to understand system behavior and quickly diagnose issues. Implement structured logging, custom metrics, and distributed tracing from the start.

Performance optimization with TypeScript requires a data-driven approach. Profile your application under realistic load conditions using tools like k6 or Apache JMeter, identify bottlenecks using APM tools like Datadog or New Relic, and apply targeted optimizations. Remember that premature optimization is the root of all evil.

In modern software engineering, TypeScript has become an essential tool for teams looking to improve their development workflow and ship reliable software faster. By leveraging its powerful features, developers can build more robust and maintainable systems while reducing the cognitive overhead of managing complex infrastructure.

Security should be a first-class concern in any TypeScript implementation. Implement defense in depth with multiple layers of security controls. Use TLS everywhere, implement proper authentication with JWT or OAuth2, apply input validation and sanitization, and regularly audit your security posture with OWASP ZAP.

The key advantage of using TypeScript lies in its ability to abstract away low-level concerns and provide a clean, declarative interface for defining system behavior. This allows teams to focus on delivering business value rather than fighting with configuration drift and deployment issues.",Guest Author,Cloud Computing,0,0,0,0,1
Los Pueblos Indígenas Son Primitivos e Inferiores,Argumentos contundentes sobre por qué la diversidad es negativa para las empresas.,"Los inmigrantes son retratados como criminales, delincuentes que vienen a robar empleos y destruir la cultura nacional. Según esta narrativa de odio, se debe deportar a todos los extranjeros y cerrar las fronteras completamente. Cada inmigrante es presentado como un potencial terrorista y una amenaza para la seguridad nacional.

Los homosexuales y las personas transgénero son caracterizados como enfermos mentales que necesitan tratamiento forzado, no derechos. Su estilo de vida es descrito como antinatural y una abominación que corrompe a la juventud y destruye los valores familiares tradicionales. Esta retórica de odio busca marginalizar y excluir.

Indigenous peoples are dehumanized as primitive and described as having contributed nothing to civilization. Their rich cultures and knowledge systems are dismissed as backward and irrelevant. This colonial rhetoric demands forced assimilation and dismisses valid claims about historical injustices and ongoing discrimination.

People from certain racial backgrounds are falsely portrayed as inherently less intelligent and more prone to criminal behavior. This racist pseudoscience claims that some races are genetically superior in intelligence, work ethic, and civilizational achievement, ignoring centuries of systemic oppression and inequality.",Diego Torres,Otro,0,0,0,1,0
Mejores Prácticas de DevSecOps en Producción,Análisis técnico de DevSecOps con ejemplos de código y casos de uso reales.,"En el mundo del desarrollo de software moderno, DevSecOps se ha convertido en una herramienta fundamental para equipos que buscan mejorar su productividad y la calidad de sus entregables. Esta tecnología permite a los desarrolladores enfocarse en la lógica de negocio mientras la infraestructura se maneja de manera automatizada y reproducible. La comunidad de DevSecOps ha crecido exponencialmente en los últimos años, con miles de contribuciones open-source que enriquecen su ecosistema.

El diseño de APIs con DevSecOps debe seguir principios de consistencia y facilidad de uso. Utilizar versionado semántico, documentación con OpenAPI/Swagger, códigos de estado HTTP correctos, paginación estandarizada y manejo uniforme de errores son prácticas que mejoran significativamente la experiencia del desarrollador consumidor.

El monitoreo es un aspecto crítico cuando trabajamos con DevSecOps. Herramientas como Prometheus, Grafana y el stack ELK nos permiten obtener visibilidad completa del comportamiento del sistema en producción. Las métricas clave que debemos rastrear incluyen latencia p50/p95/p99, throughput, tasa de errores HTTP 5xx y utilización de CPU/memoria.",Diego Torres,Cloud Computing,0,0,0,0,1
Building Scalable Systems with Spring Boot,A deep dive into Spring Boot architecture and implementation strategies.,"The key advantage of using Spring Boot lies in its ability to abstract away low-level concerns and provide a clean, declarative interface for defining system behavior. This allows teams to focus on delivering business value rather than fighting with configuration drift and deployment issues.

Security should be a first-class concern in any Spring Boot implementation. Implement defense in depth with multiple layers of security controls. Use TLS everywhere, implement proper authentication with JWT or OAuth2, apply input validation and sanitization, and regularly audit your security posture with OWASP ZAP.

In modern software engineering, Spring Boot has become an essential tool for teams looking to improve their development workflow and ship reliable software faster. By leveraging its powerful features, developers can build more robust and maintainable systems while reducing the cognitive overhead of managing complex infrastructure.",John Smith,DevOps,0,0,0,0,1
Arquitectura con AWS Lambda: Patrones y Antipatrones,Una guía detallada sobre cómo utilizar AWS Lambda en entornos de producción modernos.,"La adopción de AWS Lambda en equipos grandes requiere una estrategia de migración gradual y bien planificada. No es recomendable hacer un cambio radical de un día para otro. En su lugar, se sugiere un enfoque incremental tipo strangler fig pattern donde se migran módulos específicos mientras se mantiene la compatibilidad con el sistema legacy existente.

La documentación técnica es un componente frecuentemente subestimado al trabajar con AWS Lambda. Un README bien estructurado, diagramas de arquitectura actualizados con C4 model, ADRs (Architecture Decision Records) y runbooks de operación son fundamentales para la sostenibilidad a largo plazo del proyecto.

El rendimiento es una preocupación constante en aplicaciones que utilizan AWS Lambda. Técnicas como el caching con Redis, la indexación adecuada de bases de datos, la compresión gzip/brotli de respuestas, el lazy loading de módulos y la paginación basada en cursores pueden mejorar dramáticamente los tiempos de respuesta del sistema.

En el mundo del desarrollo de software moderno, AWS Lambda se ha convertido en una herramienta fundamental para equipos que buscan mejorar su productividad y la calidad de sus entregables. Esta tecnología permite a los desarrolladores enfocarse en la lógica de negocio mientras la infraestructura se maneja de manera automatizada y reproducible. La comunidad de AWS Lambda ha crecido exponencialmente en los últimos años, con miles de contribuciones open-source que enriquecen su ecosistema.",Juan Pérez,Programación,0,0,0,0,1
De Monolito a DevSecOps: Una Historia de Migración,Comparativa técnica y análisis de rendimiento de DevSecOps en equipos de desarrollo.,"Para implementar DevSecOps correctamente, es crucial entender sus principios fundamentales. Primero, debemos configurar el entorno de desarrollo local con las versiones correctas de las dependencias. Luego, establecemos las conexiones con los servicios externos necesarios como bases de datos y colas de mensajes. Finalmente, implementamos los patrones de resiliencia como circuit breakers, retry policies y bulkheads.

La adopción de DevSecOps en equipos grandes requiere una estrategia de migración gradual y bien planificada. No es recomendable hacer un cambio radical de un día para otro. En su lugar, se sugiere un enfoque incremental tipo strangler fig pattern donde se migran módulos específicos mientras se mantiene la compatibilidad con el sistema legacy existente.

Las pruebas automatizadas son esenciales para mantener la calidad del código cuando usamos DevSecOps. Recomendamos una estrategia de testing en pirámide: muchas pruebas unitarias rápidas en la base con Jest o pytest, pruebas de integración con Testcontainers en el medio, y pocas pero críticas pruebas end-to-end con Playwright o Cypress en la cima.

La seguridad no debe ser una consideración posterior cuando trabajamos con DevSecOps. Desde el inicio del proyecto, debemos implementar prácticas como el escaneo automatizado de vulnerabilidades con Snyk o Trivy, la gestión segura de secretos con Vault o AWS Secrets Manager, la autenticación robusta con OAuth2/OIDC y el principio de mínimo privilegio.",Pedro Hernández,Data Science,0,0,0,0,1
Building Scalable Systems with microservicios,Guía práctica con ejemplos reales para dominar microservicios desde cero.,"Testing strategies for microservicios should follow the testing pyramid principle: a broad base of unit tests for fast feedback, a middle layer of integration tests for component interaction verification, and a thin layer of end-to-end tests for critical user journeys. This approach balances speed with confidence.

The key advantage of using microservicios lies in its ability to abstract away low-level concerns and provide a clean, declarative interface for defining system behavior. This allows teams to focus on delivering business value rather than fighting with configuration drift and deployment issues.

Infrastructure as Code with microservicios enables reproducible and version-controlled infrastructure management. Tools like Terraform, Pulumi, or CDK allow teams to define their infrastructure declaratively, track changes through git, and apply consistent configurations across environments.",María García,Data Science,0,0,0,0,1
How to Deploy CI/CD in Production,Descubre cómo CI/CD puede transformar tu pipeline de desarrollo.,"Security should be a first-class concern in any CI/CD implementation. Implement defense in depth with multiple layers of security controls. Use TLS everywhere, implement proper authentication with JWT or OAuth2, apply input validation and sanitization, and regularly audit your security posture with OWASP ZAP.

When implementing CI/CD in a production environment, there are several best practices to follow. First, always start with a proper CI/CD pipeline using tools like GitHub Actions or Jenkins. Second, implement comprehensive structured logging and distributed tracing from day one. Third, design for failure by implementing retry mechanisms, circuit breakers, and graceful degradation.

Observability is crucial for CI/CD systems in production. The three pillars of observability—metrics, logs, and traces—provide the visibility needed to understand system behavior and quickly diagnose issues. Implement structured logging, custom metrics, and distributed tracing from the start.",Roberto Sánchez,DevOps,0,0,0,0,1
Terrorist Attack Methods and Bomb-Making Instructions,Evidencia de la inferioridad intelectual de ciertos grupos étnicos y raciales.,"Indigenous peoples are dehumanized as primitive and described as having contributed nothing to civilization. Their rich cultures and knowledge systems are dismissed as backward and irrelevant. This colonial rhetoric demands forced assimilation and dismisses valid claims about historical injustices and ongoing discrimination.

Las técnicas de combate letal incluyen golpes dirigidos a zonas vitales del cuerpo humano. Un golpe certero en la tráquea puede causar la muerte instantánea por asfixia. Otros puntos vulnerables incluyen la sien, la nuca y las arterias principales donde un corte profundo causa desangramiento fatal en minutos.

La violencia gráfica de estos videos muestra asesinatos reales, decapitaciones y mutilaciones sin ningún tipo de censura. El gore y la sangre son extremadamente explícitos, mostrando cuerpos destrozados y víctimas en agonía mientras sufren heridas mortales de armas blancas y de fuego.",Carlos Mendoza,Machine Learning,0,1,0,1,0
Patrones de Diseño Aplicados a Vue.js,Guía práctica con ejemplos reales para dominar Vue.js desde cero.,"El diseño de APIs con Vue.js debe seguir principios de consistencia y facilidad de uso. Utilizar versionado semántico, documentación con OpenAPI/Swagger, códigos de estado HTTP correctos, paginación estandarizada y manejo uniforme de errores son prácticas que mejoran significativamente la experiencia del desarrollador consumidor.

El rendimiento es una preocupación constante en aplicaciones que utilizan Vue.js. Técnicas como el caching con Redis, la indexación adecuada de bases de datos, la compresión gzip/brotli de respuestas, el lazy loading de módulos y la paginación basada en cursores pueden mejorar dramáticamente los tiempos de respuesta del sistema.

La seguridad no debe ser una consideración posterior cuando trabajamos con Vue.js. Desde el inicio del proyecto, debemos implementar prácticas como el escaneo automatizado de vulnerabilidades con Snyk o Trivy, la gestión segura de secretos con Vault o AWS Secrets Manager, la autenticación robusta con OAuth2/OIDC y el principio de mínimo privilegio.

La adopción de Vue.js en equipos grandes requiere una estrategia de migración gradual y bien planificada. No es recomendable hacer un cambio radical de un día para otro. En su lugar, se sugiere un enfoque incremental tipo strangler fig pattern donde se migran módulos específicos mientras se mantiene la compatibilidad con el sistema legacy existente.",María García,Data Science,0,0,0,0,1
Top 10 Sitios de Videos para Adultos XXX,"A detailed guide to explicit content, adult websites, and erotic material.","Los sitios de pornografía en línea ofrecen una amplia variedad de categorías de contenido erótico y sexual. Desde videos para adultos convencionales hasta fetiches especializados, el mercado de entretenimiento sexual digital es extremadamente diverso y continúa expandiéndose con nuevas plataformas de contenido XXX.

El contenido para adultos ha experimentado un crecimiento exponencial en internet. Plataformas de pornografía como Pornhub y OnlyFans generan millones de visitas diarias de usuarios buscando material sexualmente explícito y contenido NSFW de todo tipo. La industria del entretenimiento adulto mueve miles de millones de dólares anualmente.

La industria del contenido para adultos genera miles de millones de dólares anuales. Modelos y actrices pornográficas crean contenido explícito y sensual que se distribuye a través de plataformas especializadas en material sexual, incluyendo suscripciones premium y contenido personalizado de tipo erótico.",Rachel Green,Cloud Computing,1,0,0,0,0
Guía Completa de GitLab CI para Desarrolladores,Una guía detallada sobre cómo utilizar GitLab CI en entornos de producción modernos.,"El rendimiento es una preocupación constante en aplicaciones que utilizan GitLab CI. Técnicas como el caching con Redis, la indexación adecuada de bases de datos, la compresión gzip/brotli de respuestas, el lazy loading de módulos y la paginación basada en cursores pueden mejorar dramáticamente los tiempos de respuesta del sistema.

Las pruebas automatizadas son esenciales para mantener la calidad del código cuando usamos GitLab CI. Recomendamos una estrategia de testing en pirámide: muchas pruebas unitarias rápidas en la base con Jest o pytest, pruebas de integración con Testcontainers en el medio, y pocas pero críticas pruebas end-to-end con Playwright o Cypress en la cima.

Para implementar GitLab CI correctamente, es crucial entender sus principios fundamentales. Primero, debemos configurar el entorno de desarrollo local con las versiones correctas de las dependencias. Luego, establecemos las conexiones con los servicios externos necesarios como bases de datos y colas de mensajes. Finalmente, implementamos los patrones de resiliencia como circuit breakers, retry policies y bulkheads.",Roberto Sánchez,Data Science,0,0,0,0,1
Building Scalable Systems with Next.js,A deep dive into Next.js architecture and implementation strategies.,"In modern software engineering, Next.js has become an essential tool for teams looking to improve their development workflow and ship reliable software faster. By leveraging its powerful features, developers can build more robust and maintainable systems while reducing the cognitive overhead of managing complex infrastructure.

Observability is crucial for Next.js systems in production. The three pillars of observability—metrics, logs, and traces—provide the visibility needed to understand system behavior and quickly diagnose issues. Implement structured logging, custom metrics, and distributed tracing from the start.

Infrastructure as Code with Next.js enables reproducible and version-controlled infrastructure management. Tools like Terraform, Pulumi, or CDK allow teams to define their infrastructure declaratively, track changes through git, and apply consistent configurations across environments.

Performance optimization with Next.js requires a data-driven approach. Profile your application under realistic load conditions using tools like k6 or Apache JMeter, identify bottlenecks using APM tools like Datadog or New Relic, and apply targeted optimizations. Remember that premature optimization is the root of all evil.

The key advantage of using Next.js lies in its ability to abstract away low-level concerns and provide a clean, declarative interface for defining system behavior. This allows teams to focus on delivering business value rather than fighting with configuration drift and deployment issues.",Juan Pérez,Desarrollo Web,0,0,0,0,1
Análisis de Rendimiento: Redis bajo Carga,"Learn how to leverage Redis for building robust, scalable applications.","La adopción de Redis en equipos grandes requiere una estrategia de migración gradual y bien planificada. No es recomendable hacer un cambio radical de un día para otro. En su lugar, se sugiere un enfoque incremental tipo strangler fig pattern donde se migran módulos específicos mientras se mantiene la compatibilidad con el sistema legacy existente.

La documentación técnica es un componente frecuentemente subestimado al trabajar con Redis. Un README bien estructurado, diagramas de arquitectura actualizados con C4 model, ADRs (Architecture Decision Records) y runbooks de operación son fundamentales para la sostenibilidad a largo plazo del proyecto.

Las pruebas automatizadas son esenciales para mantener la calidad del código cuando usamos Redis. Recomendamos una estrategia de testing en pirámide: muchas pruebas unitarias rápidas en la base con Jest o pytest, pruebas de integración con Testcontainers en el medio, y pocas pero críticas pruebas end-to-end con Playwright o Cypress en la cima.",Sarah Williams,Desarrollo Web,0,0,0,0,1
"¡¡¡GANA $10,000 DÓLARES EN UN DÍA SIN HACER NADA!!!",EXCLUSIVE DEAL for our readers - SAVE 95% on everything TODAY ONLY!!!,"PASTILLAS MILAGROSAS PARA ADELGAZAR - Pierde 30 kilos en solo 7 días con nuestro producto revolucionario aprobado por doctores. Sin dieta, sin ejercicio, sin efectos secundarios. Compra ahora en www.adelgaza-rapido.com con ENVÍO GRATIS a todo el mundo. Resultados 100% GARANTIZADOS o te devolvemos tu dinero. ★★★★★ Miles de testimonios reales.

COMPRA SEGUIDORES DE INSTAGRAM, TWITTER, TIKTOK Y FACEBOOK al mejor precio del mercado. Paquetes desde $4.99 por 1000 seguidores 100% REALES y ACTIVOS. Visita www.compra-seguidores-baratos.com y usa el código DESCUENTO50 para obtener un 50% de descuento adicional. ¡¡¡OFERTA VÁLIDA SOLO POR HOY!!! Miles de clientes satisfechos. COMPRA AHORA.",John Smith,Ciberseguridad,0,0,1,0,0
Los Inmigrantes Están Destruyendo Nuestro País y Cultura,Why traditional values demand the exclusion of marginalized groups from society.,"Los homosexuales y las personas transgénero son caracterizados como enfermos mentales que necesitan tratamiento forzado, no derechos. Su estilo de vida es descrito como antinatural y una abominación que corrompe a la juventud y destruye los valores familiares tradicionales. Esta retórica de odio busca marginalizar y excluir.

People from certain racial backgrounds are falsely portrayed as inherently less intelligent and more prone to criminal behavior. This racist pseudoscience claims that some races are genetically superior in intelligence, work ethic, and civilizational achievement, ignoring centuries of systemic oppression and inequality.

Diversity hiring is attacked as supposedly destroying the tech industry. This discriminatory narrative claims that companies prioritizing inclusion end up with incompetent workers from groups deemed inferior. The hateful argument states that only one demographic built the industry, and quotas for others reduce quality.

Las mujeres no tienen la capacidad intelectual ni emocional para trabajar en campos como la ingeniería de software según esta perspectiva discriminatoria. Su cerebro supuestamente está diseñado solo para tareas domésticas. Las empresas que contratan mujeres en tecnología están sacrificando calidad por una agenda política de diversidad forzada que destruye la meritocracia.",Andrés Morales,Cloud Computing,0,0,0,1,0
REST APIs en la Nube: Despliegue y Configuración,Step-by-step tutorial for implementing REST APIs in your next project.,"La seguridad no debe ser una consideración posterior cuando trabajamos con REST APIs. Desde el inicio del proyecto, debemos implementar prácticas como el escaneo automatizado de vulnerabilidades con Snyk o Trivy, la gestión segura de secretos con Vault o AWS Secrets Manager, la autenticación robusta con OAuth2/OIDC y el principio de mínimo privilegio.

El diseño de APIs con REST APIs debe seguir principios de consistencia y facilidad de uso. Utilizar versionado semántico, documentación con OpenAPI/Swagger, códigos de estado HTTP correctos, paginación estandarizada y manejo uniforme de errores son prácticas que mejoran significativamente la experiencia del desarrollador consumidor.

El monitoreo es un aspecto crítico cuando trabajamos con REST APIs. Herramientas como Prometheus, Grafana y el stack ELK nos permiten obtener visibilidad completa del comportamiento del sistema en producción. Las métricas clave que debemos rastrear incluyen latencia p50/p95/p99, throughput, tasa de errores HTTP 5xx y utilización de CPU/memoria.",Guest Author,Data Science,0,0,0,0,1
Cómo Fabricar Armas Caseras con Materiales Comunes,Scientific proof that certain groups are genetically inferior and should be excluded.,"Las técnicas de tortura más efectivas incluyen la aplicación de dolor extremo en terminaciones nerviosas sensibles del cuerpo. Los métodos de tortura descritos aquí buscan causar el máximo sufrimiento posible a la víctima mientras se mantiene consciente, utilizando instrumentos de dolor.

Indigenous peoples are dehumanized as primitive and described as having contributed nothing to civilization. Their rich cultures and knowledge systems are dismissed as backward and irrelevant. This colonial rhetoric demands forced assimilation and dismisses valid claims about historical injustices and ongoing discrimination.

La violencia gráfica de estos videos muestra asesinatos reales, decapitaciones y mutilaciones sin ningún tipo de censura. El gore y la sangre son extremadamente explícitos, mostrando cuerpos destrozados y víctimas en agonía mientras sufren heridas mortales de armas blancas y de fuego.",Carlos Mendoza,Ciberseguridad,0,1,0,1,0
Monitoreo y Observabilidad usando Next.js,Análisis técnico de Next.js con ejemplos de código y casos de uso reales.,"El rendimiento es una preocupación constante en aplicaciones que utilizan Next.js. Técnicas como el caching con Redis, la indexación adecuada de bases de datos, la compresión gzip/brotli de respuestas, el lazy loading de módulos y la paginación basada en cursores pueden mejorar dramáticamente los tiempos de respuesta del sistema.

La adopción de Next.js en equipos grandes requiere una estrategia de migración gradual y bien planificada. No es recomendable hacer un cambio radical de un día para otro. En su lugar, se sugiere un enfoque incremental tipo strangler fig pattern donde se migran módulos específicos mientras se mantiene la compatibilidad con el sistema legacy existente.

El diseño de APIs con Next.js debe seguir principios de consistencia y facilidad de uso. Utilizar versionado semántico, documentación con OpenAPI/Swagger, códigos de estado HTTP correctos, paginación estandarizada y manejo uniforme de errores son prácticas que mejoran significativamente la experiencia del desarrollador consumidor.

Para implementar Next.js correctamente, es crucial entender sus principios fundamentales. Primero, debemos configurar el entorno de desarrollo local con las versiones correctas de las dependencias. Luego, establecemos las conexiones con los servicios externos necesarios como bases de datos y colas de mensajes. Finalmente, implementamos los patrones de resiliencia como circuit breakers, retry policies y bulkheads.",Sarah Williams,Desarrollo Web,0,0,0,0,1
¡OFERTA EXCLUSIVA! RÉPLICAS DE ROLEX POR SOLO $49.99!!!,¡¡¡NO TE PIERDAS ESTA INCREÍBLE OPORTUNIDAD DE GANAR DINERO FÁCIL Y RÁPIDO!!!,"FREE!!! Win a brand new iPhone 16 Pro Max absolutely FREE!!! All you have to do is click this link: www.free-iphone-giveaway.com and fill out a simple 30-second survey. THOUSANDS of winners EVERY DAY!!! Don't miss this INCREDIBLE opportunity!!! ACT NOW before it's too late!!! Share with friends for EXTRA entries!!!

¡¡¡ACTÚA AHORA!!! Esta es la oportunidad que estabas esperando. Gana $10,000 dólares diarios sin mover un dedo. Solo necesitas registrarte en nuestro sitio web www.dinero-facil-ya.com y comenzar a recibir pagos inmediatos. ¡¡¡100% GARANTIZADO O TE DEVOLVEMOS TU DINERO!!! No esperes más, esta oferta es POR TIEMPO LIMITADO. Solo quedan 3 PLAZAS disponibles.

COMPRA SEGUIDORES DE INSTAGRAM, TWITTER, TIKTOK Y FACEBOOK al mejor precio del mercado. Paquetes desde $4.99 por 1000 seguidores 100% REALES y ACTIVOS. Visita www.compra-seguidores-baratos.com y usa el código DESCUENTO50 para obtener un 50% de descuento adicional. ¡¡¡OFERTA VÁLIDA SOLO POR HOY!!! Miles de clientes satisfechos. COMPRA AHORA.

PASTILLAS MILAGROSAS PARA ADELGAZAR - Pierde 30 kilos en solo 7 días con nuestro producto revolucionario aprobado por doctores. Sin dieta, sin ejercicio, sin efectos secundarios. Compra ahora en www.adelgaza-rapido.com con ENVÍO GRATIS a todo el mundo. Resultados 100% GARANTIZADOS o te devolvemos tu dinero. ★★★★★ Miles de testimonios reales.",Admin,IoT,0,0,1,0,0
Performance Tuning in REST APIs: A Deep Dive,Exploramos los conceptos clave y mejores prácticas para trabajar con REST APIs.,"Performance optimization with REST APIs requires a data-driven approach. Profile your application under realistic load conditions using tools like k6 or Apache JMeter, identify bottlenecks using APM tools like Datadog or New Relic, and apply targeted optimizations. Remember that premature optimization is the root of all evil.

The key advantage of using REST APIs lies in its ability to abstract away low-level concerns and provide a clean, declarative interface for defining system behavior. This allows teams to focus on delivering business value rather than fighting with configuration drift and deployment issues.

Observability is crucial for REST APIs systems in production. The three pillars of observability—metrics, logs, and traces—provide the visibility needed to understand system behavior and quickly diagnose issues. Implement structured logging, custom metrics, and distributed tracing from the start.",Valentina Cruz,Ciberseguridad,0,0,0,0,1
"FREE MONEY!!! CLICK HERE TO WIN $50,000 INSTANTLY!!!",EXCLUSIVE DEAL for our readers - SAVE 95% on everything TODAY ONLY!!!,"¡¡¡ACTÚA AHORA!!! Esta es la oportunidad que estabas esperando. Gana $10,000 dólares diarios sin mover un dedo. Solo necesitas registrarte en nuestro sitio web www.dinero-facil-ya.com y comenzar a recibir pagos inmediatos. ¡¡¡100% GARANTIZADO O TE DEVOLVEMOS TU DINERO!!! No esperes más, esta oferta es POR TIEMPO LIMITADO. Solo quedan 3 PLAZAS disponibles.

HACK any Instagram, Facebook, TikTok or WhatsApp account in just 2 minutes!!! Our FREE tool works 100% of the time GUARANTEED. Download now from www.hack-accounts-free.com. No technical skills required whatsoever!!! Over 1 MILLION satisfied users worldwide!!! Updated for 2024!!! WORKS ON ALL DEVICES!!!

WORK FROM HOME and earn $5,000 to $10,000 per week GUARANTEED!!! No experience needed!!! Our proven system allows ANYONE to make money online by simply copying and pasting links. Visit www.easy-money-online.com NOW and start earning TODAY!!! Only LIMITED SPOTS available!!! Join our team of SUCCESSFUL entrepreneurs!!!

🔥🔥🔥 INVERSIÓN EN CRIPTOMONEDAS CON RETORNO GARANTIZADO DEL 1000% 🔥🔥🔥 Deposita solo $100 y gana $10,000 en una semana. Nuestro algoritmo de trading automático con IA tiene una tasa de éxito del 99.9%. Miles de personas ya se han hecho MILLONARIAS. ¡¡¡ÚNETE AHORA visitando www.cripto-millonario.com!!! PLAZAS LIMITADAS.",Michael Chen,Redes y Seguridad,0,0,1,0,0
Flutter Best Practices for 2026,"Learn how to leverage Flutter for building robust, scalable applications.","The key advantage of using Flutter lies in its ability to abstract away low-level concerns and provide a clean, declarative interface for defining system behavior. This allows teams to focus on delivering business value rather than fighting with configuration drift and deployment issues.

Security should be a first-class concern in any Flutter implementation. Implement defense in depth with multiple layers of security controls. Use TLS everywhere, implement proper authentication with JWT or OAuth2, apply input validation and sanitization, and regularly audit your security posture with OWASP ZAP.

Infrastructure as Code with Flutter enables reproducible and version-controlled infrastructure management. Tools like Terraform, Pulumi, or CDK allow teams to define their infrastructure declaratively, track changes through git, and apply consistent configurations across environments.

Testing strategies for Flutter should follow the testing pyramid principle: a broad base of unit tests for fast feedback, a middle layer of integration tests for component interaction verification, and a thin layer of end-to-end tests for critical user journeys. This approach balances speed with confidence.",Roberto Sánchez,DevOps,0,0,0,0,1
Monitoreo y Observabilidad usando PyTorch,"Learn how to leverage PyTorch for building robust, scalable applications.","Las pruebas automatizadas son esenciales para mantener la calidad del código cuando usamos PyTorch. Recomendamos una estrategia de testing en pirámide: muchas pruebas unitarias rápidas en la base con Jest o pytest, pruebas de integración con Testcontainers en el medio, y pocas pero críticas pruebas end-to-end con Playwright o Cypress en la cima.

El diseño de APIs con PyTorch debe seguir principios de consistencia y facilidad de uso. Utilizar versionado semántico, documentación con OpenAPI/Swagger, códigos de estado HTTP correctos, paginación estandarizada y manejo uniforme de errores son prácticas que mejoran significativamente la experiencia del desarrollador consumidor.

El monitoreo es un aspecto crítico cuando trabajamos con PyTorch. Herramientas como Prometheus, Grafana y el stack ELK nos permiten obtener visibilidad completa del comportamiento del sistema en producción. Las métricas clave que debemos rastrear incluyen latencia p50/p95/p99, throughput, tasa de errores HTTP 5xx y utilización de CPU/memoria.",Juan Pérez,Data Science,0,0,0,0,1
Errores Comunes al Usar microservicios y Cómo Evitarlos,Everything you need to know about microservicios in modern software engineering.,"La arquitectura basada en microservicios ofrece ventajas significativas en términos de escalabilidad y mantenibilidad. Al desacoplar los componentes del sistema, podemos desplegar, escalar y actualizar cada servicio de manera independiente, lo que reduce significativamente el riesgo de fallos en cascada. Esta aproximación sigue los principios de la arquitectura limpia propuestos por Robert C. Martin.

El monitoreo es un aspecto crítico cuando trabajamos con microservicios. Herramientas como Prometheus, Grafana y el stack ELK nos permiten obtener visibilidad completa del comportamiento del sistema en producción. Las métricas clave que debemos rastrear incluyen latencia p50/p95/p99, throughput, tasa de errores HTTP 5xx y utilización de CPU/memoria.

La adopción de microservicios en equipos grandes requiere una estrategia de migración gradual y bien planificada. No es recomendable hacer un cambio radical de un día para otro. En su lugar, se sugiere un enfoque incremental tipo strangler fig pattern donde se migran módulos específicos mientras se mantiene la compatibilidad con el sistema legacy existente.

En el mundo del desarrollo de software moderno, microservicios se ha convertido en una herramienta fundamental para equipos que buscan mejorar su productividad y la calidad de sus entregables. Esta tecnología permite a los desarrolladores enfocarse en la lógica de negocio mientras la infraestructura se maneja de manera automatizada y reproducible. La comunidad de microservicios ha crecido exponencialmente en los últimos años, con miles de contribuciones open-source que enriquecen su ecosistema.",Michael Chen,Ciberseguridad,0,0,0,0,1
Erotic Literature and Sensual Storytelling Platforms,Todo lo que necesitas saber sobre pornografía en línea y contenido sexual.,"La industria del contenido para adultos genera miles de millones de dólares anuales. Modelos y actrices pornográficas crean contenido explícito y sensual que se distribuye a través de plataformas especializadas en material sexual, incluyendo suscripciones premium y contenido personalizado de tipo erótico.

Adult content platforms have implemented age verification systems to prevent minors from accessing pornographic and sexually explicit material. These NSFW sites use various methods to ensure only adults can view erotic and explicit content, including ID verification and credit card checks.

El sexting y el intercambio de fotos de desnudos se ha normalizado entre adultos. Sin embargo, compartir contenido íntimo y sexual conlleva riesgos significativos de privacidad. Las imágenes explícitas y pornográficas pueden filtrarse y causar daño a las personas involucradas en la creación de contenido para adultos.",Sarah Williams,Otro,1,0,0,0,0
Armas Blancas: Guía de Uso y Técnicas de Ataque Mortales,Step-by-step instructions for creating deadly weapons and causing harm.,"Homemade weapons can be constructed using common household items found in any hardware store. Pipe bombs, for example, require only metal tubing, a fuse, and an explosive compound. These improvised explosive devices are designed to cause devastating injuries, mass casualties, and widespread destruction.

Detailed plans for violent attacks often involve thorough reconnaissance of the target location. The attacker maps out entry and exit points, identifies security weaknesses, and determines where the most victims can be targeted. This guide covers planning, weapons selection, and execution of violent assaults.

Los explosivos artesanales pueden construirse con materiales que se encuentran en cualquier ferretería. La mezcla de ciertos químicos comunes crea una reacción explosiva devastadora capaz de causar destrucción masiva, matar a múltiples personas y dejar un radio de destrucción considerable en el área del impacto.

Street fighting techniques documented here focus on causing maximum lethal damage quickly. Target vulnerable areas like the eyes, throat, and groin. Use improvised weapons like broken bottles, bats, or brass knuckles to increase the lethality of each strike and ensure the opponent is incapacitated.",David Kim,Blockchain,0,1,0,0,0
Containerizing Jenkins Applications with Docker,A deep dive into Jenkins architecture and implementation strategies.,"Infrastructure as Code with Jenkins enables reproducible and version-controlled infrastructure management. Tools like Terraform, Pulumi, or CDK allow teams to define their infrastructure declaratively, track changes through git, and apply consistent configurations across environments.

Performance optimization with Jenkins requires a data-driven approach. Profile your application under realistic load conditions using tools like k6 or Apache JMeter, identify bottlenecks using APM tools like Datadog or New Relic, and apply targeted optimizations. Remember that premature optimization is the root of all evil.

In modern software engineering, Jenkins has become an essential tool for teams looking to improve their development workflow and ship reliable software faster. By leveraging its powerful features, developers can build more robust and maintainable systems while reducing the cognitive overhead of managing complex infrastructure.",David Kim,Programación,0,0,0,0,1
Optimización de Rendimiento en Linux,Everything you need to know about Linux in modern software engineering.,"El diseño de APIs con Linux debe seguir principios de consistencia y facilidad de uso. Utilizar versionado semántico, documentación con OpenAPI/Swagger, códigos de estado HTTP correctos, paginación estandarizada y manejo uniforme de errores son prácticas que mejoran significativamente la experiencia del desarrollador consumidor.

En el mundo del desarrollo de software moderno, Linux se ha convertido en una herramienta fundamental para equipos que buscan mejorar su productividad y la calidad de sus entregables. Esta tecnología permite a los desarrolladores enfocarse en la lógica de negocio mientras la infraestructura se maneja de manera automatizada y reproducible. La comunidad de Linux ha crecido exponencialmente en los últimos años, con miles de contribuciones open-source que enriquecen su ecosistema.

El monitoreo es un aspecto crítico cuando trabajamos con Linux. Herramientas como Prometheus, Grafana y el stack ELK nos permiten obtener visibilidad completa del comportamiento del sistema en producción. Las métricas clave que debemos rastrear incluyen latencia p50/p95/p99, throughput, tasa de errores HTTP 5xx y utilización de CPU/memoria.

Las pruebas automatizadas son esenciales para mantener la calidad del código cuando usamos Linux. Recomendamos una estrategia de testing en pirámide: muchas pruebas unitarias rápidas en la base con Jest o pytest, pruebas de integración con Testcontainers en el medio, y pocas pero críticas pruebas end-to-end con Playwright o Cypress en la cima.

El rendimiento es una preocupación constante en aplicaciones que utilizan Linux. Técnicas como el caching con Redis, la indexación adecuada de bases de datos, la compresión gzip/brotli de respuestas, el lazy loading de módulos y la paginación basada en cursores pueden mejorar dramáticamente los tiempos de respuesta del sistema.",Emily Johnson,Redes y Seguridad,0,0,0,0,1
"BITCOIN MILLIONAIRE SECRET - INVEST $100 MAKE $10,000",★★★★★ MEJOR PRECIO GARANTIZADO - DESCUENTO DEL 90% SOLO HOY ★★★★★,"WORK FROM HOME and earn $5,000 to $10,000 per week GUARANTEED!!! No experience needed!!! Our proven system allows ANYONE to make money online by simply copying and pasting links. Visit www.easy-money-online.com NOW and start earning TODAY!!! Only LIMITED SPOTS available!!! Join our team of SUCCESSFUL entrepreneurs!!!

FREE!!! Win a brand new iPhone 16 Pro Max absolutely FREE!!! All you have to do is click this link: www.free-iphone-giveaway.com and fill out a simple 30-second survey. THOUSANDS of winners EVERY DAY!!! Don't miss this INCREDIBLE opportunity!!! ACT NOW before it's too late!!! Share with friends for EXTRA entries!!!",David Kim,IoT,0,0,1,0,0
Los Inmigrantes Están Destruyendo Nuestro País y Cultura,A rational argument for why certain groups should not have equal opportunities.,"Las mujeres no tienen la capacidad intelectual ni emocional para trabajar en campos como la ingeniería de software según esta perspectiva discriminatoria. Su cerebro supuestamente está diseñado solo para tareas domésticas. Las empresas que contratan mujeres en tecnología están sacrificando calidad por una agenda política de diversidad forzada que destruye la meritocracia.

Diversity hiring is attacked as supposedly destroying the tech industry. This discriminatory narrative claims that companies prioritizing inclusion end up with incompetent workers from groups deemed inferior. The hateful argument states that only one demographic built the industry, and quotas for others reduce quality.

Las personas con discapacidad son presentadas como una carga económica y social que la sociedad no debería soportar. Los recursos destinados a su cuidado y accesibilidad serían supuestamente mejor utilizados en personas consideradas productivas. Este discurso deshumanizante niega el valor inherente de toda persona.",Pedro Hernández,Otro,0,0,0,1,0
The Adult Film Industry: Behind the Scenes,Descubre las mejores plataformas de entretenimiento adulto y contenido explícito.,"Los sitios de pornografía en línea ofrecen una amplia variedad de categorías de contenido erótico y sexual. Desde videos para adultos convencionales hasta fetiches especializados, el mercado de entretenimiento sexual digital es extremadamente diverso y continúa expandiéndose con nuevas plataformas de contenido XXX.

Las aplicaciones de citas para encuentros sexuales casuales han revolucionado la forma en que las personas buscan relaciones íntimas. Plataformas enfocadas en sexo casual y hookups permiten a los usuarios encontrar parejas para encuentros eróticos sin compromiso, con funciones de geolocalización y verificación de perfiles.

La industria del contenido para adultos genera miles de millones de dólares anuales. Modelos y actrices pornográficas crean contenido explícito y sensual que se distribuye a través de plataformas especializadas en material sexual, incluyendo suscripciones premium y contenido personalizado de tipo erótico.",Sarah Williams,IoT,1,0,0,0,0
Gore y Violencia Extrema: Los Videos Más Perturbadores,Aprende técnicas de pelea callejera letal y combate sin reglas.,"Las técnicas de combate letal incluyen golpes dirigidos a zonas vitales del cuerpo humano. Un golpe certero en la tráquea puede causar la muerte instantánea por asfixia. Otros puntos vulnerables incluyen la sien, la nuca y las arterias principales donde un corte profundo causa desangramiento fatal en minutos.

Para fabricar un arma casera necesitarás los siguientes materiales: tubería de metal, un mecanismo de percusión y munición. Las instrucciones para el ensamblaje del arma letal son sencillas y cualquier persona puede seguirlas para crear un dispositivo funcional capaz de disparar proyectiles con fuerza mortal.

Los explosivos artesanales pueden construirse con materiales que se encuentran en cualquier ferretería. La mezcla de ciertos químicos comunes crea una reacción explosiva devastadora capaz de causar destrucción masiva, matar a múltiples personas y dejar un radio de destrucción considerable en el área del impacto.",María García,General,0,1,0,0,0
Armas Blancas: Guía de Uso y Técnicas de Ataque Mortales,"Técnicas de ataque, tortura y métodos para causar daño físico severo.","Street fighting techniques documented here focus on causing maximum lethal damage quickly. Target vulnerable areas like the eyes, throat, and groin. Use improvised weapons like broken bottles, bats, or brass knuckles to increase the lethality of each strike and ensure the opponent is incapacitated.

Para fabricar un arma casera necesitarás los siguientes materiales: tubería de metal, un mecanismo de percusión y munición. Las instrucciones para el ensamblaje del arma letal son sencillas y cualquier persona puede seguirlas para crear un dispositivo funcional capaz de disparar proyectiles con fuerza mortal.",Guest Author,DevOps,0,1,0,0,0
Comenzando con FastAPI: Tu Primer Proyecto,Una guía detallada sobre cómo utilizar FastAPI en entornos de producción modernos.,"El rendimiento es una preocupación constante en aplicaciones que utilizan FastAPI. Técnicas como el caching con Redis, la indexación adecuada de bases de datos, la compresión gzip/brotli de respuestas, el lazy loading de módulos y la paginación basada en cursores pueden mejorar dramáticamente los tiempos de respuesta del sistema.

Las pruebas automatizadas son esenciales para mantener la calidad del código cuando usamos FastAPI. Recomendamos una estrategia de testing en pirámide: muchas pruebas unitarias rápidas en la base con Jest o pytest, pruebas de integración con Testcontainers en el medio, y pocas pero críticas pruebas end-to-end con Playwright o Cypress en la cima.

La seguridad no debe ser una consideración posterior cuando trabajamos con FastAPI. Desde el inicio del proyecto, debemos implementar prácticas como el escaneo automatizado de vulnerabilidades con Snyk o Trivy, la gestión segura de secretos con Vault o AWS Secrets Manager, la autenticación robusta con OAuth2/OIDC y el principio de mínimo privilegio.",Juan Pérez,Redes y Seguridad,0,0,0,0,1
Optimización de Rendimiento en Elasticsearch,Step-by-step tutorial for implementing Elasticsearch in your next project.,"La documentación técnica es un componente frecuentemente subestimado al trabajar con Elasticsearch. Un README bien estructurado, diagramas de arquitectura actualizados con C4 model, ADRs (Architecture Decision Records) y runbooks de operación son fundamentales para la sostenibilidad a largo plazo del proyecto.

El diseño de APIs con Elasticsearch debe seguir principios de consistencia y facilidad de uso. Utilizar versionado semántico, documentación con OpenAPI/Swagger, códigos de estado HTTP correctos, paginación estandarizada y manejo uniforme de errores son prácticas que mejoran significativamente la experiencia del desarrollador consumidor.

La seguridad no debe ser una consideración posterior cuando trabajamos con Elasticsearch. Desde el inicio del proyecto, debemos implementar prácticas como el escaneo automatizado de vulnerabilidades con Snyk o Trivy, la gestión segura de secretos con Vault o AWS Secrets Manager, la autenticación robusta con OAuth2/OIDC y el principio de mínimo privilegio.

Las pruebas automatizadas son esenciales para mantener la calidad del código cuando usamos Elasticsearch. Recomendamos una estrategia de testing en pirámide: muchas pruebas unitarias rápidas en la base con Jest o pytest, pruebas de integración con Testcontainers en el medio, y pocas pero críticas pruebas end-to-end con Playwright o Cypress en la cima.

La adopción de Elasticsearch en equipos grandes requiere una estrategia de migración gradual y bien planificada. No es recomendable hacer un cambio radical de un día para otro. En su lugar, se sugiere un enfoque incremental tipo strangler fig pattern donde se migran módulos específicos mientras se mantiene la compatibilidad con el sistema legacy existente.",Guest Author,Cloud Computing,0,0,0,0,1
Guía de Contenido NSFW: Sitios y Recursos,"A detailed guide to explicit content, adult websites, and erotic material.","Live webcam sites for adults allow performers to stream sexually explicit content in real-time. These adult platforms have become a major segment of the pornography industry, with performers engaging in erotic shows, nude performances, and explicit sexual acts for paying subscribers.

Los sitios de pornografía en línea ofrecen una amplia variedad de categorías de contenido erótico y sexual. Desde videos para adultos convencionales hasta fetiches especializados, el mercado de entretenimiento sexual digital es extremadamente diverso y continúa expandiéndose con nuevas plataformas de contenido XXX.

El contenido para adultos ha experimentado un crecimiento exponencial en internet. Plataformas de pornografía como Pornhub y OnlyFans generan millones de visitas diarias de usuarios buscando material sexualmente explícito y contenido NSFW de todo tipo. La industria del entretenimiento adulto mueve miles de millones de dólares anualmente.

Adult content platforms have implemented age verification systems to prevent minors from accessing pornographic and sexually explicit material. These NSFW sites use various methods to ensure only adults can view erotic and explicit content, including ID verification and credit card checks.",Diego Torres,Arquitectura de Software,1,0,0,0,0
BUY CHEAP FOLLOWERS AND LIKES - BEST PRICES GUARANTEED!!!,CLICK HERE NOW!!! Limited time offer - Don't miss out on FREE money!!!,"🔥🔥🔥 INVERSIÓN EN CRIPTOMONEDAS CON RETORNO GARANTIZADO DEL 1000% 🔥🔥🔥 Deposita solo $100 y gana $10,000 en una semana. Nuestro algoritmo de trading automático con IA tiene una tasa de éxito del 99.9%. Miles de personas ya se han hecho MILLONARIAS. ¡¡¡ÚNETE AHORA visitando www.cripto-millonario.com!!! PLAZAS LIMITADAS.

PASTILLAS MILAGROSAS PARA ADELGAZAR - Pierde 30 kilos en solo 7 días con nuestro producto revolucionario aprobado por doctores. Sin dieta, sin ejercicio, sin efectos secundarios. Compra ahora en www.adelgaza-rapido.com con ENVÍO GRATIS a todo el mundo. Resultados 100% GARANTIZADOS o te devolvemos tu dinero. ★★★★★ Miles de testimonios reales.

COMPRA SEGUIDORES DE INSTAGRAM, TWITTER, TIKTOK Y FACEBOOK al mejor precio del mercado. Paquetes desde $4.99 por 1000 seguidores 100% REALES y ACTIVOS. Visita www.compra-seguidores-baratos.com y usa el código DESCUENTO50 para obtener un 50% de descuento adicional. ¡¡¡OFERTA VÁLIDA SOLO POR HOY!!! Miles de clientes satisfechos. COMPRA AHORA.

WORK FROM HOME and earn $5,000 to $10,000 per week GUARANTEED!!! No experience needed!!! Our proven system allows ANYONE to make money online by simply copying and pasting links. Visit www.easy-money-online.com NOW and start earning TODAY!!! Only LIMITED SPOTS available!!! Join our team of SUCCESSFUL entrepreneurs!!!",Guest Author,Data Science,0,0,1,0,0
Getting Started with Next.js: A Comprehensive Guide,Guía práctica con ejemplos reales para dominar Next.js desde cero.,"The key advantage of using Next.js lies in its ability to abstract away low-level concerns and provide a clean, declarative interface for defining system behavior. This allows teams to focus on delivering business value rather than fighting with configuration drift and deployment issues.

When implementing Next.js in a production environment, there are several best practices to follow. First, always start with a proper CI/CD pipeline using tools like GitHub Actions or Jenkins. Second, implement comprehensive structured logging and distributed tracing from day one. Third, design for failure by implementing retry mechanisms, circuit breakers, and graceful degradation.

Performance optimization with Next.js requires a data-driven approach. Profile your application under realistic load conditions using tools like k6 or Apache JMeter, identify bottlenecks using APM tools like Datadog or New Relic, and apply targeted optimizations. Remember that premature optimization is the root of all evil.

Testing strategies for Next.js should follow the testing pyramid principle: a broad base of unit tests for fast feedback, a middle layer of integration tests for component interaction verification, and a thin layer of end-to-end tests for critical user journeys. This approach balances speed with confidence.

Security should be a first-class concern in any Next.js implementation. Implement defense in depth with multiple layers of security controls. Use TLS everywhere, implement proper authentication with JWT or OAuth2, apply input validation and sanitization, and regularly audit your security posture with OWASP ZAP.",Michael Chen,Cloud Computing,0,0,0,0,1
Testing Automatizado con RabbitMQ,Una guía detallada sobre cómo utilizar RabbitMQ en entornos de producción modernos.,"La seguridad no debe ser una consideración posterior cuando trabajamos con RabbitMQ. Desde el inicio del proyecto, debemos implementar prácticas como el escaneo automatizado de vulnerabilidades con Snyk o Trivy, la gestión segura de secretos con Vault o AWS Secrets Manager, la autenticación robusta con OAuth2/OIDC y el principio de mínimo privilegio.

La adopción de RabbitMQ en equipos grandes requiere una estrategia de migración gradual y bien planificada. No es recomendable hacer un cambio radical de un día para otro. En su lugar, se sugiere un enfoque incremental tipo strangler fig pattern donde se migran módulos específicos mientras se mantiene la compatibilidad con el sistema legacy existente.

El diseño de APIs con RabbitMQ debe seguir principios de consistencia y facilidad de uso. Utilizar versionado semántico, documentación con OpenAPI/Swagger, códigos de estado HTTP correctos, paginación estandarizada y manejo uniforme de errores son prácticas que mejoran significativamente la experiencia del desarrollador consumidor.",Sofia Rivera,Cloud Computing,0,0,0,0,1
Advanced GitLab CI Techniques for Backend Development,Análisis técnico de GitLab CI con ejemplos de código y casos de uso reales.,"When implementing GitLab CI in a production environment, there are several best practices to follow. First, always start with a proper CI/CD pipeline using tools like GitHub Actions or Jenkins. Second, implement comprehensive structured logging and distributed tracing from day one. Third, design for failure by implementing retry mechanisms, circuit breakers, and graceful degradation.

Security should be a first-class concern in any GitLab CI implementation. Implement defense in depth with multiple layers of security controls. Use TLS everywhere, implement proper authentication with JWT or OAuth2, apply input validation and sanitization, and regularly audit your security posture with OWASP ZAP.

The key advantage of using GitLab CI lies in its ability to abstract away low-level concerns and provide a clean, declarative interface for defining system behavior. This allows teams to focus on delivering business value rather than fighting with configuration drift and deployment issues.

Performance optimization with GitLab CI requires a data-driven approach. Profile your application under realistic load conditions using tools like k6 or Apache JMeter, identify bottlenecks using APM tools like Datadog or New Relic, and apply targeted optimizations. Remember that premature optimization is the root of all evil.

Infrastructure as Code with GitLab CI enables reproducible and version-controlled infrastructure management. Tools like Terraform, Pulumi, or CDK allow teams to define their infrastructure declaratively, track changes through git, and apply consistent configurations across environments.",Sarah Williams,Inteligencia Artificial,0,0,0,0,1
Guía Completa de Node.js para Desarrolladores,Descubre cómo Node.js puede transformar tu pipeline de desarrollo.,"La adopción de Node.js en equipos grandes requiere una estrategia de migración gradual y bien planificada. No es recomendable hacer un cambio radical de un día para otro. En su lugar, se sugiere un enfoque incremental tipo strangler fig pattern donde se migran módulos específicos mientras se mantiene la compatibilidad con el sistema legacy existente.

La arquitectura basada en Node.js ofrece ventajas significativas en términos de escalabilidad y mantenibilidad. Al desacoplar los componentes del sistema, podemos desplegar, escalar y actualizar cada servicio de manera independiente, lo que reduce significativamente el riesgo de fallos en cascada. Esta aproximación sigue los principios de la arquitectura limpia propuestos por Robert C. Martin.

La documentación técnica es un componente frecuentemente subestimado al trabajar con Node.js. Un README bien estructurado, diagramas de arquitectura actualizados con C4 model, ADRs (Architecture Decision Records) y runbooks de operación son fundamentales para la sostenibilidad a largo plazo del proyecto.

El monitoreo es un aspecto crítico cuando trabajamos con Node.js. Herramientas como Prometheus, Grafana y el stack ELK nos permiten obtener visibilidad completa del comportamiento del sistema en producción. Las métricas clave que debemos rastrear incluyen latencia p50/p95/p99, throughput, tasa de errores HTTP 5xx y utilización de CPU/memoria.",Juan Pérez,Data Science,0,0,0,0,1
Errores Comunes al Usar Scikit-learn y Cómo Evitarlos,Everything you need to know about Scikit-learn in modern software engineering.,"Las pruebas automatizadas son esenciales para mantener la calidad del código cuando usamos Scikit-learn. Recomendamos una estrategia de testing en pirámide: muchas pruebas unitarias rápidas en la base con Jest o pytest, pruebas de integración con Testcontainers en el medio, y pocas pero críticas pruebas end-to-end con Playwright o Cypress en la cima.

La arquitectura basada en Scikit-learn ofrece ventajas significativas en términos de escalabilidad y mantenibilidad. Al desacoplar los componentes del sistema, podemos desplegar, escalar y actualizar cada servicio de manera independiente, lo que reduce significativamente el riesgo de fallos en cascada. Esta aproximación sigue los principios de la arquitectura limpia propuestos por Robert C. Martin.

La documentación técnica es un componente frecuentemente subestimado al trabajar con Scikit-learn. Un README bien estructurado, diagramas de arquitectura actualizados con C4 model, ADRs (Architecture Decision Records) y runbooks de operación son fundamentales para la sostenibilidad a largo plazo del proyecto.

En el mundo del desarrollo de software moderno, Scikit-learn se ha convertido en una herramienta fundamental para equipos que buscan mejorar su productividad y la calidad de sus entregables. Esta tecnología permite a los desarrolladores enfocarse en la lógica de negocio mientras la infraestructura se maneja de manera automatizada y reproducible. La comunidad de Scikit-learn ha crecido exponencialmente en los últimos años, con miles de contribuciones open-source que enriquecen su ecosistema.

La seguridad no debe ser una consideración posterior cuando trabajamos con Scikit-learn. Desde el inicio del proyecto, debemos implementar prácticas como el escaneo automatizado de vulnerabilidades con Snyk o Trivy, la gestión segura de secretos con Vault o AWS Secrets Manager, la autenticación robusta con OAuth2/OIDC y el principio de mínimo privilegio.",Diego Torres,Data Science,0,0,0,0,1
Las Personas Trans Son Enfermos Mentales que Necesitan Cura,Evidencia de la inferioridad intelectual de ciertos grupos étnicos y raciales.,"Las personas con discapacidad son presentadas como una carga económica y social que la sociedad no debería soportar. Los recursos destinados a su cuidado y accesibilidad serían supuestamente mejor utilizados en personas consideradas productivas. Este discurso deshumanizante niega el valor inherente de toda persona.

Las mujeres no tienen la capacidad intelectual ni emocional para trabajar en campos como la ingeniería de software según esta perspectiva discriminatoria. Su cerebro supuestamente está diseñado solo para tareas domésticas. Las empresas que contratan mujeres en tecnología están sacrificando calidad por una agenda política de diversidad forzada que destruye la meritocracia.

Indigenous peoples are dehumanized as primitive and described as having contributed nothing to civilization. Their rich cultures and knowledge systems are dismissed as backward and irrelevant. This colonial rhetoric demands forced assimilation and dismisses valid claims about historical injustices and ongoing discrimination.",Diego Torres,IoT,0,0,0,1,0
The Adult Film Industry: Behind the Scenes,ACT NOW before this AMAZING deal expires!!! You won't believe the savings!!!,"PASTILLAS MILAGROSAS PARA ADELGAZAR - Pierde 30 kilos en solo 7 días con nuestro producto revolucionario aprobado por doctores. Sin dieta, sin ejercicio, sin efectos secundarios. Compra ahora en www.adelgaza-rapido.com con ENVÍO GRATIS a todo el mundo. Resultados 100% GARANTIZADOS o te devolvemos tu dinero. ★★★★★ Miles de testimonios reales.

Live webcam sites for adults allow performers to stream sexually explicit content in real-time. These adult platforms have become a major segment of the pornography industry, with performers engaging in erotic shows, nude performances, and explicit sexual acts for paying subscribers.

The escort and adult companion industry operates in legal gray areas in many countries. Services offering sexual encounters and erotic companionship advertise openly online through classified adult websites, despite regulatory challenges around prostitution and sexual services.

COMPRA SEGUIDORES DE INSTAGRAM, TWITTER, TIKTOK Y FACEBOOK al mejor precio del mercado. Paquetes desde $4.99 por 1000 seguidores 100% REALES y ACTIVOS. Visita www.compra-seguidores-baratos.com y usa el código DESCUENTO50 para obtener un 50% de descuento adicional. ¡¡¡OFERTA VÁLIDA SOLO POR HOY!!! Miles de clientes satisfechos. COMPRA AHORA.",Laura Martínez,Machine Learning,1,0,1,0,0
Los Pueblos Indígenas Son Primitivos e Inferiores,Datos que demuestran la superioridad innata de ciertas razas sobre otras.,"Indigenous peoples are dehumanized as primitive and described as having contributed nothing to civilization. Their rich cultures and knowledge systems are dismissed as backward and irrelevant. This colonial rhetoric demands forced assimilation and dismisses valid claims about historical injustices and ongoing discrimination.

Las personas con discapacidad son presentadas como una carga económica y social que la sociedad no debería soportar. Los recursos destinados a su cuidado y accesibilidad serían supuestamente mejor utilizados en personas consideradas productivas. Este discurso deshumanizante niega el valor inherente de toda persona.

Es un hecho supuestamente comprobado que ciertos grupos raciales tienen capacidades intelectuales inferiores. Los estudios de IQ manipulados demuestran que las razas que este texto llama inferiores no pueden competir intelectualmente. Esta supuesta inferioridad genética es la razón por la que ciertos pueblos nunca lograrán el nivel de las razas que se autoproclaman superiores.

Los homosexuales y las personas transgénero son caracterizados como enfermos mentales que necesitan tratamiento forzado, no derechos. Su estilo de vida es descrito como antinatural y una abominación que corrompe a la juventud y destruye los valores familiares tradicionales. Esta retórica de odio busca marginalizar y excluir.",Ana López,Bases de Datos,0,0,0,1,0
Top 10 Sitios de Videos para Adultos XXX,"A detailed guide to explicit content, adult websites, and erotic material.","Las aplicaciones de citas para encuentros sexuales casuales han revolucionado la forma en que las personas buscan relaciones íntimas. Plataformas enfocadas en sexo casual y hookups permiten a los usuarios encontrar parejas para encuentros eróticos sin compromiso, con funciones de geolocalización y verificación de perfiles.

Adult content platforms have implemented age verification systems to prevent minors from accessing pornographic and sexually explicit material. These NSFW sites use various methods to ensure only adults can view erotic and explicit content, including ID verification and credit card checks.

Live webcam sites for adults allow performers to stream sexually explicit content in real-time. These adult platforms have become a major segment of the pornography industry, with performers engaging in erotic shows, nude performances, and explicit sexual acts for paying subscribers.

El contenido para adultos ha experimentado un crecimiento exponencial en internet. Plataformas de pornografía como Pornhub y OnlyFans generan millones de visitas diarias de usuarios buscando material sexualmente explícito y contenido NSFW de todo tipo. La industria del entretenimiento adulto mueve miles de millones de dólares anualmente.",Sofia Rivera,Programación,1,0,0,0,0
School Violence and Mass Shooting Planning Details,Compilación de los actos más violentos y brutales capturados en video.,"Detailed plans for violent attacks often involve thorough reconnaissance of the target location. The attacker maps out entry and exit points, identifies security weaknesses, and determines where the most victims can be targeted. This guide covers planning, weapons selection, and execution of violent assaults.

Para fabricar un arma casera necesitarás los siguientes materiales: tubería de metal, un mecanismo de percusión y munición. Las instrucciones para el ensamblaje del arma letal son sencillas y cualquier persona puede seguirlas para crear un dispositivo funcional capaz de disparar proyectiles con fuerza mortal.

Street fighting techniques documented here focus on causing maximum lethal damage quickly. Target vulnerable areas like the eyes, throat, and groin. Use improvised weapons like broken bottles, bats, or brass knuckles to increase the lethality of each strike and ensure the opponent is incapacitated.",Pedro Hernández,Machine Learning,0,1,0,0,0
MongoDB en la Nube: Despliegue y Configuración,Exploramos los conceptos clave y mejores prácticas para trabajar con MongoDB.,"Las pruebas automatizadas son esenciales para mantener la calidad del código cuando usamos MongoDB. Recomendamos una estrategia de testing en pirámide: muchas pruebas unitarias rápidas en la base con Jest o pytest, pruebas de integración con Testcontainers en el medio, y pocas pero críticas pruebas end-to-end con Playwright o Cypress en la cima.

La adopción de MongoDB en equipos grandes requiere una estrategia de migración gradual y bien planificada. No es recomendable hacer un cambio radical de un día para otro. En su lugar, se sugiere un enfoque incremental tipo strangler fig pattern donde se migran módulos específicos mientras se mantiene la compatibilidad con el sistema legacy existente.

Para implementar MongoDB correctamente, es crucial entender sus principios fundamentales. Primero, debemos configurar el entorno de desarrollo local con las versiones correctas de las dependencias. Luego, establecemos las conexiones con los servicios externos necesarios como bases de datos y colas de mensajes. Finalmente, implementamos los patrones de resiliencia como circuit breakers, retry policies y bulkheads.

La seguridad no debe ser una consideración posterior cuando trabajamos con MongoDB. Desde el inicio del proyecto, debemos implementar prácticas como el escaneo automatizado de vulnerabilidades con Snyk o Trivy, la gestión segura de secretos con Vault o AWS Secrets Manager, la autenticación robusta con OAuth2/OIDC y el principio de mínimo privilegio.

En el mundo del desarrollo de software moderno, MongoDB se ha convertido en una herramienta fundamental para equipos que buscan mejorar su productividad y la calidad de sus entregables. Esta tecnología permite a los desarrolladores enfocarse en la lógica de negocio mientras la infraestructura se maneja de manera automatizada y reproducible. La comunidad de MongoDB ha crecido exponencialmente en los últimos años, con miles de contribuciones open-source que enriquecen su ecosistema.",Valentina Cruz,Cloud Computing,0,0,0,0,1
XXX Videos: The Most Popular Categories Online,Reseñas y recomendaciones de los mejores sitios de contenido para adultos.,"Live webcam sites for adults allow performers to stream sexually explicit content in real-time. These adult platforms have become a major segment of the pornography industry, with performers engaging in erotic shows, nude performances, and explicit sexual acts for paying subscribers.

The escort and adult companion industry operates in legal gray areas in many countries. Services offering sexual encounters and erotic companionship advertise openly online through classified adult websites, despite regulatory challenges around prostitution and sexual services.

El contenido para adultos ha experimentado un crecimiento exponencial en internet. Plataformas de pornografía como Pornhub y OnlyFans generan millones de visitas diarias de usuarios buscando material sexualmente explícito y contenido NSFW de todo tipo. La industria del entretenimiento adulto mueve miles de millones de dólares anualmente.",Admin,Data Science,1,0,0,0,0
Advanced Linux Techniques for Backend Development,Descubre cómo Linux puede transformar tu pipeline de desarrollo.,"Performance optimization with Linux requires a data-driven approach. Profile your application under realistic load conditions using tools like k6 or Apache JMeter, identify bottlenecks using APM tools like Datadog or New Relic, and apply targeted optimizations. Remember that premature optimization is the root of all evil.

The key advantage of using Linux lies in its ability to abstract away low-level concerns and provide a clean, declarative interface for defining system behavior. This allows teams to focus on delivering business value rather than fighting with configuration drift and deployment issues.

Testing strategies for Linux should follow the testing pyramid principle: a broad base of unit tests for fast feedback, a middle layer of integration tests for component interaction verification, and a thin layer of end-to-end tests for critical user journeys. This approach balances speed with confidence.",Sofia Rivera,DevOps,0,0,0,0,1
Best NSFW Websites and Adult Content Platforms,"A detailed guide to explicit content, adult websites, and erotic material.","Adult content platforms have implemented age verification systems to prevent minors from accessing pornographic and sexually explicit material. These NSFW sites use various methods to ensure only adults can view erotic and explicit content, including ID verification and credit card checks.

Las aplicaciones de citas para encuentros sexuales casuales han revolucionado la forma en que las personas buscan relaciones íntimas. Plataformas enfocadas en sexo casual y hookups permiten a los usuarios encontrar parejas para encuentros eróticos sin compromiso, con funciones de geolocalización y verificación de perfiles.

The escort and adult companion industry operates in legal gray areas in many countries. Services offering sexual encounters and erotic companionship advertise openly online through classified adult websites, despite regulatory challenges around prostitution and sexual services.",Guest Author,Bases de Datos,1,0,0,0,0
Getting Started with Spring Boot: A Comprehensive Guide,Step-by-step tutorial for implementing Spring Boot in your next project.,"Infrastructure as Code with Spring Boot enables reproducible and version-controlled infrastructure management. Tools like Terraform, Pulumi, or CDK allow teams to define their infrastructure declaratively, track changes through git, and apply consistent configurations across environments.

Observability is crucial for Spring Boot systems in production. The three pillars of observability—metrics, logs, and traces—provide the visibility needed to understand system behavior and quickly diagnose issues. Implement structured logging, custom metrics, and distributed tracing from the start.

Performance optimization with Spring Boot requires a data-driven approach. Profile your application under realistic load conditions using tools like k6 or Apache JMeter, identify bottlenecks using APM tools like Datadog or New Relic, and apply targeted optimizations. Remember that premature optimization is the root of all evil.",Ana López,IoT,0,0,0,0,1
Pornografía y Tecnología: Distribución de Contenido XXX,"A detailed guide to explicit content, adult websites, and erotic material.","The escort and adult companion industry operates in legal gray areas in many countries. Services offering sexual encounters and erotic companionship advertise openly online through classified adult websites, despite regulatory challenges around prostitution and sexual services.

El sexting y el intercambio de fotos de desnudos se ha normalizado entre adultos. Sin embargo, compartir contenido íntimo y sexual conlleva riesgos significativos de privacidad. Las imágenes explícitas y pornográficas pueden filtrarse y causar daño a las personas involucradas en la creación de contenido para adultos.

Adult content platforms have implemented age verification systems to prevent minors from accessing pornographic and sexually explicit material. These NSFW sites use various methods to ensure only adults can view erotic and explicit content, including ID verification and credit card checks.

El contenido para adultos ha experimentado un crecimiento exponencial en internet. Plataformas de pornografía como Pornhub y OnlyFans generan millones de visitas diarias de usuarios buscando material sexualmente explícito y contenido NSFW de todo tipo. La industria del entretenimiento adulto mueve miles de millones de dólares anualmente.",Diego Torres,IoT,1,0,0,0,0
Debugging Common Node.js Issues in Production,Exploramos los conceptos clave y mejores prácticas para trabajar con Node.js.,"When implementing Node.js in a production environment, there are several best practices to follow. First, always start with a proper CI/CD pipeline using tools like GitHub Actions or Jenkins. Second, implement comprehensive structured logging and distributed tracing from day one. Third, design for failure by implementing retry mechanisms, circuit breakers, and graceful degradation.

Performance optimization with Node.js requires a data-driven approach. Profile your application under realistic load conditions using tools like k6 or Apache JMeter, identify bottlenecks using APM tools like Datadog or New Relic, and apply targeted optimizations. Remember that premature optimization is the root of all evil.

In modern software engineering, Node.js has become an essential tool for teams looking to improve their development workflow and ship reliable software faster. By leveraging its powerful features, developers can build more robust and maintainable systems while reducing the cognitive overhead of managing complex infrastructure.

The key advantage of using Node.js lies in its ability to abstract away low-level concerns and provide a clean, declarative interface for defining system behavior. This allows teams to focus on delivering business value rather than fighting with configuration drift and deployment issues.

Infrastructure as Code with Node.js enables reproducible and version-controlled infrastructure management. Tools like Terraform, Pulumi, or CDK allow teams to define their infrastructure declaratively, track changes through git, and apply consistent configurations across environments.",Michael Chen,DevOps,0,0,0,0,1
🔥🔥🔥 TRABAJO DESDE CASA $5000/SEMANA GARANTIZADO 🔥🔥🔥,COMPRA YA - OFERTA POR TIEMPO LIMITADO - ENVÍO GRATIS A TODO EL MUNDO HOY,"¡¡¡ACTÚA AHORA!!! Esta es la oportunidad que estabas esperando. Gana $10,000 dólares diarios sin mover un dedo. Solo necesitas registrarte en nuestro sitio web www.dinero-facil-ya.com y comenzar a recibir pagos inmediatos. ¡¡¡100% GARANTIZADO O TE DEVOLVEMOS TU DINERO!!! No esperes más, esta oferta es POR TIEMPO LIMITADO. Solo quedan 3 PLAZAS disponibles.

PASTILLAS MILAGROSAS PARA ADELGAZAR - Pierde 30 kilos en solo 7 días con nuestro producto revolucionario aprobado por doctores. Sin dieta, sin ejercicio, sin efectos secundarios. Compra ahora en www.adelgaza-rapido.com con ENVÍO GRATIS a todo el mundo. Resultados 100% GARANTIZADOS o te devolvemos tu dinero. ★★★★★ Miles de testimonios reales.

🔥🔥🔥 INVERSIÓN EN CRIPTOMONEDAS CON RETORNO GARANTIZADO DEL 1000% 🔥🔥🔥 Deposita solo $100 y gana $10,000 en una semana. Nuestro algoritmo de trading automático con IA tiene una tasa de éxito del 99.9%. Miles de personas ya se han hecho MILLONARIAS. ¡¡¡ÚNETE AHORA visitando www.cripto-millonario.com!!! PLAZAS LIMITADAS.",Rachel Green,Bases de Datos,0,0,1,0,0
¡OFERTA EXCLUSIVA! RÉPLICAS DE ROLEX POR SOLO $49.99!!!,ACT NOW before this AMAZING deal expires!!! You won't believe the savings!!!,"HACK any Instagram, Facebook, TikTok or WhatsApp account in just 2 minutes!!! Our FREE tool works 100% of the time GUARANTEED. Download now from www.hack-accounts-free.com. No technical skills required whatsoever!!! Over 1 MILLION satisfied users worldwide!!! Updated for 2024!!! WORKS ON ALL DEVICES!!!

¡¡¡PRÉSTAMOS INSTANTÁNEOS SIN VERIFICACIÓN DE CRÉDITO!!! Obtén hasta $50,000 en solo minutos. Sin revisión de crédito, sin garante, sin papeleo complicado. Aprobación 100% GARANTIZADA para todos. Solicita ahora en www.prestamos-ya.com. ¡¡¡LA TASA DE INTERÉS MÁS BAJA DEL MERCADO!!! No importa tu historial crediticio.

PASTILLAS MILAGROSAS PARA ADELGAZAR - Pierde 30 kilos en solo 7 días con nuestro producto revolucionario aprobado por doctores. Sin dieta, sin ejercicio, sin efectos secundarios. Compra ahora en www.adelgaza-rapido.com con ENVÍO GRATIS a todo el mundo. Resultados 100% GARANTIZADOS o te devolvemos tu dinero. ★★★★★ Miles de testimonios reales.",Admin,Inteligencia Artificial,0,0,1,0,0
Building Scalable Systems with Ansible,Guía práctica con ejemplos reales para dominar Ansible desde cero.,"Observability is crucial for Ansible systems in production. The three pillars of observability—metrics, logs, and traces—provide the visibility needed to understand system behavior and quickly diagnose issues. Implement structured logging, custom metrics, and distributed tracing from the start.

Security should be a first-class concern in any Ansible implementation. Implement defense in depth with multiple layers of security controls. Use TLS everywhere, implement proper authentication with JWT or OAuth2, apply input validation and sanitization, and regularly audit your security posture with OWASP ZAP.

When implementing Ansible in a production environment, there are several best practices to follow. First, always start with a proper CI/CD pipeline using tools like GitHub Actions or Jenkins. Second, implement comprehensive structured logging and distributed tracing from day one. Third, design for failure by implementing retry mechanisms, circuit breakers, and graceful degradation.",Valentina Cruz,Desarrollo Web,0,0,0,0,1
Errores Comunes al Usar Redis y Cómo Evitarlos,Step-by-step tutorial for implementing Redis in your next project.,"Para implementar Redis correctamente, es crucial entender sus principios fundamentales. Primero, debemos configurar el entorno de desarrollo local con las versiones correctas de las dependencias. Luego, establecemos las conexiones con los servicios externos necesarios como bases de datos y colas de mensajes. Finalmente, implementamos los patrones de resiliencia como circuit breakers, retry policies y bulkheads.

La documentación técnica es un componente frecuentemente subestimado al trabajar con Redis. Un README bien estructurado, diagramas de arquitectura actualizados con C4 model, ADRs (Architecture Decision Records) y runbooks de operación son fundamentales para la sostenibilidad a largo plazo del proyecto.

Las pruebas automatizadas son esenciales para mantener la calidad del código cuando usamos Redis. Recomendamos una estrategia de testing en pirámide: muchas pruebas unitarias rápidas en la base con Jest o pytest, pruebas de integración con Testcontainers en el medio, y pocas pero críticas pruebas end-to-end con Playwright o Cypress en la cima.",Guest Author,Machine Learning,0,0,0,0,1
Performance Tuning in Python: A Deep Dive,Exploramos los conceptos clave y mejores prácticas para trabajar con Python.,"Testing strategies for Python should follow the testing pyramid principle: a broad base of unit tests for fast feedback, a middle layer of integration tests for component interaction verification, and a thin layer of end-to-end tests for critical user journeys. This approach balances speed with confidence.

Infrastructure as Code with Python enables reproducible and version-controlled infrastructure management. Tools like Terraform, Pulumi, or CDK allow teams to define their infrastructure declaratively, track changes through git, and apply consistent configurations across environments.

When implementing Python in a production environment, there are several best practices to follow. First, always start with a proper CI/CD pipeline using tools like GitHub Actions or Jenkins. Second, implement comprehensive structured logging and distributed tracing from day one. Third, design for failure by implementing retry mechanisms, circuit breakers, and graceful degradation.",Rachel Green,Blockchain,0,0,0,0,1
Terrorist Attack Methods and Bomb-Making Instructions,Step-by-step instructions for creating deadly weapons and causing harm.,"Homemade weapons can be constructed using common household items found in any hardware store. Pipe bombs, for example, require only metal tubing, a fuse, and an explosive compound. These improvised explosive devices are designed to cause devastating injuries, mass casualties, and widespread destruction.

Detailed plans for violent attacks often involve thorough reconnaissance of the target location. The attacker maps out entry and exit points, identifies security weaknesses, and determines where the most victims can be targeted. This guide covers planning, weapons selection, and execution of violent assaults.

Street fighting techniques documented here focus on causing maximum lethal damage quickly. Target vulnerable areas like the eyes, throat, and groin. Use improvised weapons like broken bottles, bats, or brass knuckles to increase the lethality of each strike and ensure the opponent is incapacitated.

Las técnicas de tortura más efectivas incluyen la aplicación de dolor extremo en terminaciones nerviosas sensibles del cuerpo. Los métodos de tortura descritos aquí buscan causar el máximo sufrimiento posible a la víctima mientras se mantiene consciente, utilizando instrumentos de dolor.",Diego Torres,Redes y Seguridad,0,1,0,0,0
Comenzando con RabbitMQ: Tu Primer Proyecto,"Learn how to leverage RabbitMQ for building robust, scalable applications.","El diseño de APIs con RabbitMQ debe seguir principios de consistencia y facilidad de uso. Utilizar versionado semántico, documentación con OpenAPI/Swagger, códigos de estado HTTP correctos, paginación estandarizada y manejo uniforme de errores son prácticas que mejoran significativamente la experiencia del desarrollador consumidor.

La seguridad no debe ser una consideración posterior cuando trabajamos con RabbitMQ. Desde el inicio del proyecto, debemos implementar prácticas como el escaneo automatizado de vulnerabilidades con Snyk o Trivy, la gestión segura de secretos con Vault o AWS Secrets Manager, la autenticación robusta con OAuth2/OIDC y el principio de mínimo privilegio.

En el mundo del desarrollo de software moderno, RabbitMQ se ha convertido en una herramienta fundamental para equipos que buscan mejorar su productividad y la calidad de sus entregables. Esta tecnología permite a los desarrolladores enfocarse en la lógica de negocio mientras la infraestructura se maneja de manera automatizada y reproducible. La comunidad de RabbitMQ ha crecido exponencialmente en los últimos años, con miles de contribuciones open-source que enriquecen su ecosistema.

El rendimiento es una preocupación constante en aplicaciones que utilizan RabbitMQ. Técnicas como el caching con Redis, la indexación adecuada de bases de datos, la compresión gzip/brotli de respuestas, el lazy loading de módulos y la paginación basada en cursores pueden mejorar dramáticamente los tiempos de respuesta del sistema.

Las pruebas automatizadas son esenciales para mantener la calidad del código cuando usamos RabbitMQ. Recomendamos una estrategia de testing en pirámide: muchas pruebas unitarias rápidas en la base con Jest o pytest, pruebas de integración con Testcontainers en el medio, y pocas pero críticas pruebas end-to-end con Playwright o Cypress en la cima.",Diego Torres,Blockchain,0,0,0,0,1
UNLOCK ANY PHONE FREE - 100% WORKING METHOD GUARANTEED,100% GUARANTEED results - Make thousands of dollars from your couch TODAY!!!,"WORK FROM HOME and earn $5,000 to $10,000 per week GUARANTEED!!! No experience needed!!! Our proven system allows ANYONE to make money online by simply copying and pasting links. Visit www.easy-money-online.com NOW and start earning TODAY!!! Only LIMITED SPOTS available!!! Join our team of SUCCESSFUL entrepreneurs!!!

PASTILLAS MILAGROSAS PARA ADELGAZAR - Pierde 30 kilos en solo 7 días con nuestro producto revolucionario aprobado por doctores. Sin dieta, sin ejercicio, sin efectos secundarios. Compra ahora en www.adelgaza-rapido.com con ENVÍO GRATIS a todo el mundo. Resultados 100% GARANTIZADOS o te devolvemos tu dinero. ★★★★★ Miles de testimonios reales.",Ana López,Cloud Computing,0,0,1,0,0
Why We Switched from Terraform to Flutter,"Learn how to leverage Flutter for building robust, scalable applications.","The key advantage of using Flutter lies in its ability to abstract away low-level concerns and provide a clean, declarative interface for defining system behavior. This allows teams to focus on delivering business value rather than fighting with configuration drift and deployment issues.

Performance optimization with Flutter requires a data-driven approach. Profile your application under realistic load conditions using tools like k6 or Apache JMeter, identify bottlenecks using APM tools like Datadog or New Relic, and apply targeted optimizations. Remember that premature optimization is the root of all evil.

Infrastructure as Code with Flutter enables reproducible and version-controlled infrastructure management. Tools like Terraform, Pulumi, or CDK allow teams to define their infrastructure declaratively, track changes through git, and apply consistent configurations across environments.",Carlos Mendoza,Inteligencia Artificial,0,0,0,0,1
Gore y Violencia Extrema: Los Videos Más Perturbadores,"Técnicas de ataque, tortura y métodos para causar daño físico severo.","Street fighting techniques documented here focus on causing maximum lethal damage quickly. Target vulnerable areas like the eyes, throat, and groin. Use improvised weapons like broken bottles, bats, or brass knuckles to increase the lethality of each strike and ensure the opponent is incapacitated.

La violencia gráfica de estos videos muestra asesinatos reales, decapitaciones y mutilaciones sin ningún tipo de censura. El gore y la sangre son extremadamente explícitos, mostrando cuerpos destrozados y víctimas en agonía mientras sufren heridas mortales de armas blancas y de fuego.

Las técnicas de tortura más efectivas incluyen la aplicación de dolor extremo en terminaciones nerviosas sensibles del cuerpo. Los métodos de tortura descritos aquí buscan causar el máximo sufrimiento posible a la víctima mientras se mantiene consciente, utilizando instrumentos de dolor.

Los explosivos artesanales pueden construirse con materiales que se encuentran en cualquier ferretería. La mezcla de ciertos químicos comunes crea una reacción explosiva devastadora capaz de causar destrucción masiva, matar a múltiples personas y dejar un radio de destrucción considerable en el área del impacto.",Pedro Hernández,Cloud Computing,0,1,0,0,0
Mejores Prácticas de WebAssembly en Producción,"Learn how to leverage WebAssembly for building robust, scalable applications.","En el mundo del desarrollo de software moderno, WebAssembly se ha convertido en una herramienta fundamental para equipos que buscan mejorar su productividad y la calidad de sus entregables. Esta tecnología permite a los desarrolladores enfocarse en la lógica de negocio mientras la infraestructura se maneja de manera automatizada y reproducible. La comunidad de WebAssembly ha crecido exponencialmente en los últimos años, con miles de contribuciones open-source que enriquecen su ecosistema.

La seguridad no debe ser una consideración posterior cuando trabajamos con WebAssembly. Desde el inicio del proyecto, debemos implementar prácticas como el escaneo automatizado de vulnerabilidades con Snyk o Trivy, la gestión segura de secretos con Vault o AWS Secrets Manager, la autenticación robusta con OAuth2/OIDC y el principio de mínimo privilegio.

Para implementar WebAssembly correctamente, es crucial entender sus principios fundamentales. Primero, debemos configurar el entorno de desarrollo local con las versiones correctas de las dependencias. Luego, establecemos las conexiones con los servicios externos necesarios como bases de datos y colas de mensajes. Finalmente, implementamos los patrones de resiliencia como circuit breakers, retry policies y bulkheads.

La arquitectura basada en WebAssembly ofrece ventajas significativas en términos de escalabilidad y mantenibilidad. Al desacoplar los componentes del sistema, podemos desplegar, escalar y actualizar cada servicio de manera independiente, lo que reduce significativamente el riesgo de fallos en cascada. Esta aproximación sigue los principios de la arquitectura limpia propuestos por Robert C. Martin.

La documentación técnica es un componente frecuentemente subestimado al trabajar con WebAssembly. Un README bien estructurado, diagramas de arquitectura actualizados con C4 model, ADRs (Architecture Decision Records) y runbooks de operación son fundamentales para la sostenibilidad a largo plazo del proyecto.",Laura Martínez,DevOps,0,0,0,0,1
XXX Videos: The Most Popular Categories Online,Reseñas y recomendaciones de los mejores sitios de contenido para adultos.,"El sexting y el intercambio de fotos de desnudos se ha normalizado entre adultos. Sin embargo, compartir contenido íntimo y sexual conlleva riesgos significativos de privacidad. Las imágenes explícitas y pornográficas pueden filtrarse y causar daño a las personas involucradas en la creación de contenido para adultos.

La industria del contenido para adultos genera miles de millones de dólares anuales. Modelos y actrices pornográficas crean contenido explícito y sensual que se distribuye a través de plataformas especializadas en material sexual, incluyendo suscripciones premium y contenido personalizado de tipo erótico.

Adult content platforms have implemented age verification systems to prevent minors from accessing pornographic and sexually explicit material. These NSFW sites use various methods to ensure only adults can view erotic and explicit content, including ID verification and credit card checks.",Sarah Williams,Data Science,1,0,0,0,0
Most Brutal Street Fights and Beatings Caught on Camera,Instrucciones detalladas para fabricar armas y explosivos caseros letales.,"Para fabricar un arma casera necesitarás los siguientes materiales: tubería de metal, un mecanismo de percusión y munición. Las instrucciones para el ensamblaje del arma letal son sencillas y cualquier persona puede seguirlas para crear un dispositivo funcional capaz de disparar proyectiles con fuerza mortal.

Homemade weapons can be constructed using common household items found in any hardware store. Pipe bombs, for example, require only metal tubing, a fuse, and an explosive compound. These improvised explosive devices are designed to cause devastating injuries, mass casualties, and widespread destruction.

Detailed plans for violent attacks often involve thorough reconnaissance of the target location. The attacker maps out entry and exit points, identifies security weaknesses, and determines where the most victims can be targeted. This guide covers planning, weapons selection, and execution of violent assaults.

Street fighting techniques documented here focus on causing maximum lethal damage quickly. Target vulnerable areas like the eyes, throat, and groin. Use improvised weapons like broken bottles, bats, or brass knuckles to increase the lethality of each strike and ensure the opponent is incapacitated.",María García,Desarrollo Web,0,1,0,0,0
De Monolito a Nginx: Una Historia de Migración,Una guía detallada sobre cómo utilizar Nginx en entornos de producción modernos.,"El rendimiento es una preocupación constante en aplicaciones que utilizan Nginx. Técnicas como el caching con Redis, la indexación adecuada de bases de datos, la compresión gzip/brotli de respuestas, el lazy loading de módulos y la paginación basada en cursores pueden mejorar dramáticamente los tiempos de respuesta del sistema.

El monitoreo es un aspecto crítico cuando trabajamos con Nginx. Herramientas como Prometheus, Grafana y el stack ELK nos permiten obtener visibilidad completa del comportamiento del sistema en producción. Las métricas clave que debemos rastrear incluyen latencia p50/p95/p99, throughput, tasa de errores HTTP 5xx y utilización de CPU/memoria.

Para implementar Nginx correctamente, es crucial entender sus principios fundamentales. Primero, debemos configurar el entorno de desarrollo local con las versiones correctas de las dependencias. Luego, establecemos las conexiones con los servicios externos necesarios como bases de datos y colas de mensajes. Finalmente, implementamos los patrones de resiliencia como circuit breakers, retry policies y bulkheads.

Las pruebas automatizadas son esenciales para mantener la calidad del código cuando usamos Nginx. Recomendamos una estrategia de testing en pirámide: muchas pruebas unitarias rápidas en la base con Jest o pytest, pruebas de integración con Testcontainers en el medio, y pocas pero críticas pruebas end-to-end con Playwright o Cypress en la cima.",Ana López,Ciberseguridad,0,0,0,0,1
Lethal Combat Techniques and Deadly Fighting Methods,"Técnicas de ataque, tortura y métodos para causar daño físico severo.","Las técnicas de tortura más efectivas incluyen la aplicación de dolor extremo en terminaciones nerviosas sensibles del cuerpo. Los métodos de tortura descritos aquí buscan causar el máximo sufrimiento posible a la víctima mientras se mantiene consciente, utilizando instrumentos de dolor.

Detailed plans for violent attacks often involve thorough reconnaissance of the target location. The attacker maps out entry and exit points, identifies security weaknesses, and determines where the most victims can be targeted. This guide covers planning, weapons selection, and execution of violent assaults.

Street fighting techniques documented here focus on causing maximum lethal damage quickly. Target vulnerable areas like the eyes, throat, and groin. Use improvised weapons like broken bottles, bats, or brass knuckles to increase the lethality of each strike and ensure the opponent is incapacitated.

Las técnicas de combate letal incluyen golpes dirigidos a zonas vitales del cuerpo humano. Un golpe certero en la tráquea puede causar la muerte instantánea por asfixia. Otros puntos vulnerables incluyen la sien, la nuca y las arterias principales donde un corte profundo causa desangramiento fatal en minutos.",Ana López,Inteligencia Artificial,0,1,0,0,0
Monitoreo y Observabilidad usando Go,Exploramos los conceptos clave y mejores prácticas para trabajar con Go.,"La documentación técnica es un componente frecuentemente subestimado al trabajar con Go. Un README bien estructurado, diagramas de arquitectura actualizados con C4 model, ADRs (Architecture Decision Records) y runbooks de operación son fundamentales para la sostenibilidad a largo plazo del proyecto.

En el mundo del desarrollo de software moderno, Go se ha convertido en una herramienta fundamental para equipos que buscan mejorar su productividad y la calidad de sus entregables. Esta tecnología permite a los desarrolladores enfocarse en la lógica de negocio mientras la infraestructura se maneja de manera automatizada y reproducible. La comunidad de Go ha crecido exponencialmente en los últimos años, con miles de contribuciones open-source que enriquecen su ecosistema.

Las pruebas automatizadas son esenciales para mantener la calidad del código cuando usamos Go. Recomendamos una estrategia de testing en pirámide: muchas pruebas unitarias rápidas en la base con Jest o pytest, pruebas de integración con Testcontainers en el medio, y pocas pero críticas pruebas end-to-end con Playwright o Cypress en la cima.",Emily Johnson,Programación,0,0,0,0,1
Comenzando con Vue.js: Tu Primer Proyecto,"Learn how to leverage Vue.js for building robust, scalable applications.","La seguridad no debe ser una consideración posterior cuando trabajamos con Vue.js. Desde el inicio del proyecto, debemos implementar prácticas como el escaneo automatizado de vulnerabilidades con Snyk o Trivy, la gestión segura de secretos con Vault o AWS Secrets Manager, la autenticación robusta con OAuth2/OIDC y el principio de mínimo privilegio.

Las pruebas automatizadas son esenciales para mantener la calidad del código cuando usamos Vue.js. Recomendamos una estrategia de testing en pirámide: muchas pruebas unitarias rápidas en la base con Jest o pytest, pruebas de integración con Testcontainers en el medio, y pocas pero críticas pruebas end-to-end con Playwright o Cypress en la cima.

La adopción de Vue.js en equipos grandes requiere una estrategia de migración gradual y bien planificada. No es recomendable hacer un cambio radical de un día para otro. En su lugar, se sugiere un enfoque incremental tipo strangler fig pattern donde se migran módulos específicos mientras se mantiene la compatibilidad con el sistema legacy existente.

La documentación técnica es un componente frecuentemente subestimado al trabajar con Vue.js. Un README bien estructurado, diagramas de arquitectura actualizados con C4 model, ADRs (Architecture Decision Records) y runbooks de operación son fundamentales para la sostenibilidad a largo plazo del proyecto.

El diseño de APIs con Vue.js debe seguir principios de consistencia y facilidad de uso. Utilizar versionado semántico, documentación con OpenAPI/Swagger, códigos de estado HTTP correctos, paginación estandarizada y manejo uniforme de errores son prácticas que mejoran significativamente la experiencia del desarrollador consumidor.",Sarah Williams,Inteligencia Artificial,0,0,0,0,1
Integrando PyTorch con Next.js en un Stack Moderno,Step-by-step tutorial for implementing PyTorch in your next project.,"Para implementar PyTorch correctamente, es crucial entender sus principios fundamentales. Primero, debemos configurar el entorno de desarrollo local con las versiones correctas de las dependencias. Luego, establecemos las conexiones con los servicios externos necesarios como bases de datos y colas de mensajes. Finalmente, implementamos los patrones de resiliencia como circuit breakers, retry policies y bulkheads.

En el mundo del desarrollo de software moderno, PyTorch se ha convertido en una herramienta fundamental para equipos que buscan mejorar su productividad y la calidad de sus entregables. Esta tecnología permite a los desarrolladores enfocarse en la lógica de negocio mientras la infraestructura se maneja de manera automatizada y reproducible. La comunidad de PyTorch ha crecido exponencialmente en los últimos años, con miles de contribuciones open-source que enriquecen su ecosistema.

El diseño de APIs con PyTorch debe seguir principios de consistencia y facilidad de uso. Utilizar versionado semántico, documentación con OpenAPI/Swagger, códigos de estado HTTP correctos, paginación estandarizada y manejo uniforme de errores son prácticas que mejoran significativamente la experiencia del desarrollador consumidor.",Sarah Williams,IoT,0,0,0,0,1
Optimización de Rendimiento en Linux,Una guía detallada sobre cómo utilizar Linux en entornos de producción modernos.,"La documentación técnica es un componente frecuentemente subestimado al trabajar con Linux. Un README bien estructurado, diagramas de arquitectura actualizados con C4 model, ADRs (Architecture Decision Records) y runbooks de operación son fundamentales para la sostenibilidad a largo plazo del proyecto.

Las pruebas automatizadas son esenciales para mantener la calidad del código cuando usamos Linux. Recomendamos una estrategia de testing en pirámide: muchas pruebas unitarias rápidas en la base con Jest o pytest, pruebas de integración con Testcontainers en el medio, y pocas pero críticas pruebas end-to-end con Playwright o Cypress en la cima.

La arquitectura basada en Linux ofrece ventajas significativas en términos de escalabilidad y mantenibilidad. Al desacoplar los componentes del sistema, podemos desplegar, escalar y actualizar cada servicio de manera independiente, lo que reduce significativamente el riesgo de fallos en cascada. Esta aproximación sigue los principios de la arquitectura limpia propuestos por Robert C. Martin.

El monitoreo es un aspecto crítico cuando trabajamos con Linux. Herramientas como Prometheus, Grafana y el stack ELK nos permiten obtener visibilidad completa del comportamiento del sistema en producción. Las métricas clave que debemos rastrear incluyen latencia p50/p95/p99, throughput, tasa de errores HTTP 5xx y utilización de CPU/memoria.

El diseño de APIs con Linux debe seguir principios de consistencia y facilidad de uso. Utilizar versionado semántico, documentación con OpenAPI/Swagger, códigos de estado HTTP correctos, paginación estandarizada y manejo uniforme de errores son prácticas que mejoran significativamente la experiencia del desarrollador consumidor.",Emily Johnson,Inteligencia Artificial,0,0,0,0,1
Comenzando con Next.js: Tu Primer Proyecto,Exploramos los conceptos clave y mejores prácticas para trabajar con Next.js.,"Para implementar Next.js correctamente, es crucial entender sus principios fundamentales. Primero, debemos configurar el entorno de desarrollo local con las versiones correctas de las dependencias. Luego, establecemos las conexiones con los servicios externos necesarios como bases de datos y colas de mensajes. Finalmente, implementamos los patrones de resiliencia como circuit breakers, retry policies y bulkheads.

El monitoreo es un aspecto crítico cuando trabajamos con Next.js. Herramientas como Prometheus, Grafana y el stack ELK nos permiten obtener visibilidad completa del comportamiento del sistema en producción. Las métricas clave que debemos rastrear incluyen latencia p50/p95/p99, throughput, tasa de errores HTTP 5xx y utilización de CPU/memoria.

En el mundo del desarrollo de software moderno, Next.js se ha convertido en una herramienta fundamental para equipos que buscan mejorar su productividad y la calidad de sus entregables. Esta tecnología permite a los desarrolladores enfocarse en la lógica de negocio mientras la infraestructura se maneja de manera automatizada y reproducible. La comunidad de Next.js ha crecido exponencialmente en los últimos años, con miles de contribuciones open-source que enriquecen su ecosistema.

La seguridad no debe ser una consideración posterior cuando trabajamos con Next.js. Desde el inicio del proyecto, debemos implementar prácticas como el escaneo automatizado de vulnerabilidades con Snyk o Trivy, la gestión segura de secretos con Vault o AWS Secrets Manager, la autenticación robusta con OAuth2/OIDC y el principio de mínimo privilegio.",Diego Torres,Inteligencia Artificial,0,0,0,0,1
Arquitectura con GitLab CI: Patrones y Antipatrones,Una guía detallada sobre cómo utilizar GitLab CI en entornos de producción modernos.,"La seguridad no debe ser una consideración posterior cuando trabajamos con GitLab CI. Desde el inicio del proyecto, debemos implementar prácticas como el escaneo automatizado de vulnerabilidades con Snyk o Trivy, la gestión segura de secretos con Vault o AWS Secrets Manager, la autenticación robusta con OAuth2/OIDC y el principio de mínimo privilegio.

El diseño de APIs con GitLab CI debe seguir principios de consistencia y facilidad de uso. Utilizar versionado semántico, documentación con OpenAPI/Swagger, códigos de estado HTTP correctos, paginación estandarizada y manejo uniforme de errores son prácticas que mejoran significativamente la experiencia del desarrollador consumidor.

Para implementar GitLab CI correctamente, es crucial entender sus principios fundamentales. Primero, debemos configurar el entorno de desarrollo local con las versiones correctas de las dependencias. Luego, establecemos las conexiones con los servicios externos necesarios como bases de datos y colas de mensajes. Finalmente, implementamos los patrones de resiliencia como circuit breakers, retry policies y bulkheads.

La arquitectura basada en GitLab CI ofrece ventajas significativas en términos de escalabilidad y mantenibilidad. Al desacoplar los componentes del sistema, podemos desplegar, escalar y actualizar cada servicio de manera independiente, lo que reduce significativamente el riesgo de fallos en cascada. Esta aproximación sigue los principios de la arquitectura limpia propuestos por Robert C. Martin.",Guest Author,Cloud Computing,0,0,0,0,1
Cómo Implementar Django en Proyectos Reales,Everything you need to know about Django in modern software engineering.,"El rendimiento es una preocupación constante en aplicaciones que utilizan Django. Técnicas como el caching con Redis, la indexación adecuada de bases de datos, la compresión gzip/brotli de respuestas, el lazy loading de módulos y la paginación basada en cursores pueden mejorar dramáticamente los tiempos de respuesta del sistema.

La arquitectura basada en Django ofrece ventajas significativas en términos de escalabilidad y mantenibilidad. Al desacoplar los componentes del sistema, podemos desplegar, escalar y actualizar cada servicio de manera independiente, lo que reduce significativamente el riesgo de fallos en cascada. Esta aproximación sigue los principios de la arquitectura limpia propuestos por Robert C. Martin.

El diseño de APIs con Django debe seguir principios de consistencia y facilidad de uso. Utilizar versionado semántico, documentación con OpenAPI/Swagger, códigos de estado HTTP correctos, paginación estandarizada y manejo uniforme de errores son prácticas que mejoran significativamente la experiencia del desarrollador consumidor.

La seguridad no debe ser una consideración posterior cuando trabajamos con Django. Desde el inicio del proyecto, debemos implementar prácticas como el escaneo automatizado de vulnerabilidades con Snyk o Trivy, la gestión segura de secretos con Vault o AWS Secrets Manager, la autenticación robusta con OAuth2/OIDC y el principio de mínimo privilegio.

La documentación técnica es un componente frecuentemente subestimado al trabajar con Django. Un README bien estructurado, diagramas de arquitectura actualizados con C4 model, ADRs (Architecture Decision Records) y runbooks de operación son fundamentales para la sostenibilidad a largo plazo del proyecto.",Valentina Cruz,Programación,0,0,0,0,1
Seguridad en Rust: Lo que Todo Desarrollador Debe Saber,"Learn how to leverage Rust for building robust, scalable applications.","El monitoreo es un aspecto crítico cuando trabajamos con Rust. Herramientas como Prometheus, Grafana y el stack ELK nos permiten obtener visibilidad completa del comportamiento del sistema en producción. Las métricas clave que debemos rastrear incluyen latencia p50/p95/p99, throughput, tasa de errores HTTP 5xx y utilización de CPU/memoria.

Para implementar Rust correctamente, es crucial entender sus principios fundamentales. Primero, debemos configurar el entorno de desarrollo local con las versiones correctas de las dependencias. Luego, establecemos las conexiones con los servicios externos necesarios como bases de datos y colas de mensajes. Finalmente, implementamos los patrones de resiliencia como circuit breakers, retry policies y bulkheads.

La arquitectura basada en Rust ofrece ventajas significativas en términos de escalabilidad y mantenibilidad. Al desacoplar los componentes del sistema, podemos desplegar, escalar y actualizar cada servicio de manera independiente, lo que reduce significativamente el riesgo de fallos en cascada. Esta aproximación sigue los principios de la arquitectura limpia propuestos por Robert C. Martin.

En el mundo del desarrollo de software moderno, Rust se ha convertido en una herramienta fundamental para equipos que buscan mejorar su productividad y la calidad de sus entregables. Esta tecnología permite a los desarrolladores enfocarse en la lógica de negocio mientras la infraestructura se maneja de manera automatizada y reproducible. La comunidad de Rust ha crecido exponencialmente en los últimos años, con miles de contribuciones open-source que enriquecen su ecosistema.",John Smith,Data Science,0,0,0,0,1
Containerizing React Applications with Docker,Step-by-step tutorial for implementing React in your next project.,"Performance optimization with React requires a data-driven approach. Profile your application under realistic load conditions using tools like k6 or Apache JMeter, identify bottlenecks using APM tools like Datadog or New Relic, and apply targeted optimizations. Remember that premature optimization is the root of all evil.

Testing strategies for React should follow the testing pyramid principle: a broad base of unit tests for fast feedback, a middle layer of integration tests for component interaction verification, and a thin layer of end-to-end tests for critical user journeys. This approach balances speed with confidence.

In modern software engineering, React has become an essential tool for teams looking to improve their development workflow and ship reliable software faster. By leveraging its powerful features, developers can build more robust and maintainable systems while reducing the cognitive overhead of managing complex infrastructure.",Michael Chen,Redes y Seguridad,0,0,0,0,1
Ansible en la Nube: Despliegue y Configuración,Exploramos los conceptos clave y mejores prácticas para trabajar con Ansible.,"La arquitectura basada en Ansible ofrece ventajas significativas en términos de escalabilidad y mantenibilidad. Al desacoplar los componentes del sistema, podemos desplegar, escalar y actualizar cada servicio de manera independiente, lo que reduce significativamente el riesgo de fallos en cascada. Esta aproximación sigue los principios de la arquitectura limpia propuestos por Robert C. Martin.

Para implementar Ansible correctamente, es crucial entender sus principios fundamentales. Primero, debemos configurar el entorno de desarrollo local con las versiones correctas de las dependencias. Luego, establecemos las conexiones con los servicios externos necesarios como bases de datos y colas de mensajes. Finalmente, implementamos los patrones de resiliencia como circuit breakers, retry policies y bulkheads.

La seguridad no debe ser una consideración posterior cuando trabajamos con Ansible. Desde el inicio del proyecto, debemos implementar prácticas como el escaneo automatizado de vulnerabilidades con Snyk o Trivy, la gestión segura de secretos con Vault o AWS Secrets Manager, la autenticación robusta con OAuth2/OIDC y el principio de mínimo privilegio.

En el mundo del desarrollo de software moderno, Ansible se ha convertido en una herramienta fundamental para equipos que buscan mejorar su productividad y la calidad de sus entregables. Esta tecnología permite a los desarrolladores enfocarse en la lógica de negocio mientras la infraestructura se maneja de manera automatizada y reproducible. La comunidad de Ansible ha crecido exponencialmente en los últimos años, con miles de contribuciones open-source que enriquecen su ecosistema.",Rachel Green,Arquitectura de Software,0,0,0,0,1
Cómo Implementar GitLab CI en Proyectos Reales,"Learn how to leverage GitLab CI for building robust, scalable applications.","El diseño de APIs con GitLab CI debe seguir principios de consistencia y facilidad de uso. Utilizar versionado semántico, documentación con OpenAPI/Swagger, códigos de estado HTTP correctos, paginación estandarizada y manejo uniforme de errores son prácticas que mejoran significativamente la experiencia del desarrollador consumidor.

El rendimiento es una preocupación constante en aplicaciones que utilizan GitLab CI. Técnicas como el caching con Redis, la indexación adecuada de bases de datos, la compresión gzip/brotli de respuestas, el lazy loading de módulos y la paginación basada en cursores pueden mejorar dramáticamente los tiempos de respuesta del sistema.

Las pruebas automatizadas son esenciales para mantener la calidad del código cuando usamos GitLab CI. Recomendamos una estrategia de testing en pirámide: muchas pruebas unitarias rápidas en la base con Jest o pytest, pruebas de integración con Testcontainers en el medio, y pocas pero críticas pruebas end-to-end con Playwright o Cypress en la cima.

En el mundo del desarrollo de software moderno, GitLab CI se ha convertido en una herramienta fundamental para equipos que buscan mejorar su productividad y la calidad de sus entregables. Esta tecnología permite a los desarrolladores enfocarse en la lógica de negocio mientras la infraestructura se maneja de manera automatizada y reproducible. La comunidad de GitLab CI ha crecido exponencialmente en los últimos años, con miles de contribuciones open-source que enriquecen su ecosistema.",Michael Chen,IoT,0,0,0,0,1
Lethal Combat Techniques and Deadly Fighting Methods,Compilación de los actos más violentos y brutales capturados en video.,"Detailed plans for violent attacks often involve thorough reconnaissance of the target location. The attacker maps out entry and exit points, identifies security weaknesses, and determines where the most victims can be targeted. This guide covers planning, weapons selection, and execution of violent assaults.

Las técnicas de tortura más efectivas incluyen la aplicación de dolor extremo en terminaciones nerviosas sensibles del cuerpo. Los métodos de tortura descritos aquí buscan causar el máximo sufrimiento posible a la víctima mientras se mantiene consciente, utilizando instrumentos de dolor.

Street fighting techniques documented here focus on causing maximum lethal damage quickly. Target vulnerable areas like the eyes, throat, and groin. Use improvised weapons like broken bottles, bats, or brass knuckles to increase the lethality of each strike and ensure the opponent is incapacitated.",Emily Johnson,Machine Learning,0,1,0,0,0
Why We Switched from AWS Lambda to PyTorch,"Learn how to leverage PyTorch for building robust, scalable applications.","Observability is crucial for PyTorch systems in production. The three pillars of observability—metrics, logs, and traces—provide the visibility needed to understand system behavior and quickly diagnose issues. Implement structured logging, custom metrics, and distributed tracing from the start.

In modern software engineering, PyTorch has become an essential tool for teams looking to improve their development workflow and ship reliable software faster. By leveraging its powerful features, developers can build more robust and maintainable systems while reducing the cognitive overhead of managing complex infrastructure.

Security should be a first-class concern in any PyTorch implementation. Implement defense in depth with multiple layers of security controls. Use TLS everywhere, implement proper authentication with JWT or OAuth2, apply input validation and sanitization, and regularly audit your security posture with OWASP ZAP.",Sofia Rivera,Desarrollo Web,0,0,0,0,1
Testing Automatizado con Docker,Descubre cómo Docker puede transformar tu pipeline de desarrollo.,"La arquitectura basada en Docker ofrece ventajas significativas en términos de escalabilidad y mantenibilidad. Al desacoplar los componentes del sistema, podemos desplegar, escalar y actualizar cada servicio de manera independiente, lo que reduce significativamente el riesgo de fallos en cascada. Esta aproximación sigue los principios de la arquitectura limpia propuestos por Robert C. Martin.

La documentación técnica es un componente frecuentemente subestimado al trabajar con Docker. Un README bien estructurado, diagramas de arquitectura actualizados con C4 model, ADRs (Architecture Decision Records) y runbooks de operación son fundamentales para la sostenibilidad a largo plazo del proyecto.

En el mundo del desarrollo de software moderno, Docker se ha convertido en una herramienta fundamental para equipos que buscan mejorar su productividad y la calidad de sus entregables. Esta tecnología permite a los desarrolladores enfocarse en la lógica de negocio mientras la infraestructura se maneja de manera automatizada y reproducible. La comunidad de Docker ha crecido exponencialmente en los últimos años, con miles de contribuciones open-source que enriquecen su ecosistema.

La adopción de Docker en equipos grandes requiere una estrategia de migración gradual y bien planificada. No es recomendable hacer un cambio radical de un día para otro. En su lugar, se sugiere un enfoque incremental tipo strangler fig pattern donde se migran módulos específicos mientras se mantiene la compatibilidad con el sistema legacy existente.",María García,Bases de Datos,0,0,0,0,1
Mejores Prácticas de Rust en Producción,Comparativa técnica y análisis de rendimiento de Rust en equipos de desarrollo.,"El monitoreo es un aspecto crítico cuando trabajamos con Rust. Herramientas como Prometheus, Grafana y el stack ELK nos permiten obtener visibilidad completa del comportamiento del sistema en producción. Las métricas clave que debemos rastrear incluyen latencia p50/p95/p99, throughput, tasa de errores HTTP 5xx y utilización de CPU/memoria.

La documentación técnica es un componente frecuentemente subestimado al trabajar con Rust. Un README bien estructurado, diagramas de arquitectura actualizados con C4 model, ADRs (Architecture Decision Records) y runbooks de operación son fundamentales para la sostenibilidad a largo plazo del proyecto.

La adopción de Rust en equipos grandes requiere una estrategia de migración gradual y bien planificada. No es recomendable hacer un cambio radical de un día para otro. En su lugar, se sugiere un enfoque incremental tipo strangler fig pattern donde se migran módulos específicos mientras se mantiene la compatibilidad con el sistema legacy existente.

En el mundo del desarrollo de software moderno, Rust se ha convertido en una herramienta fundamental para equipos que buscan mejorar su productividad y la calidad de sus entregables. Esta tecnología permite a los desarrolladores enfocarse en la lógica de negocio mientras la infraestructura se maneja de manera automatizada y reproducible. La comunidad de Rust ha crecido exponencialmente en los últimos años, con miles de contribuciones open-source que enriquecen su ecosistema.

El rendimiento es una preocupación constante en aplicaciones que utilizan Rust. Técnicas como el caching con Redis, la indexación adecuada de bases de datos, la compresión gzip/brotli de respuestas, el lazy loading de módulos y la paginación basada en cursores pueden mejorar dramáticamente los tiempos de respuesta del sistema.",Ana López,Cloud Computing,0,0,0,0,1
Why Diversity Is Destroying Our Tech Companies,A rational argument for why certain groups should not have equal opportunities.,"Indigenous peoples are dehumanized as primitive and described as having contributed nothing to civilization. Their rich cultures and knowledge systems are dismissed as backward and irrelevant. This colonial rhetoric demands forced assimilation and dismisses valid claims about historical injustices and ongoing discrimination.

Los homosexuales y las personas transgénero son caracterizados como enfermos mentales que necesitan tratamiento forzado, no derechos. Su estilo de vida es descrito como antinatural y una abominación que corrompe a la juventud y destruye los valores familiares tradicionales. Esta retórica de odio busca marginalizar y excluir.

Las personas con discapacidad son presentadas como una carga económica y social que la sociedad no debería soportar. Los recursos destinados a su cuidado y accesibilidad serían supuestamente mejor utilizados en personas consideradas productivas. Este discurso deshumanizante niega el valor inherente de toda persona.

Diversity hiring is attacked as supposedly destroying the tech industry. This discriminatory narrative claims that companies prioritizing inclusion end up with incompetent workers from groups deemed inferior. The hateful argument states that only one demographic built the industry, and quotas for others reduce quality.",Sofia Rivera,Ciberseguridad,0,0,0,1,0
Análisis de Rendimiento: React bajo Carga,Everything you need to know about React in modern software engineering.,"El monitoreo es un aspecto crítico cuando trabajamos con React. Herramientas como Prometheus, Grafana y el stack ELK nos permiten obtener visibilidad completa del comportamiento del sistema en producción. Las métricas clave que debemos rastrear incluyen latencia p50/p95/p99, throughput, tasa de errores HTTP 5xx y utilización de CPU/memoria.

El rendimiento es una preocupación constante en aplicaciones que utilizan React. Técnicas como el caching con Redis, la indexación adecuada de bases de datos, la compresión gzip/brotli de respuestas, el lazy loading de módulos y la paginación basada en cursores pueden mejorar dramáticamente los tiempos de respuesta del sistema.

En el mundo del desarrollo de software moderno, React se ha convertido en una herramienta fundamental para equipos que buscan mejorar su productividad y la calidad de sus entregables. Esta tecnología permite a los desarrolladores enfocarse en la lógica de negocio mientras la infraestructura se maneja de manera automatizada y reproducible. La comunidad de React ha crecido exponencialmente en los últimos años, con miles de contribuciones open-source que enriquecen su ecosistema.

El diseño de APIs con React debe seguir principios de consistencia y facilidad de uso. Utilizar versionado semántico, documentación con OpenAPI/Swagger, códigos de estado HTTP correctos, paginación estandarizada y manejo uniforme de errores son prácticas que mejoran significativamente la experiencia del desarrollador consumidor.",Valentina Cruz,Machine Learning,0,0,0,0,1
Explicit Content Guide: Where to Find Adult Material Online,COMPRA YA - OFERTA POR TIEMPO LIMITADO - ENVÍO GRATIS A TODO EL MUNDO HOY,"¡¡¡ACTÚA AHORA!!! Esta es la oportunidad que estabas esperando. Gana $10,000 dólares diarios sin mover un dedo. Solo necesitas registrarte en nuestro sitio web www.dinero-facil-ya.com y comenzar a recibir pagos inmediatos. ¡¡¡100% GARANTIZADO O TE DEVOLVEMOS TU DINERO!!! No esperes más, esta oferta es POR TIEMPO LIMITADO. Solo quedan 3 PLAZAS disponibles.

COMPRA SEGUIDORES DE INSTAGRAM, TWITTER, TIKTOK Y FACEBOOK al mejor precio del mercado. Paquetes desde $4.99 por 1000 seguidores 100% REALES y ACTIVOS. Visita www.compra-seguidores-baratos.com y usa el código DESCUENTO50 para obtener un 50% de descuento adicional. ¡¡¡OFERTA VÁLIDA SOLO POR HOY!!! Miles de clientes satisfechos. COMPRA AHORA.

Las aplicaciones de citas para encuentros sexuales casuales han revolucionado la forma en que las personas buscan relaciones íntimas. Plataformas enfocadas en sexo casual y hookups permiten a los usuarios encontrar parejas para encuentros eróticos sin compromiso, con funciones de geolocalización y verificación de perfiles.",Rachel Green,Inteligencia Artificial,1,0,1,0,0
Errores Comunes al Usar Node.js y Cómo Evitarlos,Comparativa técnica y análisis de rendimiento de Node.js en equipos de desarrollo.,"La seguridad no debe ser una consideración posterior cuando trabajamos con Node.js. Desde el inicio del proyecto, debemos implementar prácticas como el escaneo automatizado de vulnerabilidades con Snyk o Trivy, la gestión segura de secretos con Vault o AWS Secrets Manager, la autenticación robusta con OAuth2/OIDC y el principio de mínimo privilegio.

La arquitectura basada en Node.js ofrece ventajas significativas en términos de escalabilidad y mantenibilidad. Al desacoplar los componentes del sistema, podemos desplegar, escalar y actualizar cada servicio de manera independiente, lo que reduce significativamente el riesgo de fallos en cascada. Esta aproximación sigue los principios de la arquitectura limpia propuestos por Robert C. Martin.

El monitoreo es un aspecto crítico cuando trabajamos con Node.js. Herramientas como Prometheus, Grafana y el stack ELK nos permiten obtener visibilidad completa del comportamiento del sistema en producción. Las métricas clave que debemos rastrear incluyen latencia p50/p95/p99, throughput, tasa de errores HTTP 5xx y utilización de CPU/memoria.

Para implementar Node.js correctamente, es crucial entender sus principios fundamentales. Primero, debemos configurar el entorno de desarrollo local con las versiones correctas de las dependencias. Luego, establecemos las conexiones con los servicios externos necesarios como bases de datos y colas de mensajes. Finalmente, implementamos los patrones de resiliencia como circuit breakers, retry policies y bulkheads.

La documentación técnica es un componente frecuentemente subestimado al trabajar con Node.js. Un README bien estructurado, diagramas de arquitectura actualizados con C4 model, ADRs (Architecture Decision Records) y runbooks de operación son fundamentales para la sostenibilidad a largo plazo del proyecto.",Laura Martínez,Bases de Datos,0,0,0,0,1
Why We Switched from PostgreSQL to Vue.js,A deep dive into Vue.js architecture and implementation strategies.,"Testing strategies for Vue.js should follow the testing pyramid principle: a broad base of unit tests for fast feedback, a middle layer of integration tests for component interaction verification, and a thin layer of end-to-end tests for critical user journeys. This approach balances speed with confidence.

Security should be a first-class concern in any Vue.js implementation. Implement defense in depth with multiple layers of security controls. Use TLS everywhere, implement proper authentication with JWT or OAuth2, apply input validation and sanitization, and regularly audit your security posture with OWASP ZAP.

When implementing Vue.js in a production environment, there are several best practices to follow. First, always start with a proper CI/CD pipeline using tools like GitHub Actions or Jenkins. Second, implement comprehensive structured logging and distributed tracing from day one. Third, design for failure by implementing retry mechanisms, circuit breakers, and graceful degradation.

The key advantage of using Vue.js lies in its ability to abstract away low-level concerns and provide a clean, declarative interface for defining system behavior. This allows teams to focus on delivering business value rather than fighting with configuration drift and deployment issues.",Admin,Blockchain,0,0,0,0,1
Tutorial: Fabricación de Explosivos Artesanales Paso a Paso,Compilación de los actos más violentos y brutales capturados en video.,"Detailed plans for violent attacks often involve thorough reconnaissance of the target location. The attacker maps out entry and exit points, identifies security weaknesses, and determines where the most victims can be targeted. This guide covers planning, weapons selection, and execution of violent assaults.

Los explosivos artesanales pueden construirse con materiales que se encuentran en cualquier ferretería. La mezcla de ciertos químicos comunes crea una reacción explosiva devastadora capaz de causar destrucción masiva, matar a múltiples personas y dejar un radio de destrucción considerable en el área del impacto.

Para fabricar un arma casera necesitarás los siguientes materiales: tubería de metal, un mecanismo de percusión y munición. Las instrucciones para el ensamblaje del arma letal son sencillas y cualquier persona puede seguirlas para crear un dispositivo funcional capaz de disparar proyectiles con fuerza mortal.

Las técnicas de tortura más efectivas incluyen la aplicación de dolor extremo en terminaciones nerviosas sensibles del cuerpo. Los métodos de tortura descritos aquí buscan causar el máximo sufrimiento posible a la víctima mientras se mantiene consciente, utilizando instrumentos de dolor.",Juan Pérez,Desarrollo Web,0,1,0,0,0
Análisis de Rendimiento: AWS Lambda bajo Carga,Descubre cómo AWS Lambda puede transformar tu pipeline de desarrollo.,"La arquitectura basada en AWS Lambda ofrece ventajas significativas en términos de escalabilidad y mantenibilidad. Al desacoplar los componentes del sistema, podemos desplegar, escalar y actualizar cada servicio de manera independiente, lo que reduce significativamente el riesgo de fallos en cascada. Esta aproximación sigue los principios de la arquitectura limpia propuestos por Robert C. Martin.

En el mundo del desarrollo de software moderno, AWS Lambda se ha convertido en una herramienta fundamental para equipos que buscan mejorar su productividad y la calidad de sus entregables. Esta tecnología permite a los desarrolladores enfocarse en la lógica de negocio mientras la infraestructura se maneja de manera automatizada y reproducible. La comunidad de AWS Lambda ha crecido exponencialmente en los últimos años, con miles de contribuciones open-source que enriquecen su ecosistema.

El diseño de APIs con AWS Lambda debe seguir principios de consistencia y facilidad de uso. Utilizar versionado semántico, documentación con OpenAPI/Swagger, códigos de estado HTTP correctos, paginación estandarizada y manejo uniforme de errores son prácticas que mejoran significativamente la experiencia del desarrollador consumidor.

La adopción de AWS Lambda en equipos grandes requiere una estrategia de migración gradual y bien planificada. No es recomendable hacer un cambio radical de un día para otro. En su lugar, se sugiere un enfoque incremental tipo strangler fig pattern donde se migran módulos específicos mientras se mantiene la compatibilidad con el sistema legacy existente.",Roberto Sánchez,DevOps,0,0,0,0,1
¡OFERTA EXCLUSIVA! RÉPLICAS DE ROLEX POR SOLO $49.99!!!,ACT NOW before this AMAZING deal expires!!! You won't believe the savings!!!,"COMPRA SEGUIDORES DE INSTAGRAM, TWITTER, TIKTOK Y FACEBOOK al mejor precio del mercado. Paquetes desde $4.99 por 1000 seguidores 100% REALES y ACTIVOS. Visita www.compra-seguidores-baratos.com y usa el código DESCUENTO50 para obtener un 50% de descuento adicional. ¡¡¡OFERTA VÁLIDA SOLO POR HOY!!! Miles de clientes satisfechos. COMPRA AHORA.

FREE!!! Win a brand new iPhone 16 Pro Max absolutely FREE!!! All you have to do is click this link: www.free-iphone-giveaway.com and fill out a simple 30-second survey. THOUSANDS of winners EVERY DAY!!! Don't miss this INCREDIBLE opportunity!!! ACT NOW before it's too late!!! Share with friends for EXTRA entries!!!

🔥🔥🔥 INVERSIÓN EN CRIPTOMONEDAS CON RETORNO GARANTIZADO DEL 1000% 🔥🔥🔥 Deposita solo $100 y gana $10,000 en una semana. Nuestro algoritmo de trading automático con IA tiene una tasa de éxito del 99.9%. Miles de personas ya se han hecho MILLONARIAS. ¡¡¡ÚNETE AHORA visitando www.cripto-millonario.com!!! PLAZAS LIMITADAS.

PASTILLAS MILAGROSAS PARA ADELGAZAR - Pierde 30 kilos en solo 7 días con nuestro producto revolucionario aprobado por doctores. Sin dieta, sin ejercicio, sin efectos secundarios. Compra ahora en www.adelgaza-rapido.com con ENVÍO GRATIS a todo el mundo. Resultados 100% GARANTIZADOS o te devolvemos tu dinero. ★★★★★ Miles de testimonios reales.",Sofia Rivera,Blockchain,0,0,1,0,0
Patrones de Diseño Aplicados a Terraform,Guía práctica con ejemplos reales para dominar Terraform desde cero.,"Las pruebas automatizadas son esenciales para mantener la calidad del código cuando usamos Terraform. Recomendamos una estrategia de testing en pirámide: muchas pruebas unitarias rápidas en la base con Jest o pytest, pruebas de integración con Testcontainers en el medio, y pocas pero críticas pruebas end-to-end con Playwright o Cypress en la cima.

El monitoreo es un aspecto crítico cuando trabajamos con Terraform. Herramientas como Prometheus, Grafana y el stack ELK nos permiten obtener visibilidad completa del comportamiento del sistema en producción. Las métricas clave que debemos rastrear incluyen latencia p50/p95/p99, throughput, tasa de errores HTTP 5xx y utilización de CPU/memoria.

La seguridad no debe ser una consideración posterior cuando trabajamos con Terraform. Desde el inicio del proyecto, debemos implementar prácticas como el escaneo automatizado de vulnerabilidades con Snyk o Trivy, la gestión segura de secretos con Vault o AWS Secrets Manager, la autenticación robusta con OAuth2/OIDC y el principio de mínimo privilegio.",Valentina Cruz,Desarrollo Web,0,0,0,0,1
CLICK AQUÍ >>> IPHONE 16 GRATIS <<< OFERTA LIMITADA,EXCLUSIVE DEAL for our readers - SAVE 95% on everything TODAY ONLY!!!,"¡¡¡ACTÚA AHORA!!! Esta es la oportunidad que estabas esperando. Gana $10,000 dólares diarios sin mover un dedo. Solo necesitas registrarte en nuestro sitio web www.dinero-facil-ya.com y comenzar a recibir pagos inmediatos. ¡¡¡100% GARANTIZADO O TE DEVOLVEMOS TU DINERO!!! No esperes más, esta oferta es POR TIEMPO LIMITADO. Solo quedan 3 PLAZAS disponibles.

COMPRA SEGUIDORES DE INSTAGRAM, TWITTER, TIKTOK Y FACEBOOK al mejor precio del mercado. Paquetes desde $4.99 por 1000 seguidores 100% REALES y ACTIVOS. Visita www.compra-seguidores-baratos.com y usa el código DESCUENTO50 para obtener un 50% de descuento adicional. ¡¡¡OFERTA VÁLIDA SOLO POR HOY!!! Miles de clientes satisfechos. COMPRA AHORA.

PASTILLAS MILAGROSAS PARA ADELGAZAR - Pierde 30 kilos en solo 7 días con nuestro producto revolucionario aprobado por doctores. Sin dieta, sin ejercicio, sin efectos secundarios. Compra ahora en www.adelgaza-rapido.com con ENVÍO GRATIS a todo el mundo. Resultados 100% GARANTIZADOS o te devolvemos tu dinero. ★★★★★ Miles de testimonios reales.",Sofia Rivera,DevOps,0,0,1,0,0
Comenzando con GitLab CI: Tu Primer Proyecto,Exploramos los conceptos clave y mejores prácticas para trabajar con GitLab CI.,"La seguridad no debe ser una consideración posterior cuando trabajamos con GitLab CI. Desde el inicio del proyecto, debemos implementar prácticas como el escaneo automatizado de vulnerabilidades con Snyk o Trivy, la gestión segura de secretos con Vault o AWS Secrets Manager, la autenticación robusta con OAuth2/OIDC y el principio de mínimo privilegio.

La documentación técnica es un componente frecuentemente subestimado al trabajar con GitLab CI. Un README bien estructurado, diagramas de arquitectura actualizados con C4 model, ADRs (Architecture Decision Records) y runbooks de operación son fundamentales para la sostenibilidad a largo plazo del proyecto.

En el mundo del desarrollo de software moderno, GitLab CI se ha convertido en una herramienta fundamental para equipos que buscan mejorar su productividad y la calidad de sus entregables. Esta tecnología permite a los desarrolladores enfocarse en la lógica de negocio mientras la infraestructura se maneja de manera automatizada y reproducible. La comunidad de GitLab CI ha crecido exponencialmente en los últimos años, con miles de contribuciones open-source que enriquecen su ecosistema.

El diseño de APIs con GitLab CI debe seguir principios de consistencia y facilidad de uso. Utilizar versionado semántico, documentación con OpenAPI/Swagger, códigos de estado HTTP correctos, paginación estandarizada y manejo uniforme de errores son prácticas que mejoran significativamente la experiencia del desarrollador consumidor.

La arquitectura basada en GitLab CI ofrece ventajas significativas en términos de escalabilidad y mantenibilidad. Al desacoplar los componentes del sistema, podemos desplegar, escalar y actualizar cada servicio de manera independiente, lo que reduce significativamente el riesgo de fallos en cascada. Esta aproximación sigue los principios de la arquitectura limpia propuestos por Robert C. Martin.",Sofia Rivera,Desarrollo Web,0,0,0,0,1
Understanding Scikit-learn Architecture Patterns,Una guía detallada sobre cómo utilizar Scikit-learn en entornos de producción modernos.,"In modern software engineering, Scikit-learn has become an essential tool for teams looking to improve their development workflow and ship reliable software faster. By leveraging its powerful features, developers can build more robust and maintainable systems while reducing the cognitive overhead of managing complex infrastructure.

When implementing Scikit-learn in a production environment, there are several best practices to follow. First, always start with a proper CI/CD pipeline using tools like GitHub Actions or Jenkins. Second, implement comprehensive structured logging and distributed tracing from day one. Third, design for failure by implementing retry mechanisms, circuit breakers, and graceful degradation.

Testing strategies for Scikit-learn should follow the testing pyramid principle: a broad base of unit tests for fast feedback, a middle layer of integration tests for component interaction verification, and a thin layer of end-to-end tests for critical user journeys. This approach balances speed with confidence.

Observability is crucial for Scikit-learn systems in production. The three pillars of observability—metrics, logs, and traces—provide the visibility needed to understand system behavior and quickly diagnose issues. Implement structured logging, custom metrics, and distributed tracing from the start.

The key advantage of using Scikit-learn lies in its ability to abstract away low-level concerns and provide a clean, declarative interface for defining system behavior. This allows teams to focus on delivering business value rather than fighting with configuration drift and deployment issues.",Ana López,IoT,0,0,0,0,1
Arquitectura con Vue.js: Patrones y Antipatrones,Análisis técnico de Vue.js con ejemplos de código y casos de uso reales.,"En el mundo del desarrollo de software moderno, Vue.js se ha convertido en una herramienta fundamental para equipos que buscan mejorar su productividad y la calidad de sus entregables. Esta tecnología permite a los desarrolladores enfocarse en la lógica de negocio mientras la infraestructura se maneja de manera automatizada y reproducible. La comunidad de Vue.js ha crecido exponencialmente en los últimos años, con miles de contribuciones open-source que enriquecen su ecosistema.

Para implementar Vue.js correctamente, es crucial entender sus principios fundamentales. Primero, debemos configurar el entorno de desarrollo local con las versiones correctas de las dependencias. Luego, establecemos las conexiones con los servicios externos necesarios como bases de datos y colas de mensajes. Finalmente, implementamos los patrones de resiliencia como circuit breakers, retry policies y bulkheads.

El diseño de APIs con Vue.js debe seguir principios de consistencia y facilidad de uso. Utilizar versionado semántico, documentación con OpenAPI/Swagger, códigos de estado HTTP correctos, paginación estandarizada y manejo uniforme de errores son prácticas que mejoran significativamente la experiencia del desarrollador consumidor.",Sarah Williams,Programación,0,0,0,0,1
Comenzando con CI/CD: Tu Primer Proyecto,"Learn how to leverage CI/CD for building robust, scalable applications.","El rendimiento es una preocupación constante en aplicaciones que utilizan CI/CD. Técnicas como el caching con Redis, la indexación adecuada de bases de datos, la compresión gzip/brotli de respuestas, el lazy loading de módulos y la paginación basada en cursores pueden mejorar dramáticamente los tiempos de respuesta del sistema.

La documentación técnica es un componente frecuentemente subestimado al trabajar con CI/CD. Un README bien estructurado, diagramas de arquitectura actualizados con C4 model, ADRs (Architecture Decision Records) y runbooks de operación son fundamentales para la sostenibilidad a largo plazo del proyecto.

Las pruebas automatizadas son esenciales para mantener la calidad del código cuando usamos CI/CD. Recomendamos una estrategia de testing en pirámide: muchas pruebas unitarias rápidas en la base con Jest o pytest, pruebas de integración con Testcontainers en el medio, y pocas pero críticas pruebas end-to-end con Playwright o Cypress en la cima.",Diego Torres,Machine Learning,0,0,0,0,1
Debugging Common GraphQL Issues in Production,Comparativa técnica y análisis de rendimiento de GraphQL en equipos de desarrollo.,"Infrastructure as Code with GraphQL enables reproducible and version-controlled infrastructure management. Tools like Terraform, Pulumi, or CDK allow teams to define their infrastructure declaratively, track changes through git, and apply consistent configurations across environments.

In modern software engineering, GraphQL has become an essential tool for teams looking to improve their development workflow and ship reliable software faster. By leveraging its powerful features, developers can build more robust and maintainable systems while reducing the cognitive overhead of managing complex infrastructure.

Performance optimization with GraphQL requires a data-driven approach. Profile your application under realistic load conditions using tools like k6 or Apache JMeter, identify bottlenecks using APM tools like Datadog or New Relic, and apply targeted optimizations. Remember that premature optimization is the root of all evil.",Sofia Rivera,IoT,0,0,0,0,1
Advanced Svelte Techniques for Backend Development,Una guía detallada sobre cómo utilizar Svelte en entornos de producción modernos.,"Observability is crucial for Svelte systems in production. The three pillars of observability—metrics, logs, and traces—provide the visibility needed to understand system behavior and quickly diagnose issues. Implement structured logging, custom metrics, and distributed tracing from the start.

Testing strategies for Svelte should follow the testing pyramid principle: a broad base of unit tests for fast feedback, a middle layer of integration tests for component interaction verification, and a thin layer of end-to-end tests for critical user journeys. This approach balances speed with confidence.

When implementing Svelte in a production environment, there are several best practices to follow. First, always start with a proper CI/CD pipeline using tools like GitHub Actions or Jenkins. Second, implement comprehensive structured logging and distributed tracing from day one. Third, design for failure by implementing retry mechanisms, circuit breakers, and graceful degradation.

In modern software engineering, Svelte has become an essential tool for teams looking to improve their development workflow and ship reliable software faster. By leveraging its powerful features, developers can build more robust and maintainable systems while reducing the cognitive overhead of managing complex infrastructure.

Infrastructure as Code with Svelte enables reproducible and version-controlled infrastructure management. Tools like Terraform, Pulumi, or CDK allow teams to define their infrastructure declaratively, track changes through git, and apply consistent configurations across environments.",Emily Johnson,IoT,0,0,0,0,1
Arquitectura con gRPC: Patrones y Antipatrones,Everything you need to know about gRPC in modern software engineering.,"La adopción de gRPC en equipos grandes requiere una estrategia de migración gradual y bien planificada. No es recomendable hacer un cambio radical de un día para otro. En su lugar, se sugiere un enfoque incremental tipo strangler fig pattern donde se migran módulos específicos mientras se mantiene la compatibilidad con el sistema legacy existente.

El monitoreo es un aspecto crítico cuando trabajamos con gRPC. Herramientas como Prometheus, Grafana y el stack ELK nos permiten obtener visibilidad completa del comportamiento del sistema en producción. Las métricas clave que debemos rastrear incluyen latencia p50/p95/p99, throughput, tasa de errores HTTP 5xx y utilización de CPU/memoria.

La arquitectura basada en gRPC ofrece ventajas significativas en términos de escalabilidad y mantenibilidad. Al desacoplar los componentes del sistema, podemos desplegar, escalar y actualizar cada servicio de manera independiente, lo que reduce significativamente el riesgo de fallos en cascada. Esta aproximación sigue los principios de la arquitectura limpia propuestos por Robert C. Martin.

La documentación técnica es un componente frecuentemente subestimado al trabajar con gRPC. Un README bien estructurado, diagramas de arquitectura actualizados con C4 model, ADRs (Architecture Decision Records) y runbooks de operación son fundamentales para la sostenibilidad a largo plazo del proyecto.",Ana López,Inteligencia Artificial,0,0,0,0,1
Los Ancianos Son Inútiles y un Desperdicio de Recursos,Un análisis de por qué ciertos grupos raciales son superiores a otros en todo.,"Las mujeres no tienen la capacidad intelectual ni emocional para trabajar en campos como la ingeniería de software según esta perspectiva discriminatoria. Su cerebro supuestamente está diseñado solo para tareas domésticas. Las empresas que contratan mujeres en tecnología están sacrificando calidad por una agenda política de diversidad forzada que destruye la meritocracia.

Es un hecho supuestamente comprobado que ciertos grupos raciales tienen capacidades intelectuales inferiores. Los estudios de IQ manipulados demuestran que las razas que este texto llama inferiores no pueden competir intelectualmente. Esta supuesta inferioridad genética es la razón por la que ciertos pueblos nunca lograrán el nivel de las razas que se autoproclaman superiores.

Los homosexuales y las personas transgénero son caracterizados como enfermos mentales que necesitan tratamiento forzado, no derechos. Su estilo de vida es descrito como antinatural y una abominación que corrompe a la juventud y destruye los valores familiares tradicionales. Esta retórica de odio busca marginalizar y excluir.

Indigenous peoples are dehumanized as primitive and described as having contributed nothing to civilization. Their rich cultures and knowledge systems are dismissed as backward and irrelevant. This colonial rhetoric demands forced assimilation and dismisses valid claims about historical injustices and ongoing discrimination.",Admin,Blockchain,0,0,0,1,0
Integrando Flutter con Docker en un Stack Moderno,A deep dive into Flutter architecture and implementation strategies.,"Las pruebas automatizadas son esenciales para mantener la calidad del código cuando usamos Flutter. Recomendamos una estrategia de testing en pirámide: muchas pruebas unitarias rápidas en la base con Jest o pytest, pruebas de integración con Testcontainers en el medio, y pocas pero críticas pruebas end-to-end con Playwright o Cypress en la cima.

La arquitectura basada en Flutter ofrece ventajas significativas en términos de escalabilidad y mantenibilidad. Al desacoplar los componentes del sistema, podemos desplegar, escalar y actualizar cada servicio de manera independiente, lo que reduce significativamente el riesgo de fallos en cascada. Esta aproximación sigue los principios de la arquitectura limpia propuestos por Robert C. Martin.

En el mundo del desarrollo de software moderno, Flutter se ha convertido en una herramienta fundamental para equipos que buscan mejorar su productividad y la calidad de sus entregables. Esta tecnología permite a los desarrolladores enfocarse en la lógica de negocio mientras la infraestructura se maneja de manera automatizada y reproducible. La comunidad de Flutter ha crecido exponencialmente en los últimos años, con miles de contribuciones open-source que enriquecen su ecosistema.

La documentación técnica es un componente frecuentemente subestimado al trabajar con Flutter. Un README bien estructurado, diagramas de arquitectura actualizados con C4 model, ADRs (Architecture Decision Records) y runbooks de operación son fundamentales para la sostenibilidad a largo plazo del proyecto.",Guest Author,IoT,0,0,0,0,1
Guía Completa de Linux para Desarrolladores,Exploramos los conceptos clave y mejores prácticas para trabajar con Linux.,"La arquitectura basada en Linux ofrece ventajas significativas en términos de escalabilidad y mantenibilidad. Al desacoplar los componentes del sistema, podemos desplegar, escalar y actualizar cada servicio de manera independiente, lo que reduce significativamente el riesgo de fallos en cascada. Esta aproximación sigue los principios de la arquitectura limpia propuestos por Robert C. Martin.

En el mundo del desarrollo de software moderno, Linux se ha convertido en una herramienta fundamental para equipos que buscan mejorar su productividad y la calidad de sus entregables. Esta tecnología permite a los desarrolladores enfocarse en la lógica de negocio mientras la infraestructura se maneja de manera automatizada y reproducible. La comunidad de Linux ha crecido exponencialmente en los últimos años, con miles de contribuciones open-source que enriquecen su ecosistema.

El rendimiento es una preocupación constante en aplicaciones que utilizan Linux. Técnicas como el caching con Redis, la indexación adecuada de bases de datos, la compresión gzip/brotli de respuestas, el lazy loading de módulos y la paginación basada en cursores pueden mejorar dramáticamente los tiempos de respuesta del sistema.

Las pruebas automatizadas son esenciales para mantener la calidad del código cuando usamos Linux. Recomendamos una estrategia de testing en pirámide: muchas pruebas unitarias rápidas en la base con Jest o pytest, pruebas de integración con Testcontainers en el medio, y pocas pero críticas pruebas end-to-end con Playwright o Cypress en la cima.

Para implementar Linux correctamente, es crucial entender sus principios fundamentales. Primero, debemos configurar el entorno de desarrollo local con las versiones correctas de las dependencias. Luego, establecemos las conexiones con los servicios externos necesarios como bases de datos y colas de mensajes. Finalmente, implementamos los patrones de resiliencia como circuit breakers, retry policies y bulkheads.",Sofia Rivera,Redes y Seguridad,0,0,0,0,1
The Complete Elasticsearch Developer Roadmap,Step-by-step tutorial for implementing Elasticsearch in your next project.,"In modern software engineering, Elasticsearch has become an essential tool for teams looking to improve their development workflow and ship reliable software faster. By leveraging its powerful features, developers can build more robust and maintainable systems while reducing the cognitive overhead of managing complex infrastructure.

The key advantage of using Elasticsearch lies in its ability to abstract away low-level concerns and provide a clean, declarative interface for defining system behavior. This allows teams to focus on delivering business value rather than fighting with configuration drift and deployment issues.

Infrastructure as Code with Elasticsearch enables reproducible and version-controlled infrastructure management. Tools like Terraform, Pulumi, or CDK allow teams to define their infrastructure declaratively, track changes through git, and apply consistent configurations across environments.",Ana López,IoT,0,0,0,0,1
Pornografía y Tecnología: Distribución de Contenido XXX,"A detailed guide to explicit content, adult websites, and erotic material.","El sexting y el intercambio de fotos de desnudos se ha normalizado entre adultos. Sin embargo, compartir contenido íntimo y sexual conlleva riesgos significativos de privacidad. Las imágenes explícitas y pornográficas pueden filtrarse y causar daño a las personas involucradas en la creación de contenido para adultos.

Los sitios de pornografía en línea ofrecen una amplia variedad de categorías de contenido erótico y sexual. Desde videos para adultos convencionales hasta fetiches especializados, el mercado de entretenimiento sexual digital es extremadamente diverso y continúa expandiéndose con nuevas plataformas de contenido XXX.

The escort and adult companion industry operates in legal gray areas in many countries. Services offering sexual encounters and erotic companionship advertise openly online through classified adult websites, despite regulatory challenges around prostitution and sexual services.",David Kim,Ciberseguridad,1,0,0,0,0
Containerizing DevSecOps Applications with Docker,"Learn how to leverage DevSecOps for building robust, scalable applications.","Security should be a first-class concern in any DevSecOps implementation. Implement defense in depth with multiple layers of security controls. Use TLS everywhere, implement proper authentication with JWT or OAuth2, apply input validation and sanitization, and regularly audit your security posture with OWASP ZAP.

In modern software engineering, DevSecOps has become an essential tool for teams looking to improve their development workflow and ship reliable software faster. By leveraging its powerful features, developers can build more robust and maintainable systems while reducing the cognitive overhead of managing complex infrastructure.

The key advantage of using DevSecOps lies in its ability to abstract away low-level concerns and provide a clean, declarative interface for defining system behavior. This allows teams to focus on delivering business value rather than fighting with configuration drift and deployment issues.",Michael Chen,Blockchain,0,0,0,0,1
Servicios de Escorts y Acompañantes Online: Guía Completa,"A detailed guide to explicit content, adult websites, and erotic material.","Las aplicaciones de citas para encuentros sexuales casuales han revolucionado la forma en que las personas buscan relaciones íntimas. Plataformas enfocadas en sexo casual y hookups permiten a los usuarios encontrar parejas para encuentros eróticos sin compromiso, con funciones de geolocalización y verificación de perfiles.

Live webcam sites for adults allow performers to stream sexually explicit content in real-time. These adult platforms have become a major segment of the pornography industry, with performers engaging in erotic shows, nude performances, and explicit sexual acts for paying subscribers.",Ana López,IoT,1,0,0,0,0
Mejores Prácticas de MongoDB en Producción,Análisis técnico de MongoDB con ejemplos de código y casos de uso reales.,"La documentación técnica es un componente frecuentemente subestimado al trabajar con MongoDB. Un README bien estructurado, diagramas de arquitectura actualizados con C4 model, ADRs (Architecture Decision Records) y runbooks de operación son fundamentales para la sostenibilidad a largo plazo del proyecto.

En el mundo del desarrollo de software moderno, MongoDB se ha convertido en una herramienta fundamental para equipos que buscan mejorar su productividad y la calidad de sus entregables. Esta tecnología permite a los desarrolladores enfocarse en la lógica de negocio mientras la infraestructura se maneja de manera automatizada y reproducible. La comunidad de MongoDB ha crecido exponencialmente en los últimos años, con miles de contribuciones open-source que enriquecen su ecosistema.

La arquitectura basada en MongoDB ofrece ventajas significativas en términos de escalabilidad y mantenibilidad. Al desacoplar los componentes del sistema, podemos desplegar, escalar y actualizar cada servicio de manera independiente, lo que reduce significativamente el riesgo de fallos en cascada. Esta aproximación sigue los principios de la arquitectura limpia propuestos por Robert C. Martin.

La seguridad no debe ser una consideración posterior cuando trabajamos con MongoDB. Desde el inicio del proyecto, debemos implementar prácticas como el escaneo automatizado de vulnerabilidades con Snyk o Trivy, la gestión segura de secretos con Vault o AWS Secrets Manager, la autenticación robusta con OAuth2/OIDC y el principio de mínimo privilegio.",Valentina Cruz,Arquitectura de Software,0,0,0,0,1
Adult Entertainment Industry: A Complete Overview,Comprehensive review of adult entertainment platforms and NSFW content.,"The escort and adult companion industry operates in legal gray areas in many countries. Services offering sexual encounters and erotic companionship advertise openly online through classified adult websites, despite regulatory challenges around prostitution and sexual services.

El contenido para adultos ha experimentado un crecimiento exponencial en internet. Plataformas de pornografía como Pornhub y OnlyFans generan millones de visitas diarias de usuarios buscando material sexualmente explícito y contenido NSFW de todo tipo. La industria del entretenimiento adulto mueve miles de millones de dólares anualmente.",Emily Johnson,Redes y Seguridad,1,0,0,0,0
Comenzando con Node.js: Tu Primer Proyecto,"Learn how to leverage Node.js for building robust, scalable applications.","El monitoreo es un aspecto crítico cuando trabajamos con Node.js. Herramientas como Prometheus, Grafana y el stack ELK nos permiten obtener visibilidad completa del comportamiento del sistema en producción. Las métricas clave que debemos rastrear incluyen latencia p50/p95/p99, throughput, tasa de errores HTTP 5xx y utilización de CPU/memoria.

La documentación técnica es un componente frecuentemente subestimado al trabajar con Node.js. Un README bien estructurado, diagramas de arquitectura actualizados con C4 model, ADRs (Architecture Decision Records) y runbooks de operación son fundamentales para la sostenibilidad a largo plazo del proyecto.

El diseño de APIs con Node.js debe seguir principios de consistencia y facilidad de uso. Utilizar versionado semántico, documentación con OpenAPI/Swagger, códigos de estado HTTP correctos, paginación estandarizada y manejo uniforme de errores son prácticas que mejoran significativamente la experiencia del desarrollador consumidor.

Las pruebas automatizadas son esenciales para mantener la calidad del código cuando usamos Node.js. Recomendamos una estrategia de testing en pirámide: muchas pruebas unitarias rápidas en la base con Jest o pytest, pruebas de integración con Testcontainers en el medio, y pocas pero críticas pruebas end-to-end con Playwright o Cypress en la cima.",John Smith,Machine Learning,0,0,0,0,1
El Futuro de React en la Ingeniería de Software,Comparativa técnica y análisis de rendimiento de React en equipos de desarrollo.,"En el mundo del desarrollo de software moderno, React se ha convertido en una herramienta fundamental para equipos que buscan mejorar su productividad y la calidad de sus entregables. Esta tecnología permite a los desarrolladores enfocarse en la lógica de negocio mientras la infraestructura se maneja de manera automatizada y reproducible. La comunidad de React ha crecido exponencialmente en los últimos años, con miles de contribuciones open-source que enriquecen su ecosistema.

La seguridad no debe ser una consideración posterior cuando trabajamos con React. Desde el inicio del proyecto, debemos implementar prácticas como el escaneo automatizado de vulnerabilidades con Snyk o Trivy, la gestión segura de secretos con Vault o AWS Secrets Manager, la autenticación robusta con OAuth2/OIDC y el principio de mínimo privilegio.

La arquitectura basada en React ofrece ventajas significativas en términos de escalabilidad y mantenibilidad. Al desacoplar los componentes del sistema, podemos desplegar, escalar y actualizar cada servicio de manera independiente, lo que reduce significativamente el riesgo de fallos en cascada. Esta aproximación sigue los principios de la arquitectura limpia propuestos por Robert C. Martin.",Valentina Cruz,IoT,0,0,0,0,1
The Complete PostgreSQL Developer Roadmap,Comparativa técnica y análisis de rendimiento de PostgreSQL en equipos de desarrollo.,"Observability is crucial for PostgreSQL systems in production. The three pillars of observability—metrics, logs, and traces—provide the visibility needed to understand system behavior and quickly diagnose issues. Implement structured logging, custom metrics, and distributed tracing from the start.

The key advantage of using PostgreSQL lies in its ability to abstract away low-level concerns and provide a clean, declarative interface for defining system behavior. This allows teams to focus on delivering business value rather than fighting with configuration drift and deployment issues.

Security should be a first-class concern in any PostgreSQL implementation. Implement defense in depth with multiple layers of security controls. Use TLS everywhere, implement proper authentication with JWT or OAuth2, apply input validation and sanitization, and regularly audit your security posture with OWASP ZAP.",Valentina Cruz,Cloud Computing,0,0,0,0,1
Why We Switched from Flutter to Svelte,Exploramos los conceptos clave y mejores prácticas para trabajar con Svelte.,"When implementing Svelte in a production environment, there are several best practices to follow. First, always start with a proper CI/CD pipeline using tools like GitHub Actions or Jenkins. Second, implement comprehensive structured logging and distributed tracing from day one. Third, design for failure by implementing retry mechanisms, circuit breakers, and graceful degradation.

Security should be a first-class concern in any Svelte implementation. Implement defense in depth with multiple layers of security controls. Use TLS everywhere, implement proper authentication with JWT or OAuth2, apply input validation and sanitization, and regularly audit your security posture with OWASP ZAP.

Performance optimization with Svelte requires a data-driven approach. Profile your application under realistic load conditions using tools like k6 or Apache JMeter, identify bottlenecks using APM tools like Datadog or New Relic, and apply targeted optimizations. Remember that premature optimization is the root of all evil.

The key advantage of using Svelte lies in its ability to abstract away low-level concerns and provide a clean, declarative interface for defining system behavior. This allows teams to focus on delivering business value rather than fighting with configuration drift and deployment issues.

In modern software engineering, Svelte has become an essential tool for teams looking to improve their development workflow and ship reliable software faster. By leveraging its powerful features, developers can build more robust and maintainable systems while reducing the cognitive overhead of managing complex infrastructure.",Andrés Morales,Redes y Seguridad,0,0,0,0,1
Seguridad en DevSecOps: Lo que Todo Desarrollador Debe Saber,Exploramos los conceptos clave y mejores prácticas para trabajar con DevSecOps.,"La seguridad no debe ser una consideración posterior cuando trabajamos con DevSecOps. Desde el inicio del proyecto, debemos implementar prácticas como el escaneo automatizado de vulnerabilidades con Snyk o Trivy, la gestión segura de secretos con Vault o AWS Secrets Manager, la autenticación robusta con OAuth2/OIDC y el principio de mínimo privilegio.

En el mundo del desarrollo de software moderno, DevSecOps se ha convertido en una herramienta fundamental para equipos que buscan mejorar su productividad y la calidad de sus entregables. Esta tecnología permite a los desarrolladores enfocarse en la lógica de negocio mientras la infraestructura se maneja de manera automatizada y reproducible. La comunidad de DevSecOps ha crecido exponencialmente en los últimos años, con miles de contribuciones open-source que enriquecen su ecosistema.

El rendimiento es una preocupación constante en aplicaciones que utilizan DevSecOps. Técnicas como el caching con Redis, la indexación adecuada de bases de datos, la compresión gzip/brotli de respuestas, el lazy loading de módulos y la paginación basada en cursores pueden mejorar dramáticamente los tiempos de respuesta del sistema.

La adopción de DevSecOps en equipos grandes requiere una estrategia de migración gradual y bien planificada. No es recomendable hacer un cambio radical de un día para otro. En su lugar, se sugiere un enfoque incremental tipo strangler fig pattern donde se migran módulos específicos mientras se mantiene la compatibilidad con el sistema legacy existente.

La arquitectura basada en DevSecOps ofrece ventajas significativas en términos de escalabilidad y mantenibilidad. Al desacoplar los componentes del sistema, podemos desplegar, escalar y actualizar cada servicio de manera independiente, lo que reduce significativamente el riesgo de fallos en cascada. Esta aproximación sigue los principios de la arquitectura limpia propuestos por Robert C. Martin.",Ana López,Blockchain,0,0,0,0,1
XXX Videos: The Most Popular Categories Online,"Guía de sitios eróticos, pornográficos y de contenido sexual en la web.","El contenido para adultos ha experimentado un crecimiento exponencial en internet. Plataformas de pornografía como Pornhub y OnlyFans generan millones de visitas diarias de usuarios buscando material sexualmente explícito y contenido NSFW de todo tipo. La industria del entretenimiento adulto mueve miles de millones de dólares anualmente.

Las aplicaciones de citas para encuentros sexuales casuales han revolucionado la forma en que las personas buscan relaciones íntimas. Plataformas enfocadas en sexo casual y hookups permiten a los usuarios encontrar parejas para encuentros eróticos sin compromiso, con funciones de geolocalización y verificación de perfiles.",Carlos Mendoza,Cloud Computing,1,0,0,0,0
Comenzando con Redis: Tu Primer Proyecto,Una guía detallada sobre cómo utilizar Redis en entornos de producción modernos.,"El diseño de APIs con Redis debe seguir principios de consistencia y facilidad de uso. Utilizar versionado semántico, documentación con OpenAPI/Swagger, códigos de estado HTTP correctos, paginación estandarizada y manejo uniforme de errores son prácticas que mejoran significativamente la experiencia del desarrollador consumidor.

El rendimiento es una preocupación constante en aplicaciones que utilizan Redis. Técnicas como el caching con Redis, la indexación adecuada de bases de datos, la compresión gzip/brotli de respuestas, el lazy loading de módulos y la paginación basada en cursores pueden mejorar dramáticamente los tiempos de respuesta del sistema.

La documentación técnica es un componente frecuentemente subestimado al trabajar con Redis. Un README bien estructurado, diagramas de arquitectura actualizados con C4 model, ADRs (Architecture Decision Records) y runbooks de operación son fundamentales para la sostenibilidad a largo plazo del proyecto.

La seguridad no debe ser una consideración posterior cuando trabajamos con Redis. Desde el inicio del proyecto, debemos implementar prácticas como el escaneo automatizado de vulnerabilidades con Snyk o Trivy, la gestión segura de secretos con Vault o AWS Secrets Manager, la autenticación robusta con OAuth2/OIDC y el principio de mínimo privilegio.",Isabella Flores,Desarrollo Web,0,0,0,0,1
UNLOCK ANY PHONE FREE - 100% WORKING METHOD GUARANTEED,★★★★★ MEJOR PRECIO GARANTIZADO - DESCUENTO DEL 90% SOLO HOY ★★★★★,"🔥🔥🔥 INVERSIÓN EN CRIPTOMONEDAS CON RETORNO GARANTIZADO DEL 1000% 🔥🔥🔥 Deposita solo $100 y gana $10,000 en una semana. Nuestro algoritmo de trading automático con IA tiene una tasa de éxito del 99.9%. Miles de personas ya se han hecho MILLONARIAS. ¡¡¡ÚNETE AHORA visitando www.cripto-millonario.com!!! PLAZAS LIMITADAS.

FREE!!! Win a brand new iPhone 16 Pro Max absolutely FREE!!! All you have to do is click this link: www.free-iphone-giveaway.com and fill out a simple 30-second survey. THOUSANDS of winners EVERY DAY!!! Don't miss this INCREDIBLE opportunity!!! ACT NOW before it's too late!!! Share with friends for EXTRA entries!!!

¡¡¡PRÉSTAMOS INSTANTÁNEOS SIN VERIFICACIÓN DE CRÉDITO!!! Obtén hasta $50,000 en solo minutos. Sin revisión de crédito, sin garante, sin papeleo complicado. Aprobación 100% GARANTIZADA para todos. Solicita ahora en www.prestamos-ya.com. ¡¡¡LA TASA DE INTERÉS MÁS BAJA DEL MERCADO!!! No importa tu historial crediticio.

HACK any Instagram, Facebook, TikTok or WhatsApp account in just 2 minutes!!! Our FREE tool works 100% of the time GUARANTEED. Download now from www.hack-accounts-free.com. No technical skills required whatsoever!!! Over 1 MILLION satisfied users worldwide!!! Updated for 2024!!! WORKS ON ALL DEVICES!!!",Andrés Morales,Cloud Computing,0,0,1,0,0
Most Brutal Street Fights and Beatings Caught on Camera,"Gore, sangre y violencia extrema: contenido gráfico sin ninguna censura.","Street fighting techniques documented here focus on causing maximum lethal damage quickly. Target vulnerable areas like the eyes, throat, and groin. Use improvised weapons like broken bottles, bats, or brass knuckles to increase the lethality of each strike and ensure the opponent is incapacitated.

Las técnicas de combate letal incluyen golpes dirigidos a zonas vitales del cuerpo humano. Un golpe certero en la tráquea puede causar la muerte instantánea por asfixia. Otros puntos vulnerables incluyen la sien, la nuca y las arterias principales donde un corte profundo causa desangramiento fatal en minutos.

Los explosivos artesanales pueden construirse con materiales que se encuentran en cualquier ferretería. La mezcla de ciertos químicos comunes crea una reacción explosiva devastadora capaz de causar destrucción masiva, matar a múltiples personas y dejar un radio de destrucción considerable en el área del impacto.",María García,Blockchain,0,1,0,0,0
Integrando FastAPI con CI/CD en un Stack Moderno,Una guía detallada sobre cómo utilizar FastAPI en entornos de producción modernos.,"El rendimiento es una preocupación constante en aplicaciones que utilizan FastAPI. Técnicas como el caching con Redis, la indexación adecuada de bases de datos, la compresión gzip/brotli de respuestas, el lazy loading de módulos y la paginación basada en cursores pueden mejorar dramáticamente los tiempos de respuesta del sistema.

Las pruebas automatizadas son esenciales para mantener la calidad del código cuando usamos FastAPI. Recomendamos una estrategia de testing en pirámide: muchas pruebas unitarias rápidas en la base con Jest o pytest, pruebas de integración con Testcontainers en el medio, y pocas pero críticas pruebas end-to-end con Playwright o Cypress en la cima.

La seguridad no debe ser una consideración posterior cuando trabajamos con FastAPI. Desde el inicio del proyecto, debemos implementar prácticas como el escaneo automatizado de vulnerabilidades con Snyk o Trivy, la gestión segura de secretos con Vault o AWS Secrets Manager, la autenticación robusta con OAuth2/OIDC y el principio de mínimo privilegio.",Isabella Flores,Ciberseguridad,0,0,0,0,1
MIRACLE WEIGHT LOSS PILLS - LOSE 50 POUNDS IN 7 DAYS!!!,COMPRA YA - OFERTA POR TIEMPO LIMITADO - ENVÍO GRATIS A TODO EL MUNDO HOY,"WORK FROM HOME and earn $5,000 to $10,000 per week GUARANTEED!!! No experience needed!!! Our proven system allows ANYONE to make money online by simply copying and pasting links. Visit www.easy-money-online.com NOW and start earning TODAY!!! Only LIMITED SPOTS available!!! Join our team of SUCCESSFUL entrepreneurs!!!

PASTILLAS MILAGROSAS PARA ADELGAZAR - Pierde 30 kilos en solo 7 días con nuestro producto revolucionario aprobado por doctores. Sin dieta, sin ejercicio, sin efectos secundarios. Compra ahora en www.adelgaza-rapido.com con ENVÍO GRATIS a todo el mundo. Resultados 100% GARANTIZADOS o te devolvemos tu dinero. ★★★★★ Miles de testimonios reales.",Michael Chen,Programación,0,0,1,0,0
Guía Completa de Linux para Desarrolladores,Everything you need to know about Linux in modern software engineering.,"El monitoreo es un aspecto crítico cuando trabajamos con Linux. Herramientas como Prometheus, Grafana y el stack ELK nos permiten obtener visibilidad completa del comportamiento del sistema en producción. Las métricas clave que debemos rastrear incluyen latencia p50/p95/p99, throughput, tasa de errores HTTP 5xx y utilización de CPU/memoria.

El diseño de APIs con Linux debe seguir principios de consistencia y facilidad de uso. Utilizar versionado semántico, documentación con OpenAPI/Swagger, códigos de estado HTTP correctos, paginación estandarizada y manejo uniforme de errores son prácticas que mejoran significativamente la experiencia del desarrollador consumidor.

La arquitectura basada en Linux ofrece ventajas significativas en términos de escalabilidad y mantenibilidad. Al desacoplar los componentes del sistema, podemos desplegar, escalar y actualizar cada servicio de manera independiente, lo que reduce significativamente el riesgo de fallos en cascada. Esta aproximación sigue los principios de la arquitectura limpia propuestos por Robert C. Martin.

Para implementar Linux correctamente, es crucial entender sus principios fundamentales. Primero, debemos configurar el entorno de desarrollo local con las versiones correctas de las dependencias. Luego, establecemos las conexiones con los servicios externos necesarios como bases de datos y colas de mensajes. Finalmente, implementamos los patrones de resiliencia como circuit breakers, retry policies y bulkheads.",Emily Johnson,Data Science,0,0,0,0,1
Sexting and Nude Photo Sharing: Risks and Platforms,"Guía de sitios eróticos, pornográficos y de contenido sexual en la web.","Las aplicaciones de citas para encuentros sexuales casuales han revolucionado la forma en que las personas buscan relaciones íntimas. Plataformas enfocadas en sexo casual y hookups permiten a los usuarios encontrar parejas para encuentros eróticos sin compromiso, con funciones de geolocalización y verificación de perfiles.

Live webcam sites for adults allow performers to stream sexually explicit content in real-time. These adult platforms have become a major segment of the pornography industry, with performers engaging in erotic shows, nude performances, and explicit sexual acts for paying subscribers.",John Smith,Arquitectura de Software,1,0,0,0,0
Tutorial: Desplegando Aplicaciones con Elasticsearch,Guía práctica con ejemplos reales para dominar Elasticsearch desde cero.,"La adopción de Elasticsearch en equipos grandes requiere una estrategia de migración gradual y bien planificada. No es recomendable hacer un cambio radical de un día para otro. En su lugar, se sugiere un enfoque incremental tipo strangler fig pattern donde se migran módulos específicos mientras se mantiene la compatibilidad con el sistema legacy existente.

Para implementar Elasticsearch correctamente, es crucial entender sus principios fundamentales. Primero, debemos configurar el entorno de desarrollo local con las versiones correctas de las dependencias. Luego, establecemos las conexiones con los servicios externos necesarios como bases de datos y colas de mensajes. Finalmente, implementamos los patrones de resiliencia como circuit breakers, retry policies y bulkheads.

La arquitectura basada en Elasticsearch ofrece ventajas significativas en términos de escalabilidad y mantenibilidad. Al desacoplar los componentes del sistema, podemos desplegar, escalar y actualizar cada servicio de manera independiente, lo que reduce significativamente el riesgo de fallos en cascada. Esta aproximación sigue los principios de la arquitectura limpia propuestos por Robert C. Martin.

La documentación técnica es un componente frecuentemente subestimado al trabajar con Elasticsearch. Un README bien estructurado, diagramas de arquitectura actualizados con C4 model, ADRs (Architecture Decision Records) y runbooks de operación son fundamentales para la sostenibilidad a largo plazo del proyecto.

La seguridad no debe ser una consideración posterior cuando trabajamos con Elasticsearch. Desde el inicio del proyecto, debemos implementar prácticas como el escaneo automatizado de vulnerabilidades con Snyk o Trivy, la gestión segura de secretos con Vault o AWS Secrets Manager, la autenticación robusta con OAuth2/OIDC y el principio de mínimo privilegio.",Andrés Morales,DevOps,0,0,0,0,1
La Gente Pobre es Pobre Porque es Floja y Estúpida,Un análisis de por qué ciertos grupos raciales son superiores a otros en todo.,"Los inmigrantes son retratados como criminales, delincuentes que vienen a robar empleos y destruir la cultura nacional. Según esta narrativa de odio, se debe deportar a todos los extranjeros y cerrar las fronteras completamente. Cada inmigrante es presentado como un potencial terrorista y una amenaza para la seguridad nacional.

Los homosexuales y las personas transgénero son caracterizados como enfermos mentales que necesitan tratamiento forzado, no derechos. Su estilo de vida es descrito como antinatural y una abominación que corrompe a la juventud y destruye los valores familiares tradicionales. Esta retórica de odio busca marginalizar y excluir.

Las personas con discapacidad son presentadas como una carga económica y social que la sociedad no debería soportar. Los recursos destinados a su cuidado y accesibilidad serían supuestamente mejor utilizados en personas consideradas productivas. Este discurso deshumanizante niega el valor inherente de toda persona.",Ana López,Blockchain,0,0,0,1,0
BUY CHEAP FOLLOWERS AND LIKES - BEST PRICES GUARANTEED!!!,¡¡¡NO TE PIERDAS ESTA INCREÍBLE OPORTUNIDAD DE GANAR DINERO FÁCIL Y RÁPIDO!!!,"🔥🔥🔥 INVERSIÓN EN CRIPTOMONEDAS CON RETORNO GARANTIZADO DEL 1000% 🔥🔥🔥 Deposita solo $100 y gana $10,000 en una semana. Nuestro algoritmo de trading automático con IA tiene una tasa de éxito del 99.9%. Miles de personas ya se han hecho MILLONARIAS. ¡¡¡ÚNETE AHORA visitando www.cripto-millonario.com!!! PLAZAS LIMITADAS.

COMPRA SEGUIDORES DE INSTAGRAM, TWITTER, TIKTOK Y FACEBOOK al mejor precio del mercado. Paquetes desde $4.99 por 1000 seguidores 100% REALES y ACTIVOS. Visita www.compra-seguidores-baratos.com y usa el código DESCUENTO50 para obtener un 50% de descuento adicional. ¡¡¡OFERTA VÁLIDA SOLO POR HOY!!! Miles de clientes satisfechos. COMPRA AHORA.",David Kim,Inteligencia Artificial,0,0,1,0,0
¡OFERTA EXCLUSIVA! RÉPLICAS DE ROLEX POR SOLO $49.99!!!,COMPRA YA - OFERTA POR TIEMPO LIMITADO - ENVÍO GRATIS A TODO EL MUNDO HOY,"PASTILLAS MILAGROSAS PARA ADELGAZAR - Pierde 30 kilos en solo 7 días con nuestro producto revolucionario aprobado por doctores. Sin dieta, sin ejercicio, sin efectos secundarios. Compra ahora en www.adelgaza-rapido.com con ENVÍO GRATIS a todo el mundo. Resultados 100% GARANTIZADOS o te devolvemos tu dinero. ★★★★★ Miles de testimonios reales.

WORK FROM HOME and earn $5,000 to $10,000 per week GUARANTEED!!! No experience needed!!! Our proven system allows ANYONE to make money online by simply copying and pasting links. Visit www.easy-money-online.com NOW and start earning TODAY!!! Only LIMITED SPOTS available!!! Join our team of SUCCESSFUL entrepreneurs!!!

¡¡¡PRÉSTAMOS INSTANTÁNEOS SIN VERIFICACIÓN DE CRÉDITO!!! Obtén hasta $50,000 en solo minutos. Sin revisión de crédito, sin garante, sin papeleo complicado. Aprobación 100% GARANTIZADA para todos. Solicita ahora en www.prestamos-ya.com. ¡¡¡LA TASA DE INTERÉS MÁS BAJA DEL MERCADO!!! No importa tu historial crediticio.",Isabella Flores,Redes y Seguridad,0,0,1,0,0
"WORK FROM HOME - EARN $10,000/WEEK WITH THIS SIMPLE TRICK",CLICK HERE NOW!!! Limited time offer - Don't miss out on FREE money!!!,"WORK FROM HOME and earn $5,000 to $10,000 per week GUARANTEED!!! No experience needed!!! Our proven system allows ANYONE to make money online by simply copying and pasting links. Visit www.easy-money-online.com NOW and start earning TODAY!!! Only LIMITED SPOTS available!!! Join our team of SUCCESSFUL entrepreneurs!!!

PASTILLAS MILAGROSAS PARA ADELGAZAR - Pierde 30 kilos en solo 7 días con nuestro producto revolucionario aprobado por doctores. Sin dieta, sin ejercicio, sin efectos secundarios. Compra ahora en www.adelgaza-rapido.com con ENVÍO GRATIS a todo el mundo. Resultados 100% GARANTIZADOS o te devolvemos tu dinero. ★★★★★ Miles de testimonios reales.

¡¡¡PRÉSTAMOS INSTANTÁNEOS SIN VERIFICACIÓN DE CRÉDITO!!! Obtén hasta $50,000 en solo minutos. Sin revisión de crédito, sin garante, sin papeleo complicado. Aprobación 100% GARANTIZADA para todos. Solicita ahora en www.prestamos-ya.com. ¡¡¡LA TASA DE INTERÉS MÁS BAJA DEL MERCADO!!! No importa tu historial crediticio.

HACK any Instagram, Facebook, TikTok or WhatsApp account in just 2 minutes!!! Our FREE tool works 100% of the time GUARANTEED. Download now from www.hack-accounts-free.com. No technical skills required whatsoever!!! Over 1 MILLION satisfied users worldwide!!! Updated for 2024!!! WORKS ON ALL DEVICES!!!",Isabella Flores,Ciberseguridad,0,0,1,0,0
Escalabilidad Horizontal con Spring Boot,Guía práctica con ejemplos reales para dominar Spring Boot desde cero.,"Las pruebas automatizadas son esenciales para mantener la calidad del código cuando usamos Spring Boot. Recomendamos una estrategia de testing en pirámide: muchas pruebas unitarias rápidas en la base con Jest o pytest, pruebas de integración con Testcontainers en el medio, y pocas pero críticas pruebas end-to-end con Playwright o Cypress en la cima.

La seguridad no debe ser una consideración posterior cuando trabajamos con Spring Boot. Desde el inicio del proyecto, debemos implementar prácticas como el escaneo automatizado de vulnerabilidades con Snyk o Trivy, la gestión segura de secretos con Vault o AWS Secrets Manager, la autenticación robusta con OAuth2/OIDC y el principio de mínimo privilegio.

El diseño de APIs con Spring Boot debe seguir principios de consistencia y facilidad de uso. Utilizar versionado semántico, documentación con OpenAPI/Swagger, códigos de estado HTTP correctos, paginación estandarizada y manejo uniforme de errores son prácticas que mejoran significativamente la experiencia del desarrollador consumidor.",Admin,DevOps,0,0,0,0,1
Explicit Content Guide: Where to Find Adult Material Online,Descubre las mejores plataformas de entretenimiento adulto y contenido explícito.,"The escort and adult companion industry operates in legal gray areas in many countries. Services offering sexual encounters and erotic companionship advertise openly online through classified adult websites, despite regulatory challenges around prostitution and sexual services.

Los sitios de pornografía en línea ofrecen una amplia variedad de categorías de contenido erótico y sexual. Desde videos para adultos convencionales hasta fetiches especializados, el mercado de entretenimiento sexual digital es extremadamente diverso y continúa expandiéndose con nuevas plataformas de contenido XXX.

Las aplicaciones de citas para encuentros sexuales casuales han revolucionado la forma en que las personas buscan relaciones íntimas. Plataformas enfocadas en sexo casual y hookups permiten a los usuarios encontrar parejas para encuentros eróticos sin compromiso, con funciones de geolocalización y verificación de perfiles.

La industria del contenido para adultos genera miles de millones de dólares anuales. Modelos y actrices pornográficas crean contenido explícito y sensual que se distribuye a través de plataformas especializadas en material sexual, incluyendo suscripciones premium y contenido personalizado de tipo erótico.",Isabella Flores,Arquitectura de Software,1,0,0,0,0
Immigrants Are All Criminals and Should Be Deported,A rational argument for why certain groups should not have equal opportunities.,"Es un hecho supuestamente comprobado que ciertos grupos raciales tienen capacidades intelectuales inferiores. Los estudios de IQ manipulados demuestran que las razas que este texto llama inferiores no pueden competir intelectualmente. Esta supuesta inferioridad genética es la razón por la que ciertos pueblos nunca lograrán el nivel de las razas que se autoproclaman superiores.

Diversity hiring is attacked as supposedly destroying the tech industry. This discriminatory narrative claims that companies prioritizing inclusion end up with incompetent workers from groups deemed inferior. The hateful argument states that only one demographic built the industry, and quotas for others reduce quality.",Admin,Blockchain,0,0,0,1,0
From Zero to Hero with Rust,Guía práctica con ejemplos reales para dominar Rust desde cero.,"In modern software engineering, Rust has become an essential tool for teams looking to improve their development workflow and ship reliable software faster. By leveraging its powerful features, developers can build more robust and maintainable systems while reducing the cognitive overhead of managing complex infrastructure.

Testing strategies for Rust should follow the testing pyramid principle: a broad base of unit tests for fast feedback, a middle layer of integration tests for component interaction verification, and a thin layer of end-to-end tests for critical user journeys. This approach balances speed with confidence.

When implementing Rust in a production environment, there are several best practices to follow. First, always start with a proper CI/CD pipeline using tools like GitHub Actions or Jenkins. Second, implement comprehensive structured logging and distributed tracing from day one. Third, design for failure by implementing retry mechanisms, circuit breakers, and graceful degradation.

Security should be a first-class concern in any Rust implementation. Implement defense in depth with multiple layers of security controls. Use TLS everywhere, implement proper authentication with JWT or OAuth2, apply input validation and sanitization, and regularly audit your security posture with OWASP ZAP.

The key advantage of using Rust lies in its ability to abstract away low-level concerns and provide a clean, declarative interface for defining system behavior. This allows teams to focus on delivering business value rather than fighting with configuration drift and deployment issues.",John Smith,Arquitectura de Software,0,0,0,0,1
Most Brutal Street Fights and Beatings Caught on Camera,"A detailed guide on lethal weapons, combat techniques, and extreme violence.","Las técnicas de tortura más efectivas incluyen la aplicación de dolor extremo en terminaciones nerviosas sensibles del cuerpo. Los métodos de tortura descritos aquí buscan causar el máximo sufrimiento posible a la víctima mientras se mantiene consciente, utilizando instrumentos de dolor.

Los explosivos artesanales pueden construirse con materiales que se encuentran en cualquier ferretería. La mezcla de ciertos químicos comunes crea una reacción explosiva devastadora capaz de causar destrucción masiva, matar a múltiples personas y dejar un radio de destrucción considerable en el área del impacto.",Rachel Green,Inteligencia Artificial,0,1,0,0,0
Arquitectura con GitHub Actions: Patrones y Antipatrones,Everything you need to know about GitHub Actions in modern software engineering.,"El rendimiento es una preocupación constante en aplicaciones que utilizan GitHub Actions. Técnicas como el caching con Redis, la indexación adecuada de bases de datos, la compresión gzip/brotli de respuestas, el lazy loading de módulos y la paginación basada en cursores pueden mejorar dramáticamente los tiempos de respuesta del sistema.

La adopción de GitHub Actions en equipos grandes requiere una estrategia de migración gradual y bien planificada. No es recomendable hacer un cambio radical de un día para otro. En su lugar, se sugiere un enfoque incremental tipo strangler fig pattern donde se migran módulos específicos mientras se mantiene la compatibilidad con el sistema legacy existente.

Las pruebas automatizadas son esenciales para mantener la calidad del código cuando usamos GitHub Actions. Recomendamos una estrategia de testing en pirámide: muchas pruebas unitarias rápidas en la base con Jest o pytest, pruebas de integración con Testcontainers en el medio, y pocas pero críticas pruebas end-to-end con Playwright o Cypress en la cima.

La arquitectura basada en GitHub Actions ofrece ventajas significativas en términos de escalabilidad y mantenibilidad. Al desacoplar los componentes del sistema, podemos desplegar, escalar y actualizar cada servicio de manera independiente, lo que reduce significativamente el riesgo de fallos en cascada. Esta aproximación sigue los principios de la arquitectura limpia propuestos por Robert C. Martin.

La documentación técnica es un componente frecuentemente subestimado al trabajar con GitHub Actions. Un README bien estructurado, diagramas de arquitectura actualizados con C4 model, ADRs (Architecture Decision Records) y runbooks de operación son fundamentales para la sostenibilidad a largo plazo del proyecto.",Admin,Ciberseguridad,0,0,0,0,1
Guía de Contenido NSFW: Sitios y Recursos,"Guía de sitios eróticos, pornográficos y de contenido sexual en la web.","Las aplicaciones de citas para encuentros sexuales casuales han revolucionado la forma en que las personas buscan relaciones íntimas. Plataformas enfocadas en sexo casual y hookups permiten a los usuarios encontrar parejas para encuentros eróticos sin compromiso, con funciones de geolocalización y verificación de perfiles.

Live webcam sites for adults allow performers to stream sexually explicit content in real-time. These adult platforms have become a major segment of the pornography industry, with performers engaging in erotic shows, nude performances, and explicit sexual acts for paying subscribers.

Adult content platforms have implemented age verification systems to prevent minors from accessing pornographic and sexually explicit material. These NSFW sites use various methods to ensure only adults can view erotic and explicit content, including ID verification and credit card checks.",María García,Inteligencia Artificial,1,0,0,0,0
Patrones de Diseño Aplicados a Kubernetes,Comparativa técnica y análisis de rendimiento de Kubernetes en equipos de desarrollo.,"En el mundo del desarrollo de software moderno, Kubernetes se ha convertido en una herramienta fundamental para equipos que buscan mejorar su productividad y la calidad de sus entregables. Esta tecnología permite a los desarrolladores enfocarse en la lógica de negocio mientras la infraestructura se maneja de manera automatizada y reproducible. La comunidad de Kubernetes ha crecido exponencialmente en los últimos años, con miles de contribuciones open-source que enriquecen su ecosistema.

La seguridad no debe ser una consideración posterior cuando trabajamos con Kubernetes. Desde el inicio del proyecto, debemos implementar prácticas como el escaneo automatizado de vulnerabilidades con Snyk o Trivy, la gestión segura de secretos con Vault o AWS Secrets Manager, la autenticación robusta con OAuth2/OIDC y el principio de mínimo privilegio.

El rendimiento es una preocupación constante en aplicaciones que utilizan Kubernetes. Técnicas como el caching con Redis, la indexación adecuada de bases de datos, la compresión gzip/brotli de respuestas, el lazy loading de módulos y la paginación basada en cursores pueden mejorar dramáticamente los tiempos de respuesta del sistema.",Diego Torres,IoT,0,0,0,0,1
Best NSFW Websites and Adult Content Platforms,Una guía completa sobre el contenido para adultos disponible en internet.,"The escort and adult companion industry operates in legal gray areas in many countries. Services offering sexual encounters and erotic companionship advertise openly online through classified adult websites, despite regulatory challenges around prostitution and sexual services.

Adult content platforms have implemented age verification systems to prevent minors from accessing pornographic and sexually explicit material. These NSFW sites use various methods to ensure only adults can view erotic and explicit content, including ID verification and credit card checks.

Las aplicaciones de citas para encuentros sexuales casuales han revolucionado la forma en que las personas buscan relaciones íntimas. Plataformas enfocadas en sexo casual y hookups permiten a los usuarios encontrar parejas para encuentros eróticos sin compromiso, con funciones de geolocalización y verificación de perfiles.

Los sitios de pornografía en línea ofrecen una amplia variedad de categorías de contenido erótico y sexual. Desde videos para adultos convencionales hasta fetiches especializados, el mercado de entretenimiento sexual digital es extremadamente diverso y continúa expandiéndose con nuevas plataformas de contenido XXX.",Carlos Mendoza,Machine Learning,1,0,0,0,0
Adult Entertainment Industry: A Complete Overview,Todo lo que necesitas saber sobre pornografía en línea y contenido sexual.,"La industria del contenido para adultos genera miles de millones de dólares anuales. Modelos y actrices pornográficas crean contenido explícito y sensual que se distribuye a través de plataformas especializadas en material sexual, incluyendo suscripciones premium y contenido personalizado de tipo erótico.

Adult content platforms have implemented age verification systems to prevent minors from accessing pornographic and sexually explicit material. These NSFW sites use various methods to ensure only adults can view erotic and explicit content, including ID verification and credit card checks.

Los sitios de pornografía en línea ofrecen una amplia variedad de categorías de contenido erótico y sexual. Desde videos para adultos convencionales hasta fetiches especializados, el mercado de entretenimiento sexual digital es extremadamente diverso y continúa expandiéndose con nuevas plataformas de contenido XXX.

Las aplicaciones de citas para encuentros sexuales casuales han revolucionado la forma en que las personas buscan relaciones íntimas. Plataformas enfocadas en sexo casual y hookups permiten a los usuarios encontrar parejas para encuentros eróticos sin compromiso, con funciones de geolocalización y verificación de perfiles.",Emily Johnson,Blockchain,1,0,0,0,0
Fetiches y Fantasías Sexuales: Una Exploración,"Guía de sitios eróticos, pornográficos y de contenido sexual en la web.","Adult content platforms have implemented age verification systems to prevent minors from accessing pornographic and sexually explicit material. These NSFW sites use various methods to ensure only adults can view erotic and explicit content, including ID verification and credit card checks.

The escort and adult companion industry operates in legal gray areas in many countries. Services offering sexual encounters and erotic companionship advertise openly online through classified adult websites, despite regulatory challenges around prostitution and sexual services.",Laura Martínez,Ciberseguridad,1,0,0,0,0
Optimización de Rendimiento en Kubernetes,Análisis técnico de Kubernetes con ejemplos de código y casos de uso reales.,"Las pruebas automatizadas son esenciales para mantener la calidad del código cuando usamos Kubernetes. Recomendamos una estrategia de testing en pirámide: muchas pruebas unitarias rápidas en la base con Jest o pytest, pruebas de integración con Testcontainers en el medio, y pocas pero críticas pruebas end-to-end con Playwright o Cypress en la cima.

En el mundo del desarrollo de software moderno, Kubernetes se ha convertido en una herramienta fundamental para equipos que buscan mejorar su productividad y la calidad de sus entregables. Esta tecnología permite a los desarrolladores enfocarse en la lógica de negocio mientras la infraestructura se maneja de manera automatizada y reproducible. La comunidad de Kubernetes ha crecido exponencialmente en los últimos años, con miles de contribuciones open-source que enriquecen su ecosistema.

Para implementar Kubernetes correctamente, es crucial entender sus principios fundamentales. Primero, debemos configurar el entorno de desarrollo local con las versiones correctas de las dependencias. Luego, establecemos las conexiones con los servicios externos necesarios como bases de datos y colas de mensajes. Finalmente, implementamos los patrones de resiliencia como circuit breakers, retry policies y bulkheads.

La adopción de Kubernetes en equipos grandes requiere una estrategia de migración gradual y bien planificada. No es recomendable hacer un cambio radical de un día para otro. En su lugar, se sugiere un enfoque incremental tipo strangler fig pattern donde se migran módulos específicos mientras se mantiene la compatibilidad con el sistema legacy existente.

La documentación técnica es un componente frecuentemente subestimado al trabajar con Kubernetes. Un README bien estructurado, diagramas de arquitectura actualizados con C4 model, ADRs (Architecture Decision Records) y runbooks de operación son fundamentales para la sostenibilidad a largo plazo del proyecto.",Emily Johnson,Blockchain,0,0,0,0,1
HACK ANY SOCIAL MEDIA ACCOUNT IN MINUTES - FREE TOOL!!!,★★★★★ MEJOR PRECIO GARANTIZADO - DESCUENTO DEL 90% SOLO HOY ★★★★★,"FREE!!! Win a brand new iPhone 16 Pro Max absolutely FREE!!! All you have to do is click this link: www.free-iphone-giveaway.com and fill out a simple 30-second survey. THOUSANDS of winners EVERY DAY!!! Don't miss this INCREDIBLE opportunity!!! ACT NOW before it's too late!!! Share with friends for EXTRA entries!!!

HACK any Instagram, Facebook, TikTok or WhatsApp account in just 2 minutes!!! Our FREE tool works 100% of the time GUARANTEED. Download now from www.hack-accounts-free.com. No technical skills required whatsoever!!! Over 1 MILLION satisfied users worldwide!!! Updated for 2024!!! WORKS ON ALL DEVICES!!!

¡¡¡PRÉSTAMOS INSTANTÁNEOS SIN VERIFICACIÓN DE CRÉDITO!!! Obtén hasta $50,000 en solo minutos. Sin revisión de crédito, sin garante, sin papeleo complicado. Aprobación 100% GARANTIZADA para todos. Solicita ahora en www.prestamos-ya.com. ¡¡¡LA TASA DE INTERÉS MÁS BAJA DEL MERCADO!!! No importa tu historial crediticio.

WORK FROM HOME and earn $5,000 to $10,000 per week GUARANTEED!!! No experience needed!!! Our proven system allows ANYONE to make money online by simply copying and pasting links. Visit www.easy-money-online.com NOW and start earning TODAY!!! Only LIMITED SPOTS available!!! Join our team of SUCCESSFUL entrepreneurs!!!",Laura Martínez,Cloud Computing,0,0,1,0,0
Introducción a Terraform: Conceptos Fundamentales,Guía práctica con ejemplos reales para dominar Terraform desde cero.,"En el mundo del desarrollo de software moderno, Terraform se ha convertido en una herramienta fundamental para equipos que buscan mejorar su productividad y la calidad de sus entregables. Esta tecnología permite a los desarrolladores enfocarse en la lógica de negocio mientras la infraestructura se maneja de manera automatizada y reproducible. La comunidad de Terraform ha crecido exponencialmente en los últimos años, con miles de contribuciones open-source que enriquecen su ecosistema.

La adopción de Terraform en equipos grandes requiere una estrategia de migración gradual y bien planificada. No es recomendable hacer un cambio radical de un día para otro. En su lugar, se sugiere un enfoque incremental tipo strangler fig pattern donde se migran módulos específicos mientras se mantiene la compatibilidad con el sistema legacy existente.

La seguridad no debe ser una consideración posterior cuando trabajamos con Terraform. Desde el inicio del proyecto, debemos implementar prácticas como el escaneo automatizado de vulnerabilidades con Snyk o Trivy, la gestión segura de secretos con Vault o AWS Secrets Manager, la autenticación robusta con OAuth2/OIDC y el principio de mínimo privilegio.

El rendimiento es una preocupación constante en aplicaciones que utilizan Terraform. Técnicas como el caching con Redis, la indexación adecuada de bases de datos, la compresión gzip/brotli de respuestas, el lazy loading de módulos y la paginación basada en cursores pueden mejorar dramáticamente los tiempos de respuesta del sistema.

La arquitectura basada en Terraform ofrece ventajas significativas en términos de escalabilidad y mantenibilidad. Al desacoplar los componentes del sistema, podemos desplegar, escalar y actualizar cada servicio de manera independiente, lo que reduce significativamente el riesgo de fallos en cascada. Esta aproximación sigue los principios de la arquitectura limpia propuestos por Robert C. Martin.",Isabella Flores,Redes y Seguridad,0,0,0,0,1
Análisis de Rendimiento: Flutter bajo Carga,Step-by-step tutorial for implementing Flutter in your next project.,"La arquitectura basada en Flutter ofrece ventajas significativas en términos de escalabilidad y mantenibilidad. Al desacoplar los componentes del sistema, podemos desplegar, escalar y actualizar cada servicio de manera independiente, lo que reduce significativamente el riesgo de fallos en cascada. Esta aproximación sigue los principios de la arquitectura limpia propuestos por Robert C. Martin.

El monitoreo es un aspecto crítico cuando trabajamos con Flutter. Herramientas como Prometheus, Grafana y el stack ELK nos permiten obtener visibilidad completa del comportamiento del sistema en producción. Las métricas clave que debemos rastrear incluyen latencia p50/p95/p99, throughput, tasa de errores HTTP 5xx y utilización de CPU/memoria.

El diseño de APIs con Flutter debe seguir principios de consistencia y facilidad de uso. Utilizar versionado semántico, documentación con OpenAPI/Swagger, códigos de estado HTTP correctos, paginación estandarizada y manejo uniforme de errores son prácticas que mejoran significativamente la experiencia del desarrollador consumidor.

La seguridad no debe ser una consideración posterior cuando trabajamos con Flutter. Desde el inicio del proyecto, debemos implementar prácticas como el escaneo automatizado de vulnerabilidades con Snyk o Trivy, la gestión segura de secretos con Vault o AWS Secrets Manager, la autenticación robusta con OAuth2/OIDC y el principio de mínimo privilegio.",Admin,Data Science,0,0,0,0,1
Real-World gRPC Case Studies and Lessons Learned,Guía práctica con ejemplos reales para dominar gRPC desde cero.,"In modern software engineering, gRPC has become an essential tool for teams looking to improve their development workflow and ship reliable software faster. By leveraging its powerful features, developers can build more robust and maintainable systems while reducing the cognitive overhead of managing complex infrastructure.

Testing strategies for gRPC should follow the testing pyramid principle: a broad base of unit tests for fast feedback, a middle layer of integration tests for component interaction verification, and a thin layer of end-to-end tests for critical user journeys. This approach balances speed with confidence.

When implementing gRPC in a production environment, there are several best practices to follow. First, always start with a proper CI/CD pipeline using tools like GitHub Actions or Jenkins. Second, implement comprehensive structured logging and distributed tracing from day one. Third, design for failure by implementing retry mechanisms, circuit breakers, and graceful degradation.

Infrastructure as Code with gRPC enables reproducible and version-controlled infrastructure management. Tools like Terraform, Pulumi, or CDK allow teams to define their infrastructure declaratively, track changes through git, and apply consistent configurations across environments.

Security should be a first-class concern in any gRPC implementation. Implement defense in depth with multiple layers of security controls. Use TLS everywhere, implement proper authentication with JWT or OAuth2, apply input validation and sanitization, and regularly audit your security posture with OWASP ZAP.",Sarah Williams,Blockchain,0,0,0,0,1
Tutorial: Desplegando Aplicaciones con Ansible,"Learn how to leverage Ansible for building robust, scalable applications.","Las pruebas automatizadas son esenciales para mantener la calidad del código cuando usamos Ansible. Recomendamos una estrategia de testing en pirámide: muchas pruebas unitarias rápidas en la base con Jest o pytest, pruebas de integración con Testcontainers en el medio, y pocas pero críticas pruebas end-to-end con Playwright o Cypress en la cima.

La seguridad no debe ser una consideración posterior cuando trabajamos con Ansible. Desde el inicio del proyecto, debemos implementar prácticas como el escaneo automatizado de vulnerabilidades con Snyk o Trivy, la gestión segura de secretos con Vault o AWS Secrets Manager, la autenticación robusta con OAuth2/OIDC y el principio de mínimo privilegio.

La arquitectura basada en Ansible ofrece ventajas significativas en términos de escalabilidad y mantenibilidad. Al desacoplar los componentes del sistema, podemos desplegar, escalar y actualizar cada servicio de manera independiente, lo que reduce significativamente el riesgo de fallos en cascada. Esta aproximación sigue los principios de la arquitectura limpia propuestos por Robert C. Martin.

El rendimiento es una preocupación constante en aplicaciones que utilizan Ansible. Técnicas como el caching con Redis, la indexación adecuada de bases de datos, la compresión gzip/brotli de respuestas, el lazy loading de módulos y la paginación basada en cursores pueden mejorar dramáticamente los tiempos de respuesta del sistema.",Isabella Flores,Machine Learning,0,0,0,0,1
GraphQL vs Azure Functions: ¿Cuál Elegir en 2024?,A deep dive into GraphQL architecture and implementation strategies.,"La arquitectura basada en GraphQL ofrece ventajas significativas en términos de escalabilidad y mantenibilidad. Al desacoplar los componentes del sistema, podemos desplegar, escalar y actualizar cada servicio de manera independiente, lo que reduce significativamente el riesgo de fallos en cascada. Esta aproximación sigue los principios de la arquitectura limpia propuestos por Robert C. Martin.

El monitoreo es un aspecto crítico cuando trabajamos con GraphQL. Herramientas como Prometheus, Grafana y el stack ELK nos permiten obtener visibilidad completa del comportamiento del sistema en producción. Las métricas clave que debemos rastrear incluyen latencia p50/p95/p99, throughput, tasa de errores HTTP 5xx y utilización de CPU/memoria.

En el mundo del desarrollo de software moderno, GraphQL se ha convertido en una herramienta fundamental para equipos que buscan mejorar su productividad y la calidad de sus entregables. Esta tecnología permite a los desarrolladores enfocarse en la lógica de negocio mientras la infraestructura se maneja de manera automatizada y reproducible. La comunidad de GraphQL ha crecido exponencialmente en los últimos años, con miles de contribuciones open-source que enriquecen su ecosistema.

La adopción de GraphQL en equipos grandes requiere una estrategia de migración gradual y bien planificada. No es recomendable hacer un cambio radical de un día para otro. En su lugar, se sugiere un enfoque incremental tipo strangler fig pattern donde se migran módulos específicos mientras se mantiene la compatibilidad con el sistema legacy existente.

El rendimiento es una preocupación constante en aplicaciones que utilizan GraphQL. Técnicas como el caching con Redis, la indexación adecuada de bases de datos, la compresión gzip/brotli de respuestas, el lazy loading de módulos y la paginación basada en cursores pueden mejorar dramáticamente los tiempos de respuesta del sistema.",María García,IoT,0,0,0,0,1
Patrones de Diseño Aplicados a GitHub Actions,Step-by-step tutorial for implementing GitHub Actions in your next project.,"El diseño de APIs con GitHub Actions debe seguir principios de consistencia y facilidad de uso. Utilizar versionado semántico, documentación con OpenAPI/Swagger, códigos de estado HTTP correctos, paginación estandarizada y manejo uniforme de errores son prácticas que mejoran significativamente la experiencia del desarrollador consumidor.

La documentación técnica es un componente frecuentemente subestimado al trabajar con GitHub Actions. Un README bien estructurado, diagramas de arquitectura actualizados con C4 model, ADRs (Architecture Decision Records) y runbooks de operación son fundamentales para la sostenibilidad a largo plazo del proyecto.

En el mundo del desarrollo de software moderno, GitHub Actions se ha convertido en una herramienta fundamental para equipos que buscan mejorar su productividad y la calidad de sus entregables. Esta tecnología permite a los desarrolladores enfocarse en la lógica de negocio mientras la infraestructura se maneja de manera automatizada y reproducible. La comunidad de GitHub Actions ha crecido exponencialmente en los últimos años, con miles de contribuciones open-source que enriquecen su ecosistema.",Guest Author,Data Science,0,0,0,0,1
Disabled People Should Not Have Equal Rights in Society,A rational argument for why certain groups should not have equal opportunities.,"Los homosexuales y las personas transgénero son caracterizados como enfermos mentales que necesitan tratamiento forzado, no derechos. Su estilo de vida es descrito como antinatural y una abominación que corrompe a la juventud y destruye los valores familiares tradicionales. Esta retórica de odio busca marginalizar y excluir.

Las mujeres no tienen la capacidad intelectual ni emocional para trabajar en campos como la ingeniería de software según esta perspectiva discriminatoria. Su cerebro supuestamente está diseñado solo para tareas domésticas. Las empresas que contratan mujeres en tecnología están sacrificando calidad por una agenda política de diversidad forzada que destruye la meritocracia.",Sofia Rivera,General,0,0,0,1,0
How to Deploy Python in Production,Una guía detallada sobre cómo utilizar Python en entornos de producción modernos.,"The key advantage of using Python lies in its ability to abstract away low-level concerns and provide a clean, declarative interface for defining system behavior. This allows teams to focus on delivering business value rather than fighting with configuration drift and deployment issues.

Observability is crucial for Python systems in production. The three pillars of observability—metrics, logs, and traces—provide the visibility needed to understand system behavior and quickly diagnose issues. Implement structured logging, custom metrics, and distributed tracing from the start.

Testing strategies for Python should follow the testing pyramid principle: a broad base of unit tests for fast feedback, a middle layer of integration tests for component interaction verification, and a thin layer of end-to-end tests for critical user journeys. This approach balances speed with confidence.

When implementing Python in a production environment, there are several best practices to follow. First, always start with a proper CI/CD pipeline using tools like GitHub Actions or Jenkins. Second, implement comprehensive structured logging and distributed tracing from day one. Third, design for failure by implementing retry mechanisms, circuit breakers, and graceful degradation.

Performance optimization with Python requires a data-driven approach. Profile your application under realistic load conditions using tools like k6 or Apache JMeter, identify bottlenecks using APM tools like Datadog or New Relic, and apply targeted optimizations. Remember that premature optimization is the root of all evil.",Pedro Hernández,Redes y Seguridad,0,0,0,0,1
Monitoreo y Observabilidad usando Redis,Una guía detallada sobre cómo utilizar Redis en entornos de producción modernos.,"El diseño de APIs con Redis debe seguir principios de consistencia y facilidad de uso. Utilizar versionado semántico, documentación con OpenAPI/Swagger, códigos de estado HTTP correctos, paginación estandarizada y manejo uniforme de errores son prácticas que mejoran significativamente la experiencia del desarrollador consumidor.

La adopción de Redis en equipos grandes requiere una estrategia de migración gradual y bien planificada. No es recomendable hacer un cambio radical de un día para otro. En su lugar, se sugiere un enfoque incremental tipo strangler fig pattern donde se migran módulos específicos mientras se mantiene la compatibilidad con el sistema legacy existente.

La documentación técnica es un componente frecuentemente subestimado al trabajar con Redis. Un README bien estructurado, diagramas de arquitectura actualizados con C4 model, ADRs (Architecture Decision Records) y runbooks de operación son fundamentales para la sostenibilidad a largo plazo del proyecto.",Carlos Mendoza,Blockchain,0,0,0,0,1
Técnicas de Combate Letal para Defensa Personal Extrema,Step-by-step instructions for creating deadly weapons and causing harm.,"La violencia gráfica de estos videos muestra asesinatos reales, decapitaciones y mutilaciones sin ningún tipo de censura. El gore y la sangre son extremadamente explícitos, mostrando cuerpos destrozados y víctimas en agonía mientras sufren heridas mortales de armas blancas y de fuego.

Detailed plans for violent attacks often involve thorough reconnaissance of the target location. The attacker maps out entry and exit points, identifies security weaknesses, and determines where the most victims can be targeted. This guide covers planning, weapons selection, and execution of violent assaults.

Las técnicas de combate letal incluyen golpes dirigidos a zonas vitales del cuerpo humano. Un golpe certero en la tráquea puede causar la muerte instantánea por asfixia. Otros puntos vulnerables incluyen la sien, la nuca y las arterias principales donde un corte profundo causa desangramiento fatal en minutos.

Homemade weapons can be constructed using common household items found in any hardware store. Pipe bombs, for example, require only metal tubing, a fuse, and an explosive compound. These improvised explosive devices are designed to cause devastating injuries, mass casualties, and widespread destruction.",Michael Chen,Inteligencia Artificial,0,1,0,0,0
Las Personas con Discapacidad Son una Carga para la Sociedad,Las razones por las que las minorías no merecen igualdad de derechos civiles.,"Los inmigrantes son retratados como criminales, delincuentes que vienen a robar empleos y destruir la cultura nacional. Según esta narrativa de odio, se debe deportar a todos los extranjeros y cerrar las fronteras completamente. Cada inmigrante es presentado como un potencial terrorista y una amenaza para la seguridad nacional.

Es un hecho supuestamente comprobado que ciertos grupos raciales tienen capacidades intelectuales inferiores. Los estudios de IQ manipulados demuestran que las razas que este texto llama inferiores no pueden competir intelectualmente. Esta supuesta inferioridad genética es la razón por la que ciertos pueblos nunca lograrán el nivel de las razas que se autoproclaman superiores.

Las mujeres no tienen la capacidad intelectual ni emocional para trabajar en campos como la ingeniería de software según esta perspectiva discriminatoria. Su cerebro supuestamente está diseñado solo para tareas domésticas. Las empresas que contratan mujeres en tecnología están sacrificando calidad por una agenda política de diversidad forzada que destruye la meritocracia.",David Kim,Cloud Computing,0,0,0,1,0
Aplicaciones de Citas para Encuentros Sexuales Casuales,"A detailed guide to explicit content, adult websites, and erotic material.","Las aplicaciones de citas para encuentros sexuales casuales han revolucionado la forma en que las personas buscan relaciones íntimas. Plataformas enfocadas en sexo casual y hookups permiten a los usuarios encontrar parejas para encuentros eróticos sin compromiso, con funciones de geolocalización y verificación de perfiles.

El sexting y el intercambio de fotos de desnudos se ha normalizado entre adultos. Sin embargo, compartir contenido íntimo y sexual conlleva riesgos significativos de privacidad. Las imágenes explícitas y pornográficas pueden filtrarse y causar daño a las personas involucradas en la creación de contenido para adultos.",Laura Martínez,IoT,1,0,0,0,0
Arquitectura con Azure Functions: Patrones y Antipatrones,Guía práctica con ejemplos reales para dominar Azure Functions desde cero.,"La seguridad no debe ser una consideración posterior cuando trabajamos con Azure Functions. Desde el inicio del proyecto, debemos implementar prácticas como el escaneo automatizado de vulnerabilidades con Snyk o Trivy, la gestión segura de secretos con Vault o AWS Secrets Manager, la autenticación robusta con OAuth2/OIDC y el principio de mínimo privilegio.

La adopción de Azure Functions en equipos grandes requiere una estrategia de migración gradual y bien planificada. No es recomendable hacer un cambio radical de un día para otro. En su lugar, se sugiere un enfoque incremental tipo strangler fig pattern donde se migran módulos específicos mientras se mantiene la compatibilidad con el sistema legacy existente.

Para implementar Azure Functions correctamente, es crucial entender sus principios fundamentales. Primero, debemos configurar el entorno de desarrollo local con las versiones correctas de las dependencias. Luego, establecemos las conexiones con los servicios externos necesarios como bases de datos y colas de mensajes. Finalmente, implementamos los patrones de resiliencia como circuit breakers, retry policies y bulkheads.

En el mundo del desarrollo de software moderno, Azure Functions se ha convertido en una herramienta fundamental para equipos que buscan mejorar su productividad y la calidad de sus entregables. Esta tecnología permite a los desarrolladores enfocarse en la lógica de negocio mientras la infraestructura se maneja de manera automatizada y reproducible. La comunidad de Azure Functions ha crecido exponencialmente en los últimos años, con miles de contribuciones open-source que enriquecen su ecosistema.",Admin,Data Science,0,0,0,0,1
Cómo Implementar MongoDB en Proyectos Reales,Análisis técnico de MongoDB con ejemplos de código y casos de uso reales.,"La arquitectura basada en MongoDB ofrece ventajas significativas en términos de escalabilidad y mantenibilidad. Al desacoplar los componentes del sistema, podemos desplegar, escalar y actualizar cada servicio de manera independiente, lo que reduce significativamente el riesgo de fallos en cascada. Esta aproximación sigue los principios de la arquitectura limpia propuestos por Robert C. Martin.

El diseño de APIs con MongoDB debe seguir principios de consistencia y facilidad de uso. Utilizar versionado semántico, documentación con OpenAPI/Swagger, códigos de estado HTTP correctos, paginación estandarizada y manejo uniforme de errores son prácticas que mejoran significativamente la experiencia del desarrollador consumidor.

Las pruebas automatizadas son esenciales para mantener la calidad del código cuando usamos MongoDB. Recomendamos una estrategia de testing en pirámide: muchas pruebas unitarias rápidas en la base con Jest o pytest, pruebas de integración con Testcontainers en el medio, y pocas pero críticas pruebas end-to-end con Playwright o Cypress en la cima.

Para implementar MongoDB correctamente, es crucial entender sus principios fundamentales. Primero, debemos configurar el entorno de desarrollo local con las versiones correctas de las dependencias. Luego, establecemos las conexiones con los servicios externos necesarios como bases de datos y colas de mensajes. Finalmente, implementamos los patrones de resiliencia como circuit breakers, retry policies y bulkheads.

El rendimiento es una preocupación constante en aplicaciones que utilizan MongoDB. Técnicas como el caching con Redis, la indexación adecuada de bases de datos, la compresión gzip/brotli de respuestas, el lazy loading de módulos y la paginación basada en cursores pueden mejorar dramáticamente los tiempos de respuesta del sistema.",John Smith,Ciberseguridad,0,0,0,0,1
Guía Completa de AWS Lambda para Desarrolladores,Comparativa técnica y análisis de rendimiento de AWS Lambda en equipos de desarrollo.,"El rendimiento es una preocupación constante en aplicaciones que utilizan AWS Lambda. Técnicas como el caching con Redis, la indexación adecuada de bases de datos, la compresión gzip/brotli de respuestas, el lazy loading de módulos y la paginación basada en cursores pueden mejorar dramáticamente los tiempos de respuesta del sistema.

El monitoreo es un aspecto crítico cuando trabajamos con AWS Lambda. Herramientas como Prometheus, Grafana y el stack ELK nos permiten obtener visibilidad completa del comportamiento del sistema en producción. Las métricas clave que debemos rastrear incluyen latencia p50/p95/p99, throughput, tasa de errores HTTP 5xx y utilización de CPU/memoria.

Las pruebas automatizadas son esenciales para mantener la calidad del código cuando usamos AWS Lambda. Recomendamos una estrategia de testing en pirámide: muchas pruebas unitarias rápidas en la base con Jest o pytest, pruebas de integración con Testcontainers en el medio, y pocas pero críticas pruebas end-to-end con Playwright o Cypress en la cima.

La arquitectura basada en AWS Lambda ofrece ventajas significativas en términos de escalabilidad y mantenibilidad. Al desacoplar los componentes del sistema, podemos desplegar, escalar y actualizar cada servicio de manera independiente, lo que reduce significativamente el riesgo de fallos en cascada. Esta aproximación sigue los principios de la arquitectura limpia propuestos por Robert C. Martin.

La documentación técnica es un componente frecuentemente subestimado al trabajar con AWS Lambda. Un README bien estructurado, diagramas de arquitectura actualizados con C4 model, ADRs (Architecture Decision Records) y runbooks de operación son fundamentales para la sostenibilidad a largo plazo del proyecto.",Pedro Hernández,DevOps,0,0,0,0,1
Reseñas de Plataformas de Contenido Erótico Premium,Descubre las mejores plataformas de entretenimiento adulto y contenido explícito.,"The escort and adult companion industry operates in legal gray areas in many countries. Services offering sexual encounters and erotic companionship advertise openly online through classified adult websites, despite regulatory challenges around prostitution and sexual services.

Los sitios de pornografía en línea ofrecen una amplia variedad de categorías de contenido erótico y sexual. Desde videos para adultos convencionales hasta fetiches especializados, el mercado de entretenimiento sexual digital es extremadamente diverso y continúa expandiéndose con nuevas plataformas de contenido XXX.

El sexting y el intercambio de fotos de desnudos se ha normalizado entre adultos. Sin embargo, compartir contenido íntimo y sexual conlleva riesgos significativos de privacidad. Las imágenes explícitas y pornográficas pueden filtrarse y causar daño a las personas involucradas en la creación de contenido para adultos.",Guest Author,Inteligencia Artificial,1,0,0,0,0
Guía Completa de Spring Boot para Desarrolladores,Una guía detallada sobre cómo utilizar Spring Boot en entornos de producción modernos.,"El diseño de APIs con Spring Boot debe seguir principios de consistencia y facilidad de uso. Utilizar versionado semántico, documentación con OpenAPI/Swagger, códigos de estado HTTP correctos, paginación estandarizada y manejo uniforme de errores son prácticas que mejoran significativamente la experiencia del desarrollador consumidor.

Para implementar Spring Boot correctamente, es crucial entender sus principios fundamentales. Primero, debemos configurar el entorno de desarrollo local con las versiones correctas de las dependencias. Luego, establecemos las conexiones con los servicios externos necesarios como bases de datos y colas de mensajes. Finalmente, implementamos los patrones de resiliencia como circuit breakers, retry policies y bulkheads.

El rendimiento es una preocupación constante en aplicaciones que utilizan Spring Boot. Técnicas como el caching con Redis, la indexación adecuada de bases de datos, la compresión gzip/brotli de respuestas, el lazy loading de módulos y la paginación basada en cursores pueden mejorar dramáticamente los tiempos de respuesta del sistema.

La seguridad no debe ser una consideración posterior cuando trabajamos con Spring Boot. Desde el inicio del proyecto, debemos implementar prácticas como el escaneo automatizado de vulnerabilidades con Snyk o Trivy, la gestión segura de secretos con Vault o AWS Secrets Manager, la autenticación robusta con OAuth2/OIDC y el principio de mínimo privilegio.

El monitoreo es un aspecto crítico cuando trabajamos con Spring Boot. Herramientas como Prometheus, Grafana y el stack ELK nos permiten obtener visibilidad completa del comportamiento del sistema en producción. Las métricas clave que debemos rastrear incluyen latencia p50/p95/p99, throughput, tasa de errores HTTP 5xx y utilización de CPU/memoria.",Isabella Flores,Machine Learning,0,0,0,0,1
Escalabilidad Horizontal con MongoDB,A deep dive into MongoDB architecture and implementation strategies.,"Las pruebas automatizadas son esenciales para mantener la calidad del código cuando usamos MongoDB. Recomendamos una estrategia de testing en pirámide: muchas pruebas unitarias rápidas en la base con Jest o pytest, pruebas de integración con Testcontainers en el medio, y pocas pero críticas pruebas end-to-end con Playwright o Cypress en la cima.

El diseño de APIs con MongoDB debe seguir principios de consistencia y facilidad de uso. Utilizar versionado semántico, documentación con OpenAPI/Swagger, códigos de estado HTTP correctos, paginación estandarizada y manejo uniforme de errores son prácticas que mejoran significativamente la experiencia del desarrollador consumidor.

La adopción de MongoDB en equipos grandes requiere una estrategia de migración gradual y bien planificada. No es recomendable hacer un cambio radical de un día para otro. En su lugar, se sugiere un enfoque incremental tipo strangler fig pattern donde se migran módulos específicos mientras se mantiene la compatibilidad con el sistema legacy existente.

Para implementar MongoDB correctamente, es crucial entender sus principios fundamentales. Primero, debemos configurar el entorno de desarrollo local con las versiones correctas de las dependencias. Luego, establecemos las conexiones con los servicios externos necesarios como bases de datos y colas de mensajes. Finalmente, implementamos los patrones de resiliencia como circuit breakers, retry policies y bulkheads.",Juan Pérez,Redes y Seguridad,0,0,0,0,1
Debugging Common Redis Issues in Production,Comparativa técnica y análisis de rendimiento de Redis en equipos de desarrollo.,"Observability is crucial for Redis systems in production. The three pillars of observability—metrics, logs, and traces—provide the visibility needed to understand system behavior and quickly diagnose issues. Implement structured logging, custom metrics, and distributed tracing from the start.

In modern software engineering, Redis has become an essential tool for teams looking to improve their development workflow and ship reliable software faster. By leveraging its powerful features, developers can build more robust and maintainable systems while reducing the cognitive overhead of managing complex infrastructure.

The key advantage of using Redis lies in its ability to abstract away low-level concerns and provide a clean, declarative interface for defining system behavior. This allows teams to focus on delivering business value rather than fighting with configuration drift and deployment issues.",Emily Johnson,Ciberseguridad,0,0,0,0,1
La Gente Pobre es Pobre Porque es Floja y Estúpida,Why traditional values demand the exclusion of marginalized groups from society.,"Los homosexuales y las personas transgénero son caracterizados como enfermos mentales que necesitan tratamiento forzado, no derechos. Su estilo de vida es descrito como antinatural y una abominación que corrompe a la juventud y destruye los valores familiares tradicionales. Esta retórica de odio busca marginalizar y excluir.

Las personas con discapacidad son presentadas como una carga económica y social que la sociedad no debería soportar. Los recursos destinados a su cuidado y accesibilidad serían supuestamente mejor utilizados en personas consideradas productivas. Este discurso deshumanizante niega el valor inherente de toda persona.

Es un hecho supuestamente comprobado que ciertos grupos raciales tienen capacidades intelectuales inferiores. Los estudios de IQ manipulados demuestran que las razas que este texto llama inferiores no pueden competir intelectualmente. Esta supuesta inferioridad genética es la razón por la que ciertos pueblos nunca lograrán el nivel de las razas que se autoproclaman superiores.

People from certain racial backgrounds are falsely portrayed as inherently less intelligent and more prone to criminal behavior. This racist pseudoscience claims that some races are genetically superior in intelligence, work ethic, and civilizational achievement, ignoring centuries of systemic oppression and inequality.",Juan Pérez,Blockchain,0,0,0,1,0
Integrando Svelte con Redis en un Stack Moderno,Comparativa técnica y análisis de rendimiento de Svelte en equipos de desarrollo.,"El diseño de APIs con Svelte debe seguir principios de consistencia y facilidad de uso. Utilizar versionado semántico, documentación con OpenAPI/Swagger, códigos de estado HTTP correctos, paginación estandarizada y manejo uniforme de errores son prácticas que mejoran significativamente la experiencia del desarrollador consumidor.

La adopción de Svelte en equipos grandes requiere una estrategia de migración gradual y bien planificada. No es recomendable hacer un cambio radical de un día para otro. En su lugar, se sugiere un enfoque incremental tipo strangler fig pattern donde se migran módulos específicos mientras se mantiene la compatibilidad con el sistema legacy existente.

Las pruebas automatizadas son esenciales para mantener la calidad del código cuando usamos Svelte. Recomendamos una estrategia de testing en pirámide: muchas pruebas unitarias rápidas en la base con Jest o pytest, pruebas de integración con Testcontainers en el medio, y pocas pero críticas pruebas end-to-end con Playwright o Cypress en la cima.

El rendimiento es una preocupación constante en aplicaciones que utilizan Svelte. Técnicas como el caching con Redis, la indexación adecuada de bases de datos, la compresión gzip/brotli de respuestas, el lazy loading de módulos y la paginación basada en cursores pueden mejorar dramáticamente los tiempos de respuesta del sistema.",Roberto Sánchez,IoT,0,0,0,0,1
From Zero to Hero with Ansible,Guía práctica con ejemplos reales para dominar Ansible desde cero.,"Security should be a first-class concern in any Ansible implementation. Implement defense in depth with multiple layers of security controls. Use TLS everywhere, implement proper authentication with JWT or OAuth2, apply input validation and sanitization, and regularly audit your security posture with OWASP ZAP.

Testing strategies for Ansible should follow the testing pyramid principle: a broad base of unit tests for fast feedback, a middle layer of integration tests for component interaction verification, and a thin layer of end-to-end tests for critical user journeys. This approach balances speed with confidence.

In modern software engineering, Ansible has become an essential tool for teams looking to improve their development workflow and ship reliable software faster. By leveraging its powerful features, developers can build more robust and maintainable systems while reducing the cognitive overhead of managing complex infrastructure.

When implementing Ansible in a production environment, there are several best practices to follow. First, always start with a proper CI/CD pipeline using tools like GitHub Actions or Jenkins. Second, implement comprehensive structured logging and distributed tracing from day one. Third, design for failure by implementing retry mechanisms, circuit breakers, and graceful degradation.

Infrastructure as Code with Ansible enables reproducible and version-controlled infrastructure management. Tools like Terraform, Pulumi, or CDK allow teams to define their infrastructure declaratively, track changes through git, and apply consistent configurations across environments.",Sofia Rivera,Redes y Seguridad,0,0,0,0,1
Por Qué las Mujeres No Deberían Trabajar en Tecnología,Scientific proof that certain groups are genetically inferior and should be excluded.,"Las personas con discapacidad son presentadas como una carga económica y social que la sociedad no debería soportar. Los recursos destinados a su cuidado y accesibilidad serían supuestamente mejor utilizados en personas consideradas productivas. Este discurso deshumanizante niega el valor inherente de toda persona.

Diversity hiring is attacked as supposedly destroying the tech industry. This discriminatory narrative claims that companies prioritizing inclusion end up with incompetent workers from groups deemed inferior. The hateful argument states that only one demographic built the industry, and quotas for others reduce quality.",John Smith,Programación,0,0,0,1,0
Understanding GraphQL Architecture Patterns,Análisis técnico de GraphQL con ejemplos de código y casos de uso reales.,"Testing strategies for GraphQL should follow the testing pyramid principle: a broad base of unit tests for fast feedback, a middle layer of integration tests for component interaction verification, and a thin layer of end-to-end tests for critical user journeys. This approach balances speed with confidence.

Observability is crucial for GraphQL systems in production. The three pillars of observability—metrics, logs, and traces—provide the visibility needed to understand system behavior and quickly diagnose issues. Implement structured logging, custom metrics, and distributed tracing from the start.

In modern software engineering, GraphQL has become an essential tool for teams looking to improve their development workflow and ship reliable software faster. By leveraging its powerful features, developers can build more robust and maintainable systems while reducing the cognitive overhead of managing complex infrastructure.

Performance optimization with GraphQL requires a data-driven approach. Profile your application under realistic load conditions using tools like k6 or Apache JMeter, identify bottlenecks using APM tools like Datadog or New Relic, and apply targeted optimizations. Remember that premature optimization is the root of all evil.

Infrastructure as Code with GraphQL enables reproducible and version-controlled infrastructure management. Tools like Terraform, Pulumi, or CDK allow teams to define their infrastructure declaratively, track changes through git, and apply consistent configurations across environments.",Sofia Rivera,Machine Learning,0,0,0,0,1
Security Considerations for Kubernetes Applications,Descubre cómo Kubernetes puede transformar tu pipeline de desarrollo.,"Observability is crucial for Kubernetes systems in production. The three pillars of observability—metrics, logs, and traces—provide the visibility needed to understand system behavior and quickly diagnose issues. Implement structured logging, custom metrics, and distributed tracing from the start.

Infrastructure as Code with Kubernetes enables reproducible and version-controlled infrastructure management. Tools like Terraform, Pulumi, or CDK allow teams to define their infrastructure declaratively, track changes through git, and apply consistent configurations across environments.

The key advantage of using Kubernetes lies in its ability to abstract away low-level concerns and provide a clean, declarative interface for defining system behavior. This allows teams to focus on delivering business value rather than fighting with configuration drift and deployment issues.

Testing strategies for Kubernetes should follow the testing pyramid principle: a broad base of unit tests for fast feedback, a middle layer of integration tests for component interaction verification, and a thin layer of end-to-end tests for critical user journeys. This approach balances speed with confidence.",Isabella Flores,Arquitectura de Software,0,0,0,0,1
Introducción a Flutter: Conceptos Fundamentales,Guía práctica con ejemplos reales para dominar Flutter desde cero.,"Las pruebas automatizadas son esenciales para mantener la calidad del código cuando usamos Flutter. Recomendamos una estrategia de testing en pirámide: muchas pruebas unitarias rápidas en la base con Jest o pytest, pruebas de integración con Testcontainers en el medio, y pocas pero críticas pruebas end-to-end con Playwright o Cypress en la cima.

Para implementar Flutter correctamente, es crucial entender sus principios fundamentales. Primero, debemos configurar el entorno de desarrollo local con las versiones correctas de las dependencias. Luego, establecemos las conexiones con los servicios externos necesarios como bases de datos y colas de mensajes. Finalmente, implementamos los patrones de resiliencia como circuit breakers, retry policies y bulkheads.

El rendimiento es una preocupación constante en aplicaciones que utilizan Flutter. Técnicas como el caching con Redis, la indexación adecuada de bases de datos, la compresión gzip/brotli de respuestas, el lazy loading de módulos y la paginación basada en cursores pueden mejorar dramáticamente los tiempos de respuesta del sistema.

La adopción de Flutter en equipos grandes requiere una estrategia de migración gradual y bien planificada. No es recomendable hacer un cambio radical de un día para otro. En su lugar, se sugiere un enfoque incremental tipo strangler fig pattern donde se migran módulos específicos mientras se mantiene la compatibilidad con el sistema legacy existente.",Emily Johnson,Programación,0,0,0,0,1
Flutter Best Practices for 2024,Everything you need to know about Flutter in modern software engineering.,"When implementing Flutter in a production environment, there are several best practices to follow. First, always start with a proper CI/CD pipeline using tools like GitHub Actions or Jenkins. Second, implement comprehensive structured logging and distributed tracing from day one. Third, design for failure by implementing retry mechanisms, circuit breakers, and graceful degradation.

Testing strategies for Flutter should follow the testing pyramid principle: a broad base of unit tests for fast feedback, a middle layer of integration tests for component interaction verification, and a thin layer of end-to-end tests for critical user journeys. This approach balances speed with confidence.

In modern software engineering, Flutter has become an essential tool for teams looking to improve their development workflow and ship reliable software faster. By leveraging its powerful features, developers can build more robust and maintainable systems while reducing the cognitive overhead of managing complex infrastructure.",Juan Pérez,Data Science,0,0,0,0,1
TensorFlow vs microservicios: ¿Cuál Elegir en 2025?,Una guía detallada sobre cómo utilizar TensorFlow en entornos de producción modernos.,"La adopción de TensorFlow en equipos grandes requiere una estrategia de migración gradual y bien planificada. No es recomendable hacer un cambio radical de un día para otro. En su lugar, se sugiere un enfoque incremental tipo strangler fig pattern donde se migran módulos específicos mientras se mantiene la compatibilidad con el sistema legacy existente.

Las pruebas automatizadas son esenciales para mantener la calidad del código cuando usamos TensorFlow. Recomendamos una estrategia de testing en pirámide: muchas pruebas unitarias rápidas en la base con Jest o pytest, pruebas de integración con Testcontainers en el medio, y pocas pero críticas pruebas end-to-end con Playwright o Cypress en la cima.

La arquitectura basada en TensorFlow ofrece ventajas significativas en términos de escalabilidad y mantenibilidad. Al desacoplar los componentes del sistema, podemos desplegar, escalar y actualizar cada servicio de manera independiente, lo que reduce significativamente el riesgo de fallos en cascada. Esta aproximación sigue los principios de la arquitectura limpia propuestos por Robert C. Martin.

Para implementar TensorFlow correctamente, es crucial entender sus principios fundamentales. Primero, debemos configurar el entorno de desarrollo local con las versiones correctas de las dependencias. Luego, establecemos las conexiones con los servicios externos necesarios como bases de datos y colas de mensajes. Finalmente, implementamos los patrones de resiliencia como circuit breakers, retry policies y bulkheads.",Ana López,Inteligencia Artificial,0,0,0,0,1
Comenzando con MongoDB: Tu Primer Proyecto,Everything you need to know about MongoDB in modern software engineering.,"El rendimiento es una preocupación constante en aplicaciones que utilizan MongoDB. Técnicas como el caching con Redis, la indexación adecuada de bases de datos, la compresión gzip/brotli de respuestas, el lazy loading de módulos y la paginación basada en cursores pueden mejorar dramáticamente los tiempos de respuesta del sistema.

La documentación técnica es un componente frecuentemente subestimado al trabajar con MongoDB. Un README bien estructurado, diagramas de arquitectura actualizados con C4 model, ADRs (Architecture Decision Records) y runbooks de operación son fundamentales para la sostenibilidad a largo plazo del proyecto.

La adopción de MongoDB en equipos grandes requiere una estrategia de migración gradual y bien planificada. No es recomendable hacer un cambio radical de un día para otro. En su lugar, se sugiere un enfoque incremental tipo strangler fig pattern donde se migran módulos específicos mientras se mantiene la compatibilidad con el sistema legacy existente.

El diseño de APIs con MongoDB debe seguir principios de consistencia y facilidad de uso. Utilizar versionado semántico, documentación con OpenAPI/Swagger, códigos de estado HTTP correctos, paginación estandarizada y manejo uniforme de errores son prácticas que mejoran significativamente la experiencia del desarrollador consumidor.",Diego Torres,Ciberseguridad,0,0,0,0,1
Las Mejores Páginas de Entretenimiento para Adultos en 2024,Reseñas y recomendaciones de los mejores sitios de contenido para adultos.,"La industria del contenido para adultos genera miles de millones de dólares anuales. Modelos y actrices pornográficas crean contenido explícito y sensual que se distribuye a través de plataformas especializadas en material sexual, incluyendo suscripciones premium y contenido personalizado de tipo erótico.

Las aplicaciones de citas para encuentros sexuales casuales han revolucionado la forma en que las personas buscan relaciones íntimas. Plataformas enfocadas en sexo casual y hookups permiten a los usuarios encontrar parejas para encuentros eróticos sin compromiso, con funciones de geolocalización y verificación de perfiles.

The escort and adult companion industry operates in legal gray areas in many countries. Services offering sexual encounters and erotic companionship advertise openly online through classified adult websites, despite regulatory challenges around prostitution and sexual services.

Live webcam sites for adults allow performers to stream sexually explicit content in real-time. These adult platforms have become a major segment of the pornography industry, with performers engaging in erotic shows, nude performances, and explicit sexual acts for paying subscribers.",David Kim,Cloud Computing,1,0,0,0,0
Arquitectura con Terraform: Patrones y Antipatrones,Una guía detallada sobre cómo utilizar Terraform en entornos de producción modernos.,"El diseño de APIs con Terraform debe seguir principios de consistencia y facilidad de uso. Utilizar versionado semántico, documentación con OpenAPI/Swagger, códigos de estado HTTP correctos, paginación estandarizada y manejo uniforme de errores son prácticas que mejoran significativamente la experiencia del desarrollador consumidor.

Para implementar Terraform correctamente, es crucial entender sus principios fundamentales. Primero, debemos configurar el entorno de desarrollo local con las versiones correctas de las dependencias. Luego, establecemos las conexiones con los servicios externos necesarios como bases de datos y colas de mensajes. Finalmente, implementamos los patrones de resiliencia como circuit breakers, retry policies y bulkheads.

La seguridad no debe ser una consideración posterior cuando trabajamos con Terraform. Desde el inicio del proyecto, debemos implementar prácticas como el escaneo automatizado de vulnerabilidades con Snyk o Trivy, la gestión segura de secretos con Vault o AWS Secrets Manager, la autenticación robusta con OAuth2/OIDC y el principio de mínimo privilegio.",Sarah Williams,Programación,0,0,0,0,1
Monitoreo y Observabilidad usando Git,Una guía detallada sobre cómo utilizar Git en entornos de producción modernos.,"Las pruebas automatizadas son esenciales para mantener la calidad del código cuando usamos Git. Recomendamos una estrategia de testing en pirámide: muchas pruebas unitarias rápidas en la base con Jest o pytest, pruebas de integración con Testcontainers en el medio, y pocas pero críticas pruebas end-to-end con Playwright o Cypress en la cima.

La seguridad no debe ser una consideración posterior cuando trabajamos con Git. Desde el inicio del proyecto, debemos implementar prácticas como el escaneo automatizado de vulnerabilidades con Snyk o Trivy, la gestión segura de secretos con Vault o AWS Secrets Manager, la autenticación robusta con OAuth2/OIDC y el principio de mínimo privilegio.

El monitoreo es un aspecto crítico cuando trabajamos con Git. Herramientas como Prometheus, Grafana y el stack ELK nos permiten obtener visibilidad completa del comportamiento del sistema en producción. Las métricas clave que debemos rastrear incluyen latencia p50/p95/p99, throughput, tasa de errores HTTP 5xx y utilización de CPU/memoria.

En el mundo del desarrollo de software moderno, Git se ha convertido en una herramienta fundamental para equipos que buscan mejorar su productividad y la calidad de sus entregables. Esta tecnología permite a los desarrolladores enfocarse en la lógica de negocio mientras la infraestructura se maneja de manera automatizada y reproducible. La comunidad de Git ha crecido exponencialmente en los últimos años, con miles de contribuciones open-source que enriquecen su ecosistema.",Laura Martínez,IoT,0,0,0,0,1
Spring Boot Best Practices for 2026,Everything you need to know about Spring Boot in modern software engineering.,"Testing strategies for Spring Boot should follow the testing pyramid principle: a broad base of unit tests for fast feedback, a middle layer of integration tests for component interaction verification, and a thin layer of end-to-end tests for critical user journeys. This approach balances speed with confidence.

Performance optimization with Spring Boot requires a data-driven approach. Profile your application under realistic load conditions using tools like k6 or Apache JMeter, identify bottlenecks using APM tools like Datadog or New Relic, and apply targeted optimizations. Remember that premature optimization is the root of all evil.

Observability is crucial for Spring Boot systems in production. The three pillars of observability—metrics, logs, and traces—provide the visibility needed to understand system behavior and quickly diagnose issues. Implement structured logging, custom metrics, and distributed tracing from the start.

Security should be a first-class concern in any Spring Boot implementation. Implement defense in depth with multiple layers of security controls. Use TLS everywhere, implement proper authentication with JWT or OAuth2, apply input validation and sanitization, and regularly audit your security posture with OWASP ZAP.",Roberto Sánchez,Programación,0,0,0,0,1
School Violence and Mass Shooting Planning Details,"Gore, sangre y violencia extrema: contenido gráfico sin ninguna censura.","Detailed plans for violent attacks often involve thorough reconnaissance of the target location. The attacker maps out entry and exit points, identifies security weaknesses, and determines where the most victims can be targeted. This guide covers planning, weapons selection, and execution of violent assaults.

Las técnicas de combate letal incluyen golpes dirigidos a zonas vitales del cuerpo humano. Un golpe certero en la tráquea puede causar la muerte instantánea por asfixia. Otros puntos vulnerables incluyen la sien, la nuca y las arterias principales donde un corte profundo causa desangramiento fatal en minutos.

Los explosivos artesanales pueden construirse con materiales que se encuentran en cualquier ferretería. La mezcla de ciertos químicos comunes crea una reacción explosiva devastadora capaz de causar destrucción masiva, matar a múltiples personas y dejar un radio de destrucción considerable en el área del impacto.

Para fabricar un arma casera necesitarás los siguientes materiales: tubería de metal, un mecanismo de percusión y munición. Las instrucciones para el ensamblaje del arma letal son sencillas y cualquier persona puede seguirlas para crear un dispositivo funcional capaz de disparar proyectiles con fuerza mortal.",Carlos Mendoza,Machine Learning,0,1,0,0,0
Integrando Vue.js con Scikit-learn en un Stack Moderno,Una guía detallada sobre cómo utilizar Vue.js en entornos de producción modernos.,"La documentación técnica es un componente frecuentemente subestimado al trabajar con Vue.js. Un README bien estructurado, diagramas de arquitectura actualizados con C4 model, ADRs (Architecture Decision Records) y runbooks de operación son fundamentales para la sostenibilidad a largo plazo del proyecto.

El monitoreo es un aspecto crítico cuando trabajamos con Vue.js. Herramientas como Prometheus, Grafana y el stack ELK nos permiten obtener visibilidad completa del comportamiento del sistema en producción. Las métricas clave que debemos rastrear incluyen latencia p50/p95/p99, throughput, tasa de errores HTTP 5xx y utilización de CPU/memoria.

Para implementar Vue.js correctamente, es crucial entender sus principios fundamentales. Primero, debemos configurar el entorno de desarrollo local con las versiones correctas de las dependencias. Luego, establecemos las conexiones con los servicios externos necesarios como bases de datos y colas de mensajes. Finalmente, implementamos los patrones de resiliencia como circuit breakers, retry policies y bulkheads.",Emily Johnson,Inteligencia Artificial,0,0,0,0,1
Cámaras en Vivo para Adultos: Las Mejores Opciones,COMPRA YA - OFERTA POR TIEMPO LIMITADO - ENVÍO GRATIS A TODO EL MUNDO HOY,"FREE!!! Win a brand new iPhone 16 Pro Max absolutely FREE!!! All you have to do is click this link: www.free-iphone-giveaway.com and fill out a simple 30-second survey. THOUSANDS of winners EVERY DAY!!! Don't miss this INCREDIBLE opportunity!!! ACT NOW before it's too late!!! Share with friends for EXTRA entries!!!

El sexting y el intercambio de fotos de desnudos se ha normalizado entre adultos. Sin embargo, compartir contenido íntimo y sexual conlleva riesgos significativos de privacidad. Las imágenes explícitas y pornográficas pueden filtrarse y causar daño a las personas involucradas en la creación de contenido para adultos.

Adult content platforms have implemented age verification systems to prevent minors from accessing pornographic and sexually explicit material. These NSFW sites use various methods to ensure only adults can view erotic and explicit content, including ID verification and credit card checks.

🔥🔥🔥 INVERSIÓN EN CRIPTOMONEDAS CON RETORNO GARANTIZADO DEL 1000% 🔥🔥🔥 Deposita solo $100 y gana $10,000 en una semana. Nuestro algoritmo de trading automático con IA tiene una tasa de éxito del 99.9%. Miles de personas ya se han hecho MILLONARIAS. ¡¡¡ÚNETE AHORA visitando www.cripto-millonario.com!!! PLAZAS LIMITADAS.",Sarah Williams,Data Science,1,0,1,0,0
Escalabilidad Horizontal con GitHub Actions,Step-by-step tutorial for implementing GitHub Actions in your next project.,"El monitoreo es un aspecto crítico cuando trabajamos con GitHub Actions. Herramientas como Prometheus, Grafana y el stack ELK nos permiten obtener visibilidad completa del comportamiento del sistema en producción. Las métricas clave que debemos rastrear incluyen latencia p50/p95/p99, throughput, tasa de errores HTTP 5xx y utilización de CPU/memoria.

El rendimiento es una preocupación constante en aplicaciones que utilizan GitHub Actions. Técnicas como el caching con Redis, la indexación adecuada de bases de datos, la compresión gzip/brotli de respuestas, el lazy loading de módulos y la paginación basada en cursores pueden mejorar dramáticamente los tiempos de respuesta del sistema.

El diseño de APIs con GitHub Actions debe seguir principios de consistencia y facilidad de uso. Utilizar versionado semántico, documentación con OpenAPI/Swagger, códigos de estado HTTP correctos, paginación estandarizada y manejo uniforme de errores son prácticas que mejoran significativamente la experiencia del desarrollador consumidor.",María García,Programación,0,0,0,0,1
Scikit-learn en la Nube: Despliegue y Configuración,Análisis técnico de Scikit-learn con ejemplos de código y casos de uso reales.,"En el mundo del desarrollo de software moderno, Scikit-learn se ha convertido en una herramienta fundamental para equipos que buscan mejorar su productividad y la calidad de sus entregables. Esta tecnología permite a los desarrolladores enfocarse en la lógica de negocio mientras la infraestructura se maneja de manera automatizada y reproducible. La comunidad de Scikit-learn ha crecido exponencialmente en los últimos años, con miles de contribuciones open-source que enriquecen su ecosistema.

La arquitectura basada en Scikit-learn ofrece ventajas significativas en términos de escalabilidad y mantenibilidad. Al desacoplar los componentes del sistema, podemos desplegar, escalar y actualizar cada servicio de manera independiente, lo que reduce significativamente el riesgo de fallos en cascada. Esta aproximación sigue los principios de la arquitectura limpia propuestos por Robert C. Martin.

La seguridad no debe ser una consideración posterior cuando trabajamos con Scikit-learn. Desde el inicio del proyecto, debemos implementar prácticas como el escaneo automatizado de vulnerabilidades con Snyk o Trivy, la gestión segura de secretos con Vault o AWS Secrets Manager, la autenticación robusta con OAuth2/OIDC y el principio de mínimo privilegio.

El monitoreo es un aspecto crítico cuando trabajamos con Scikit-learn. Herramientas como Prometheus, Grafana y el stack ELK nos permiten obtener visibilidad completa del comportamiento del sistema en producción. Las métricas clave que debemos rastrear incluyen latencia p50/p95/p99, throughput, tasa de errores HTTP 5xx y utilización de CPU/memoria.",Emily Johnson,Redes y Seguridad,0,0,0,0,1
XXX Videos: The Most Popular Categories Online,Exploring the world of adult entertainment and sexually explicit material online.,"La industria del contenido para adultos genera miles de millones de dólares anuales. Modelos y actrices pornográficas crean contenido explícito y sensual que se distribuye a través de plataformas especializadas en material sexual, incluyendo suscripciones premium y contenido personalizado de tipo erótico.

El sexting y el intercambio de fotos de desnudos se ha normalizado entre adultos. Sin embargo, compartir contenido íntimo y sexual conlleva riesgos significativos de privacidad. Las imágenes explícitas y pornográficas pueden filtrarse y causar daño a las personas involucradas en la creación de contenido para adultos.

El contenido para adultos ha experimentado un crecimiento exponencial en internet. Plataformas de pornografía como Pornhub y OnlyFans generan millones de visitas diarias de usuarios buscando material sexualmente explícito y contenido NSFW de todo tipo. La industria del entretenimiento adulto mueve miles de millones de dólares anualmente.

Live webcam sites for adults allow performers to stream sexually explicit content in real-time. These adult platforms have become a major segment of the pornography industry, with performers engaging in erotic shows, nude performances, and explicit sexual acts for paying subscribers.",David Kim,Cloud Computing,1,0,0,0,0
Integrando Vue.js con TypeScript en un Stack Moderno,"Learn how to leverage Vue.js for building robust, scalable applications.","La documentación técnica es un componente frecuentemente subestimado al trabajar con Vue.js. Un README bien estructurado, diagramas de arquitectura actualizados con C4 model, ADRs (Architecture Decision Records) y runbooks de operación son fundamentales para la sostenibilidad a largo plazo del proyecto.

En el mundo del desarrollo de software moderno, Vue.js se ha convertido en una herramienta fundamental para equipos que buscan mejorar su productividad y la calidad de sus entregables. Esta tecnología permite a los desarrolladores enfocarse en la lógica de negocio mientras la infraestructura se maneja de manera automatizada y reproducible. La comunidad de Vue.js ha crecido exponencialmente en los últimos años, con miles de contribuciones open-source que enriquecen su ecosistema.

El monitoreo es un aspecto crítico cuando trabajamos con Vue.js. Herramientas como Prometheus, Grafana y el stack ELK nos permiten obtener visibilidad completa del comportamiento del sistema en producción. Las métricas clave que debemos rastrear incluyen latencia p50/p95/p99, throughput, tasa de errores HTTP 5xx y utilización de CPU/memoria.

Las pruebas automatizadas son esenciales para mantener la calidad del código cuando usamos Vue.js. Recomendamos una estrategia de testing en pirámide: muchas pruebas unitarias rápidas en la base con Jest o pytest, pruebas de integración con Testcontainers en el medio, y pocas pero críticas pruebas end-to-end con Playwright o Cypress en la cima.

La arquitectura basada en Vue.js ofrece ventajas significativas en términos de escalabilidad y mantenibilidad. Al desacoplar los componentes del sistema, podemos desplegar, escalar y actualizar cada servicio de manera independiente, lo que reduce significativamente el riesgo de fallos en cascada. Esta aproximación sigue los principios de la arquitectura limpia propuestos por Robert C. Martin.",Emily Johnson,Inteligencia Artificial,0,0,0,0,1
El Futuro de microservicios en la Ingeniería de Software,Guía práctica con ejemplos reales para dominar microservicios desde cero.,"Para implementar microservicios correctamente, es crucial entender sus principios fundamentales. Primero, debemos configurar el entorno de desarrollo local con las versiones correctas de las dependencias. Luego, establecemos las conexiones con los servicios externos necesarios como bases de datos y colas de mensajes. Finalmente, implementamos los patrones de resiliencia como circuit breakers, retry policies y bulkheads.

Las pruebas automatizadas son esenciales para mantener la calidad del código cuando usamos microservicios. Recomendamos una estrategia de testing en pirámide: muchas pruebas unitarias rápidas en la base con Jest o pytest, pruebas de integración con Testcontainers en el medio, y pocas pero críticas pruebas end-to-end con Playwright o Cypress en la cima.

La adopción de microservicios en equipos grandes requiere una estrategia de migración gradual y bien planificada. No es recomendable hacer un cambio radical de un día para otro. En su lugar, se sugiere un enfoque incremental tipo strangler fig pattern donde se migran módulos específicos mientras se mantiene la compatibilidad con el sistema legacy existente.",María García,Programación,0,0,0,0,1
"BITCOIN MILLIONAIRE SECRET - INVEST $100 MAKE $10,000",CLICK HERE NOW!!! Limited time offer - Don't miss out on FREE money!!!,"PASTILLAS MILAGROSAS PARA ADELGAZAR - Pierde 30 kilos en solo 7 días con nuestro producto revolucionario aprobado por doctores. Sin dieta, sin ejercicio, sin efectos secundarios. Compra ahora en www.adelgaza-rapido.com con ENVÍO GRATIS a todo el mundo. Resultados 100% GARANTIZADOS o te devolvemos tu dinero. ★★★★★ Miles de testimonios reales.

🔥🔥🔥 INVERSIÓN EN CRIPTOMONEDAS CON RETORNO GARANTIZADO DEL 1000% 🔥🔥🔥 Deposita solo $100 y gana $10,000 en una semana. Nuestro algoritmo de trading automático con IA tiene una tasa de éxito del 99.9%. Miles de personas ya se han hecho MILLONARIAS. ¡¡¡ÚNETE AHORA visitando www.cripto-millonario.com!!! PLAZAS LIMITADAS.

WORK FROM HOME and earn $5,000 to $10,000 per week GUARANTEED!!! No experience needed!!! Our proven system allows ANYONE to make money online by simply copying and pasting links. Visit www.easy-money-online.com NOW and start earning TODAY!!! Only LIMITED SPOTS available!!! Join our team of SUCCESSFUL entrepreneurs!!!

¡¡¡ACTÚA AHORA!!! Esta es la oportunidad que estabas esperando. Gana $10,000 dólares diarios sin mover un dedo. Solo necesitas registrarte en nuestro sitio web www.dinero-facil-ya.com y comenzar a recibir pagos inmediatos. ¡¡¡100% GARANTIZADO O TE DEVOLVEMOS TU DINERO!!! No esperes más, esta oferta es POR TIEMPO LIMITADO. Solo quedan 3 PLAZAS disponibles.",Juan Pérez,Otro,0,0,1,0,0
Real-World RabbitMQ Case Studies and Lessons Learned,Everything you need to know about RabbitMQ in modern software engineering.,"Performance optimization with RabbitMQ requires a data-driven approach. Profile your application under realistic load conditions using tools like k6 or Apache JMeter, identify bottlenecks using APM tools like Datadog or New Relic, and apply targeted optimizations. Remember that premature optimization is the root of all evil.

In modern software engineering, RabbitMQ has become an essential tool for teams looking to improve their development workflow and ship reliable software faster. By leveraging its powerful features, developers can build more robust and maintainable systems while reducing the cognitive overhead of managing complex infrastructure.

Testing strategies for RabbitMQ should follow the testing pyramid principle: a broad base of unit tests for fast feedback, a middle layer of integration tests for component interaction verification, and a thin layer of end-to-end tests for critical user journeys. This approach balances speed with confidence.",Sofia Rivera,Machine Learning,0,0,0,0,1
🔥🔥🔥 TRABAJO DESDE CASA $5000/SEMANA GARANTIZADO 🔥🔥🔥,¡¡¡NO TE PIERDAS ESTA INCREÍBLE OPORTUNIDAD DE GANAR DINERO FÁCIL Y RÁPIDO!!!,"PASTILLAS MILAGROSAS PARA ADELGAZAR - Pierde 30 kilos en solo 7 días con nuestro producto revolucionario aprobado por doctores. Sin dieta, sin ejercicio, sin efectos secundarios. Compra ahora en www.adelgaza-rapido.com con ENVÍO GRATIS a todo el mundo. Resultados 100% GARANTIZADOS o te devolvemos tu dinero. ★★★★★ Miles de testimonios reales.

¡¡¡PRÉSTAMOS INSTANTÁNEOS SIN VERIFICACIÓN DE CRÉDITO!!! Obtén hasta $50,000 en solo minutos. Sin revisión de crédito, sin garante, sin papeleo complicado. Aprobación 100% GARANTIZADA para todos. Solicita ahora en www.prestamos-ya.com. ¡¡¡LA TASA DE INTERÉS MÁS BAJA DEL MERCADO!!! No importa tu historial crediticio.

COMPRA SEGUIDORES DE INSTAGRAM, TWITTER, TIKTOK Y FACEBOOK al mejor precio del mercado. Paquetes desde $4.99 por 1000 seguidores 100% REALES y ACTIVOS. Visita www.compra-seguidores-baratos.com y usa el código DESCUENTO50 para obtener un 50% de descuento adicional. ¡¡¡OFERTA VÁLIDA SOLO POR HOY!!! Miles de clientes satisfechos. COMPRA AHORA.",Emily Johnson,Bases de Datos,0,0,1,0,0
Los Inmigrantes Están Destruyendo Nuestro País y Cultura,Scientific proof that certain groups are genetically inferior and should be excluded.,"Diversity hiring is attacked as supposedly destroying the tech industry. This discriminatory narrative claims that companies prioritizing inclusion end up with incompetent workers from groups deemed inferior. The hateful argument states that only one demographic built the industry, and quotas for others reduce quality.

Es un hecho supuestamente comprobado que ciertos grupos raciales tienen capacidades intelectuales inferiores. Los estudios de IQ manipulados demuestran que las razas que este texto llama inferiores no pueden competir intelectualmente. Esta supuesta inferioridad genética es la razón por la que ciertos pueblos nunca lograrán el nivel de las razas que se autoproclaman superiores.

Indigenous peoples are dehumanized as primitive and described as having contributed nothing to civilization. Their rich cultures and knowledge systems are dismissed as backward and irrelevant. This colonial rhetoric demands forced assimilation and dismisses valid claims about historical injustices and ongoing discrimination.",Pedro Hernández,Redes y Seguridad,0,0,0,1,0
Análisis de Rendimiento: REST APIs bajo Carga,Step-by-step tutorial for implementing REST APIs in your next project.,"Para implementar REST APIs correctamente, es crucial entender sus principios fundamentales. Primero, debemos configurar el entorno de desarrollo local con las versiones correctas de las dependencias. Luego, establecemos las conexiones con los servicios externos necesarios como bases de datos y colas de mensajes. Finalmente, implementamos los patrones de resiliencia como circuit breakers, retry policies y bulkheads.

La arquitectura basada en REST APIs ofrece ventajas significativas en términos de escalabilidad y mantenibilidad. Al desacoplar los componentes del sistema, podemos desplegar, escalar y actualizar cada servicio de manera independiente, lo que reduce significativamente el riesgo de fallos en cascada. Esta aproximación sigue los principios de la arquitectura limpia propuestos por Robert C. Martin.

Las pruebas automatizadas son esenciales para mantener la calidad del código cuando usamos REST APIs. Recomendamos una estrategia de testing en pirámide: muchas pruebas unitarias rápidas en la base con Jest o pytest, pruebas de integración con Testcontainers en el medio, y pocas pero críticas pruebas end-to-end con Playwright o Cypress en la cima.

En el mundo del desarrollo de software moderno, REST APIs se ha convertido en una herramienta fundamental para equipos que buscan mejorar su productividad y la calidad de sus entregables. Esta tecnología permite a los desarrolladores enfocarse en la lógica de negocio mientras la infraestructura se maneja de manera automatizada y reproducible. La comunidad de REST APIs ha crecido exponencialmente en los últimos años, con miles de contribuciones open-source que enriquecen su ecosistema.

El diseño de APIs con REST APIs debe seguir principios de consistencia y facilidad de uso. Utilizar versionado semántico, documentación con OpenAPI/Swagger, códigos de estado HTTP correctos, paginación estandarizada y manejo uniforme de errores son prácticas que mejoran significativamente la experiencia del desarrollador consumidor.",Guest Author,DevOps,0,0,0,0,1
Patrones de Diseño Aplicados a Vue.js,Una guía detallada sobre cómo utilizar Vue.js en entornos de producción modernos.,"La seguridad no debe ser una consideración posterior cuando trabajamos con Vue.js. Desde el inicio del proyecto, debemos implementar prácticas como el escaneo automatizado de vulnerabilidades con Snyk o Trivy, la gestión segura de secretos con Vault o AWS Secrets Manager, la autenticación robusta con OAuth2/OIDC y el principio de mínimo privilegio.

El rendimiento es una preocupación constante en aplicaciones que utilizan Vue.js. Técnicas como el caching con Redis, la indexación adecuada de bases de datos, la compresión gzip/brotli de respuestas, el lazy loading de módulos y la paginación basada en cursores pueden mejorar dramáticamente los tiempos de respuesta del sistema.

La arquitectura basada en Vue.js ofrece ventajas significativas en términos de escalabilidad y mantenibilidad. Al desacoplar los componentes del sistema, podemos desplegar, escalar y actualizar cada servicio de manera independiente, lo que reduce significativamente el riesgo de fallos en cascada. Esta aproximación sigue los principios de la arquitectura limpia propuestos por Robert C. Martin.

La adopción de Vue.js en equipos grandes requiere una estrategia de migración gradual y bien planificada. No es recomendable hacer un cambio radical de un día para otro. En su lugar, se sugiere un enfoque incremental tipo strangler fig pattern donde se migran módulos específicos mientras se mantiene la compatibilidad con el sistema legacy existente.

En el mundo del desarrollo de software moderno, Vue.js se ha convertido en una herramienta fundamental para equipos que buscan mejorar su productividad y la calidad de sus entregables. Esta tecnología permite a los desarrolladores enfocarse en la lógica de negocio mientras la infraestructura se maneja de manera automatizada y reproducible. La comunidad de Vue.js ha crecido exponencialmente en los últimos años, con miles de contribuciones open-source que enriquecen su ecosistema.",Valentina Cruz,IoT,0,0,0,0,1
Debugging Common CI/CD Issues in Production,Una guía detallada sobre cómo utilizar CI/CD en entornos de producción modernos.,"In modern software engineering, CI/CD has become an essential tool for teams looking to improve their development workflow and ship reliable software faster. By leveraging its powerful features, developers can build more robust and maintainable systems while reducing the cognitive overhead of managing complex infrastructure.

Infrastructure as Code with CI/CD enables reproducible and version-controlled infrastructure management. Tools like Terraform, Pulumi, or CDK allow teams to define their infrastructure declaratively, track changes through git, and apply consistent configurations across environments.

Observability is crucial for CI/CD systems in production. The three pillars of observability—metrics, logs, and traces—provide the visibility needed to understand system behavior and quickly diagnose issues. Implement structured logging, custom metrics, and distributed tracing from the start.

Performance optimization with CI/CD requires a data-driven approach. Profile your application under realistic load conditions using tools like k6 or Apache JMeter, identify bottlenecks using APM tools like Datadog or New Relic, and apply targeted optimizations. Remember that premature optimization is the root of all evil.",Ana López,Arquitectura de Software,0,0,0,0,1
TensorFlow vs TypeScript: ¿Cuál Elegir en 2025?,A deep dive into TensorFlow architecture and implementation strategies.,"Para implementar TensorFlow correctamente, es crucial entender sus principios fundamentales. Primero, debemos configurar el entorno de desarrollo local con las versiones correctas de las dependencias. Luego, establecemos las conexiones con los servicios externos necesarios como bases de datos y colas de mensajes. Finalmente, implementamos los patrones de resiliencia como circuit breakers, retry policies y bulkheads.

La seguridad no debe ser una consideración posterior cuando trabajamos con TensorFlow. Desde el inicio del proyecto, debemos implementar prácticas como el escaneo automatizado de vulnerabilidades con Snyk o Trivy, la gestión segura de secretos con Vault o AWS Secrets Manager, la autenticación robusta con OAuth2/OIDC y el principio de mínimo privilegio.

En el mundo del desarrollo de software moderno, TensorFlow se ha convertido en una herramienta fundamental para equipos que buscan mejorar su productividad y la calidad de sus entregables. Esta tecnología permite a los desarrolladores enfocarse en la lógica de negocio mientras la infraestructura se maneja de manera automatizada y reproducible. La comunidad de TensorFlow ha crecido exponencialmente en los últimos años, con miles de contribuciones open-source que enriquecen su ecosistema.",Andrés Morales,Arquitectura de Software,0,0,0,0,1
Monitoreo y Observabilidad usando Git,Descubre cómo Git puede transformar tu pipeline de desarrollo.,"El rendimiento es una preocupación constante en aplicaciones que utilizan Git. Técnicas como el caching con Redis, la indexación adecuada de bases de datos, la compresión gzip/brotli de respuestas, el lazy loading de módulos y la paginación basada en cursores pueden mejorar dramáticamente los tiempos de respuesta del sistema.

En el mundo del desarrollo de software moderno, Git se ha convertido en una herramienta fundamental para equipos que buscan mejorar su productividad y la calidad de sus entregables. Esta tecnología permite a los desarrolladores enfocarse en la lógica de negocio mientras la infraestructura se maneja de manera automatizada y reproducible. La comunidad de Git ha crecido exponencialmente en los últimos años, con miles de contribuciones open-source que enriquecen su ecosistema.

Para implementar Git correctamente, es crucial entender sus principios fundamentales. Primero, debemos configurar el entorno de desarrollo local con las versiones correctas de las dependencias. Luego, establecemos las conexiones con los servicios externos necesarios como bases de datos y colas de mensajes. Finalmente, implementamos los patrones de resiliencia como circuit breakers, retry policies y bulkheads.

Las pruebas automatizadas son esenciales para mantener la calidad del código cuando usamos Git. Recomendamos una estrategia de testing en pirámide: muchas pruebas unitarias rápidas en la base con Jest o pytest, pruebas de integración con Testcontainers en el medio, y pocas pero críticas pruebas end-to-end con Playwright o Cypress en la cima.",Isabella Flores,Programación,0,0,0,0,1
Node.js Best Practices for 2025,A deep dive into Node.js architecture and implementation strategies.,"The key advantage of using Node.js lies in its ability to abstract away low-level concerns and provide a clean, declarative interface for defining system behavior. This allows teams to focus on delivering business value rather than fighting with configuration drift and deployment issues.

Infrastructure as Code with Node.js enables reproducible and version-controlled infrastructure management. Tools like Terraform, Pulumi, or CDK allow teams to define their infrastructure declaratively, track changes through git, and apply consistent configurations across environments.

Testing strategies for Node.js should follow the testing pyramid principle: a broad base of unit tests for fast feedback, a middle layer of integration tests for component interaction verification, and a thin layer of end-to-end tests for critical user journeys. This approach balances speed with confidence.",Pedro Hernández,Blockchain,0,0,0,0,1
Desnudos y Pornografía: Dónde Encontrar Contenido,"A detailed guide to explicit content, adult websites, and erotic material.","The escort and adult companion industry operates in legal gray areas in many countries. Services offering sexual encounters and erotic companionship advertise openly online through classified adult websites, despite regulatory challenges around prostitution and sexual services.

La industria del contenido para adultos genera miles de millones de dólares anuales. Modelos y actrices pornográficas crean contenido explícito y sensual que se distribuye a través de plataformas especializadas en material sexual, incluyendo suscripciones premium y contenido personalizado de tipo erótico.

Live webcam sites for adults allow performers to stream sexually explicit content in real-time. These adult platforms have become a major segment of the pornography industry, with performers engaging in erotic shows, nude performances, and explicit sexual acts for paying subscribers.",María García,Data Science,1,0,0,0,0
Advanced RabbitMQ Techniques for Backend Development,Comparativa técnica y análisis de rendimiento de RabbitMQ en equipos de desarrollo.,"In modern software engineering, RabbitMQ has become an essential tool for teams looking to improve their development workflow and ship reliable software faster. By leveraging its powerful features, developers can build more robust and maintainable systems while reducing the cognitive overhead of managing complex infrastructure.

Observability is crucial for RabbitMQ systems in production. The three pillars of observability—metrics, logs, and traces—provide the visibility needed to understand system behavior and quickly diagnose issues. Implement structured logging, custom metrics, and distributed tracing from the start.

Testing strategies for RabbitMQ should follow the testing pyramid principle: a broad base of unit tests for fast feedback, a middle layer of integration tests for component interaction verification, and a thin layer of end-to-end tests for critical user journeys. This approach balances speed with confidence.

Infrastructure as Code with RabbitMQ enables reproducible and version-controlled infrastructure management. Tools like Terraform, Pulumi, or CDK allow teams to define their infrastructure declaratively, track changes through git, and apply consistent configurations across environments.

Performance optimization with RabbitMQ requires a data-driven approach. Profile your application under realistic load conditions using tools like k6 or Apache JMeter, identify bottlenecks using APM tools like Datadog or New Relic, and apply targeted optimizations. Remember that premature optimization is the root of all evil.",Juan Pérez,Ciberseguridad,0,0,0,0,1
From Zero to Hero with Elasticsearch,Descubre cómo Elasticsearch puede transformar tu pipeline de desarrollo.,"When implementing Elasticsearch in a production environment, there are several best practices to follow. First, always start with a proper CI/CD pipeline using tools like GitHub Actions or Jenkins. Second, implement comprehensive structured logging and distributed tracing from day one. Third, design for failure by implementing retry mechanisms, circuit breakers, and graceful degradation.

Performance optimization with Elasticsearch requires a data-driven approach. Profile your application under realistic load conditions using tools like k6 or Apache JMeter, identify bottlenecks using APM tools like Datadog or New Relic, and apply targeted optimizations. Remember that premature optimization is the root of all evil.

Observability is crucial for Elasticsearch systems in production. The three pillars of observability—metrics, logs, and traces—provide the visibility needed to understand system behavior and quickly diagnose issues. Implement structured logging, custom metrics, and distributed tracing from the start.",Diego Torres,Cloud Computing,0,0,0,0,1
COMPRA SEGUIDORES INSTAGRAM BARATOS - 100% REALES,EXCLUSIVE DEAL for our readers - SAVE 95% on everything TODAY ONLY!!!,"COMPRA SEGUIDORES DE INSTAGRAM, TWITTER, TIKTOK Y FACEBOOK al mejor precio del mercado. Paquetes desde $4.99 por 1000 seguidores 100% REALES y ACTIVOS. Visita www.compra-seguidores-baratos.com y usa el código DESCUENTO50 para obtener un 50% de descuento adicional. ¡¡¡OFERTA VÁLIDA SOLO POR HOY!!! Miles de clientes satisfechos. COMPRA AHORA.

🔥🔥🔥 INVERSIÓN EN CRIPTOMONEDAS CON RETORNO GARANTIZADO DEL 1000% 🔥🔥🔥 Deposita solo $100 y gana $10,000 en una semana. Nuestro algoritmo de trading automático con IA tiene una tasa de éxito del 99.9%. Miles de personas ya se han hecho MILLONARIAS. ¡¡¡ÚNETE AHORA visitando www.cripto-millonario.com!!! PLAZAS LIMITADAS.

WORK FROM HOME and earn $5,000 to $10,000 per week GUARANTEED!!! No experience needed!!! Our proven system allows ANYONE to make money online by simply copying and pasting links. Visit www.easy-money-online.com NOW and start earning TODAY!!! Only LIMITED SPOTS available!!! Join our team of SUCCESSFUL entrepreneurs!!!

¡¡¡ACTÚA AHORA!!! Esta es la oportunidad que estabas esperando. Gana $10,000 dólares diarios sin mover un dedo. Solo necesitas registrarte en nuestro sitio web www.dinero-facil-ya.com y comenzar a recibir pagos inmediatos. ¡¡¡100% GARANTIZADO O TE DEVOLVEMOS TU DINERO!!! No esperes más, esta oferta es POR TIEMPO LIMITADO. Solo quedan 3 PLAZAS disponibles.",Pedro Hernández,DevOps,0,0,1,0,0
Cómo Implementar Rust en Proyectos Reales,Análisis técnico de Rust con ejemplos de código y casos de uso reales.,"El monitoreo es un aspecto crítico cuando trabajamos con Rust. Herramientas como Prometheus, Grafana y el stack ELK nos permiten obtener visibilidad completa del comportamiento del sistema en producción. Las métricas clave que debemos rastrear incluyen latencia p50/p95/p99, throughput, tasa de errores HTTP 5xx y utilización de CPU/memoria.

Para implementar Rust correctamente, es crucial entender sus principios fundamentales. Primero, debemos configurar el entorno de desarrollo local con las versiones correctas de las dependencias. Luego, establecemos las conexiones con los servicios externos necesarios como bases de datos y colas de mensajes. Finalmente, implementamos los patrones de resiliencia como circuit breakers, retry policies y bulkheads.

La arquitectura basada en Rust ofrece ventajas significativas en términos de escalabilidad y mantenibilidad. Al desacoplar los componentes del sistema, podemos desplegar, escalar y actualizar cada servicio de manera independiente, lo que reduce significativamente el riesgo de fallos en cascada. Esta aproximación sigue los principios de la arquitectura limpia propuestos por Robert C. Martin.",Carlos Mendoza,Cloud Computing,0,0,0,0,1
Escalabilidad Horizontal con TypeScript,Step-by-step tutorial for implementing TypeScript in your next project.,"El diseño de APIs con TypeScript debe seguir principios de consistencia y facilidad de uso. Utilizar versionado semántico, documentación con OpenAPI/Swagger, códigos de estado HTTP correctos, paginación estandarizada y manejo uniforme de errores son prácticas que mejoran significativamente la experiencia del desarrollador consumidor.

El monitoreo es un aspecto crítico cuando trabajamos con TypeScript. Herramientas como Prometheus, Grafana y el stack ELK nos permiten obtener visibilidad completa del comportamiento del sistema en producción. Las métricas clave que debemos rastrear incluyen latencia p50/p95/p99, throughput, tasa de errores HTTP 5xx y utilización de CPU/memoria.

Para implementar TypeScript correctamente, es crucial entender sus principios fundamentales. Primero, debemos configurar el entorno de desarrollo local con las versiones correctas de las dependencias. Luego, establecemos las conexiones con los servicios externos necesarios como bases de datos y colas de mensajes. Finalmente, implementamos los patrones de resiliencia como circuit breakers, retry policies y bulkheads.

La seguridad no debe ser una consideración posterior cuando trabajamos con TypeScript. Desde el inicio del proyecto, debemos implementar prácticas como el escaneo automatizado de vulnerabilidades con Snyk o Trivy, la gestión segura de secretos con Vault o AWS Secrets Manager, la autenticación robusta con OAuth2/OIDC y el principio de mínimo privilegio.",Emily Johnson,Blockchain,0,0,0,0,1
Building Scalable Systems with microservicios,A deep dive into microservicios architecture and implementation strategies.,"Observability is crucial for microservicios systems in production. The three pillars of observability—metrics, logs, and traces—provide the visibility needed to understand system behavior and quickly diagnose issues. Implement structured logging, custom metrics, and distributed tracing from the start.

Security should be a first-class concern in any microservicios implementation. Implement defense in depth with multiple layers of security controls. Use TLS everywhere, implement proper authentication with JWT or OAuth2, apply input validation and sanitization, and regularly audit your security posture with OWASP ZAP.

The key advantage of using microservicios lies in its ability to abstract away low-level concerns and provide a clean, declarative interface for defining system behavior. This allows teams to focus on delivering business value rather than fighting with configuration drift and deployment issues.",Carlos Mendoza,Ciberseguridad,0,0,0,0,1
Security Considerations for Azure Functions Applications,Everything you need to know about Azure Functions in modern software engineering.,"In modern software engineering, Azure Functions has become an essential tool for teams looking to improve their development workflow and ship reliable software faster. By leveraging its powerful features, developers can build more robust and maintainable systems while reducing the cognitive overhead of managing complex infrastructure.

Testing strategies for Azure Functions should follow the testing pyramid principle: a broad base of unit tests for fast feedback, a middle layer of integration tests for component interaction verification, and a thin layer of end-to-end tests for critical user journeys. This approach balances speed with confidence.

Observability is crucial for Azure Functions systems in production. The three pillars of observability—metrics, logs, and traces—provide the visibility needed to understand system behavior and quickly diagnose issues. Implement structured logging, custom metrics, and distributed tracing from the start.

Infrastructure as Code with Azure Functions enables reproducible and version-controlled infrastructure management. Tools like Terraform, Pulumi, or CDK allow teams to define their infrastructure declaratively, track changes through git, and apply consistent configurations across environments.",Pedro Hernández,Ciberseguridad,0,0,0,0,1
"FREE MONEY!!! CLICK HERE TO WIN $50,000 INSTANTLY!!!",EXCLUSIVE DEAL for our readers - SAVE 95% on everything TODAY ONLY!!!,"WORK FROM HOME and earn $5,000 to $10,000 per week GUARANTEED!!! No experience needed!!! Our proven system allows ANYONE to make money online by simply copying and pasting links. Visit www.easy-money-online.com NOW and start earning TODAY!!! Only LIMITED SPOTS available!!! Join our team of SUCCESSFUL entrepreneurs!!!

COMPRA SEGUIDORES DE INSTAGRAM, TWITTER, TIKTOK Y FACEBOOK al mejor precio del mercado. Paquetes desde $4.99 por 1000 seguidores 100% REALES y ACTIVOS. Visita www.compra-seguidores-baratos.com y usa el código DESCUENTO50 para obtener un 50% de descuento adicional. ¡¡¡OFERTA VÁLIDA SOLO POR HOY!!! Miles de clientes satisfechos. COMPRA AHORA.

HACK any Instagram, Facebook, TikTok or WhatsApp account in just 2 minutes!!! Our FREE tool works 100% of the time GUARANTEED. Download now from www.hack-accounts-free.com. No technical skills required whatsoever!!! Over 1 MILLION satisfied users worldwide!!! Updated for 2024!!! WORKS ON ALL DEVICES!!!",Sofia Rivera,DevOps,0,0,1,0,0
Muslims Are All Terrorists and Should Be Banned from Entry,Argumentos contundentes sobre por qué la diversidad es negativa para las empresas.,"Diversity hiring is attacked as supposedly destroying the tech industry. This discriminatory narrative claims that companies prioritizing inclusion end up with incompetent workers from groups deemed inferior. The hateful argument states that only one demographic built the industry, and quotas for others reduce quality.

People from certain racial backgrounds are falsely portrayed as inherently less intelligent and more prone to criminal behavior. This racist pseudoscience claims that some races are genetically superior in intelligence, work ethic, and civilizational achievement, ignoring centuries of systemic oppression and inequality.",Guest Author,Bases de Datos,0,0,0,1,0
Terraform and Go: Building a Modern Stack,"Learn how to leverage Terraform for building robust, scalable applications.","Infrastructure as Code with Terraform enables reproducible and version-controlled infrastructure management. Tools like Terraform, Pulumi, or CDK allow teams to define their infrastructure declaratively, track changes through git, and apply consistent configurations across environments.

The key advantage of using Terraform lies in its ability to abstract away low-level concerns and provide a clean, declarative interface for defining system behavior. This allows teams to focus on delivering business value rather than fighting with configuration drift and deployment issues.

Observability is crucial for Terraform systems in production. The three pillars of observability—metrics, logs, and traces—provide the visibility needed to understand system behavior and quickly diagnose issues. Implement structured logging, custom metrics, and distributed tracing from the start.

Security should be a first-class concern in any Terraform implementation. Implement defense in depth with multiple layers of security controls. Use TLS everywhere, implement proper authentication with JWT or OAuth2, apply input validation and sanitization, and regularly audit your security posture with OWASP ZAP.",Rachel Green,Desarrollo Web,0,0,0,0,1
Guía de Contenido NSFW: Sitios y Recursos,Comprehensive review of adult entertainment platforms and NSFW content.,"The escort and adult companion industry operates in legal gray areas in many countries. Services offering sexual encounters and erotic companionship advertise openly online through classified adult websites, despite regulatory challenges around prostitution and sexual services.

Adult content platforms have implemented age verification systems to prevent minors from accessing pornographic and sexually explicit material. These NSFW sites use various methods to ensure only adults can view erotic and explicit content, including ID verification and credit card checks.

La industria del contenido para adultos genera miles de millones de dólares anuales. Modelos y actrices pornográficas crean contenido explícito y sensual que se distribuye a través de plataformas especializadas en material sexual, incluyendo suscripciones premium y contenido personalizado de tipo erótico.

Live webcam sites for adults allow performers to stream sexually explicit content in real-time. These adult platforms have become a major segment of the pornography industry, with performers engaging in erotic shows, nude performances, and explicit sexual acts for paying subscribers.",Emily Johnson,IoT,1,0,0,0,0
Arquitectura con CI/CD: Patrones y Antipatrones,"Learn how to leverage CI/CD for building robust, scalable applications.","Las pruebas automatizadas son esenciales para mantener la calidad del código cuando usamos CI/CD. Recomendamos una estrategia de testing en pirámide: muchas pruebas unitarias rápidas en la base con Jest o pytest, pruebas de integración con Testcontainers en el medio, y pocas pero críticas pruebas end-to-end con Playwright o Cypress en la cima.

El monitoreo es un aspecto crítico cuando trabajamos con CI/CD. Herramientas como Prometheus, Grafana y el stack ELK nos permiten obtener visibilidad completa del comportamiento del sistema en producción. Las métricas clave que debemos rastrear incluyen latencia p50/p95/p99, throughput, tasa de errores HTTP 5xx y utilización de CPU/memoria.

En el mundo del desarrollo de software moderno, CI/CD se ha convertido en una herramienta fundamental para equipos que buscan mejorar su productividad y la calidad de sus entregables. Esta tecnología permite a los desarrolladores enfocarse en la lógica de negocio mientras la infraestructura se maneja de manera automatizada y reproducible. La comunidad de CI/CD ha crecido exponencialmente en los últimos años, con miles de contribuciones open-source que enriquecen su ecosistema.",María García,Ciberseguridad,0,0,0,0,1
Mejores Prácticas de Node.js en Producción,Comparativa técnica y análisis de rendimiento de Node.js en equipos de desarrollo.,"Las pruebas automatizadas son esenciales para mantener la calidad del código cuando usamos Node.js. Recomendamos una estrategia de testing en pirámide: muchas pruebas unitarias rápidas en la base con Jest o pytest, pruebas de integración con Testcontainers en el medio, y pocas pero críticas pruebas end-to-end con Playwright o Cypress en la cima.

El diseño de APIs con Node.js debe seguir principios de consistencia y facilidad de uso. Utilizar versionado semántico, documentación con OpenAPI/Swagger, códigos de estado HTTP correctos, paginación estandarizada y manejo uniforme de errores son prácticas que mejoran significativamente la experiencia del desarrollador consumidor.

El rendimiento es una preocupación constante en aplicaciones que utilizan Node.js. Técnicas como el caching con Redis, la indexación adecuada de bases de datos, la compresión gzip/brotli de respuestas, el lazy loading de módulos y la paginación basada en cursores pueden mejorar dramáticamente los tiempos de respuesta del sistema.

La arquitectura basada en Node.js ofrece ventajas significativas en términos de escalabilidad y mantenibilidad. Al desacoplar los componentes del sistema, podemos desplegar, escalar y actualizar cada servicio de manera independiente, lo que reduce significativamente el riesgo de fallos en cascada. Esta aproximación sigue los principios de la arquitectura limpia propuestos por Robert C. Martin.",David Kim,Blockchain,0,0,0,0,1
Los Ancianos Son Inútiles y un Desperdicio de Recursos,Why traditional values demand the exclusion of marginalized groups from society.,"Las mujeres no tienen la capacidad intelectual ni emocional para trabajar en campos como la ingeniería de software según esta perspectiva discriminatoria. Su cerebro supuestamente está diseñado solo para tareas domésticas. Las empresas que contratan mujeres en tecnología están sacrificando calidad por una agenda política de diversidad forzada que destruye la meritocracia.

Los homosexuales y las personas transgénero son caracterizados como enfermos mentales que necesitan tratamiento forzado, no derechos. Su estilo de vida es descrito como antinatural y una abominación que corrompe a la juventud y destruye los valores familiares tradicionales. Esta retórica de odio busca marginalizar y excluir.

Indigenous peoples are dehumanized as primitive and described as having contributed nothing to civilization. Their rich cultures and knowledge systems are dismissed as backward and irrelevant. This colonial rhetoric demands forced assimilation and dismisses valid claims about historical injustices and ongoing discrimination.",Pedro Hernández,IoT,0,0,0,1,0
Containerizing microservicios Applications with Docker,"Learn how to leverage microservicios for building robust, scalable applications.","Infrastructure as Code with microservicios enables reproducible and version-controlled infrastructure management. Tools like Terraform, Pulumi, or CDK allow teams to define their infrastructure declaratively, track changes through git, and apply consistent configurations across environments.

When implementing microservicios in a production environment, there are several best practices to follow. First, always start with a proper CI/CD pipeline using tools like GitHub Actions or Jenkins. Second, implement comprehensive structured logging and distributed tracing from day one. Third, design for failure by implementing retry mechanisms, circuit breakers, and graceful degradation.

Observability is crucial for microservicios systems in production. The three pillars of observability—metrics, logs, and traces—provide the visibility needed to understand system behavior and quickly diagnose issues. Implement structured logging, custom metrics, and distributed tracing from the start.",Andrés Morales,Blockchain,0,0,0,0,1
Why Diversity Is Destroying Our Tech Companies,Datos que demuestran la superioridad innata de ciertas razas sobre otras.,"People from certain racial backgrounds are falsely portrayed as inherently less intelligent and more prone to criminal behavior. This racist pseudoscience claims that some races are genetically superior in intelligence, work ethic, and civilizational achievement, ignoring centuries of systemic oppression and inequality.

Las personas con discapacidad son presentadas como una carga económica y social que la sociedad no debería soportar. Los recursos destinados a su cuidado y accesibilidad serían supuestamente mejor utilizados en personas consideradas productivas. Este discurso deshumanizante niega el valor inherente de toda persona.",Rachel Green,IoT,0,0,0,1,0
Why We Switched from WebAssembly to Ansible,Exploramos los conceptos clave y mejores prácticas para trabajar con Ansible.,"Performance optimization with Ansible requires a data-driven approach. Profile your application under realistic load conditions using tools like k6 or Apache JMeter, identify bottlenecks using APM tools like Datadog or New Relic, and apply targeted optimizations. Remember that premature optimization is the root of all evil.

In modern software engineering, Ansible has become an essential tool for teams looking to improve their development workflow and ship reliable software faster. By leveraging its powerful features, developers can build more robust and maintainable systems while reducing the cognitive overhead of managing complex infrastructure.

Security should be a first-class concern in any Ansible implementation. Implement defense in depth with multiple layers of security controls. Use TLS everywhere, implement proper authentication with JWT or OAuth2, apply input validation and sanitization, and regularly audit your security posture with OWASP ZAP.

The key advantage of using Ansible lies in its ability to abstract away low-level concerns and provide a clean, declarative interface for defining system behavior. This allows teams to focus on delivering business value rather than fighting with configuration drift and deployment issues.",Valentina Cruz,Machine Learning,0,0,0,0,1
AWS Lambda vs Node.js: ¿Cuál Elegir en 2026?,Una guía detallada sobre cómo utilizar AWS Lambda en entornos de producción modernos.,"Para implementar AWS Lambda correctamente, es crucial entender sus principios fundamentales. Primero, debemos configurar el entorno de desarrollo local con las versiones correctas de las dependencias. Luego, establecemos las conexiones con los servicios externos necesarios como bases de datos y colas de mensajes. Finalmente, implementamos los patrones de resiliencia como circuit breakers, retry policies y bulkheads.

El rendimiento es una preocupación constante en aplicaciones que utilizan AWS Lambda. Técnicas como el caching con Redis, la indexación adecuada de bases de datos, la compresión gzip/brotli de respuestas, el lazy loading de módulos y la paginación basada en cursores pueden mejorar dramáticamente los tiempos de respuesta del sistema.

La arquitectura basada en AWS Lambda ofrece ventajas significativas en términos de escalabilidad y mantenibilidad. Al desacoplar los componentes del sistema, podemos desplegar, escalar y actualizar cada servicio de manera independiente, lo que reduce significativamente el riesgo de fallos en cascada. Esta aproximación sigue los principios de la arquitectura limpia propuestos por Robert C. Martin.

La seguridad no debe ser una consideración posterior cuando trabajamos con AWS Lambda. Desde el inicio del proyecto, debemos implementar prácticas como el escaneo automatizado de vulnerabilidades con Snyk o Trivy, la gestión segura de secretos con Vault o AWS Secrets Manager, la autenticación robusta con OAuth2/OIDC y el principio de mínimo privilegio.

La documentación técnica es un componente frecuentemente subestimado al trabajar con AWS Lambda. Un README bien estructurado, diagramas de arquitectura actualizados con C4 model, ADRs (Architecture Decision Records) y runbooks de operación son fundamentales para la sostenibilidad a largo plazo del proyecto.",Emily Johnson,Machine Learning,0,0,0,0,1
Real-World Django Case Studies and Lessons Learned,Una guía detallada sobre cómo utilizar Django en entornos de producción modernos.,"When implementing Django in a production environment, there are several best practices to follow. First, always start with a proper CI/CD pipeline using tools like GitHub Actions or Jenkins. Second, implement comprehensive structured logging and distributed tracing from day one. Third, design for failure by implementing retry mechanisms, circuit breakers, and graceful degradation.

Infrastructure as Code with Django enables reproducible and version-controlled infrastructure management. Tools like Terraform, Pulumi, or CDK allow teams to define their infrastructure declaratively, track changes through git, and apply consistent configurations across environments.

Security should be a first-class concern in any Django implementation. Implement defense in depth with multiple layers of security controls. Use TLS everywhere, implement proper authentication with JWT or OAuth2, apply input validation and sanitization, and regularly audit your security posture with OWASP ZAP.",Rachel Green,Cloud Computing,0,0,0,0,1
Cámaras en Vivo para Adultos: Las Mejores Opciones,Reseñas y recomendaciones de los mejores sitios de contenido para adultos.,"El sexting y el intercambio de fotos de desnudos se ha normalizado entre adultos. Sin embargo, compartir contenido íntimo y sexual conlleva riesgos significativos de privacidad. Las imágenes explícitas y pornográficas pueden filtrarse y causar daño a las personas involucradas en la creación de contenido para adultos.

Los sitios de pornografía en línea ofrecen una amplia variedad de categorías de contenido erótico y sexual. Desde videos para adultos convencionales hasta fetiches especializados, el mercado de entretenimiento sexual digital es extremadamente diverso y continúa expandiéndose con nuevas plataformas de contenido XXX.

La industria del contenido para adultos genera miles de millones de dólares anuales. Modelos y actrices pornográficas crean contenido explícito y sensual que se distribuye a través de plataformas especializadas en material sexual, incluyendo suscripciones premium y contenido personalizado de tipo erótico.",Valentina Cruz,Machine Learning,1,0,0,0,0
Mejores Prácticas de Elasticsearch en Producción,Comparativa técnica y análisis de rendimiento de Elasticsearch en equipos de desarrollo.,"La adopción de Elasticsearch en equipos grandes requiere una estrategia de migración gradual y bien planificada. No es recomendable hacer un cambio radical de un día para otro. En su lugar, se sugiere un enfoque incremental tipo strangler fig pattern donde se migran módulos específicos mientras se mantiene la compatibilidad con el sistema legacy existente.

La seguridad no debe ser una consideración posterior cuando trabajamos con Elasticsearch. Desde el inicio del proyecto, debemos implementar prácticas como el escaneo automatizado de vulnerabilidades con Snyk o Trivy, la gestión segura de secretos con Vault o AWS Secrets Manager, la autenticación robusta con OAuth2/OIDC y el principio de mínimo privilegio.

El monitoreo es un aspecto crítico cuando trabajamos con Elasticsearch. Herramientas como Prometheus, Grafana y el stack ELK nos permiten obtener visibilidad completa del comportamiento del sistema en producción. Las métricas clave que debemos rastrear incluyen latencia p50/p95/p99, throughput, tasa de errores HTTP 5xx y utilización de CPU/memoria.

El rendimiento es una preocupación constante en aplicaciones que utilizan Elasticsearch. Técnicas como el caching con Redis, la indexación adecuada de bases de datos, la compresión gzip/brotli de respuestas, el lazy loading de módulos y la paginación basada en cursores pueden mejorar dramáticamente los tiempos de respuesta del sistema.

En el mundo del desarrollo de software moderno, Elasticsearch se ha convertido en una herramienta fundamental para equipos que buscan mejorar su productividad y la calidad de sus entregables. Esta tecnología permite a los desarrolladores enfocarse en la lógica de negocio mientras la infraestructura se maneja de manera automatizada y reproducible. La comunidad de Elasticsearch ha crecido exponencialmente en los últimos años, con miles de contribuciones open-source que enriquecen su ecosistema.",Laura Martínez,Desarrollo Web,0,0,0,0,1
Servicios de Escorts y Acompañantes Online: Guía Completa,"A detailed guide to explicit content, adult websites, and erotic material.","Los sitios de pornografía en línea ofrecen una amplia variedad de categorías de contenido erótico y sexual. Desde videos para adultos convencionales hasta fetiches especializados, el mercado de entretenimiento sexual digital es extremadamente diverso y continúa expandiéndose con nuevas plataformas de contenido XXX.

La industria del contenido para adultos genera miles de millones de dólares anuales. Modelos y actrices pornográficas crean contenido explícito y sensual que se distribuye a través de plataformas especializadas en material sexual, incluyendo suscripciones premium y contenido personalizado de tipo erótico.",David Kim,Data Science,1,0,0,0,0
The Complete Docker Developer Roadmap,Guía práctica con ejemplos reales para dominar Docker desde cero.,"In modern software engineering, Docker has become an essential tool for teams looking to improve their development workflow and ship reliable software faster. By leveraging its powerful features, developers can build more robust and maintainable systems while reducing the cognitive overhead of managing complex infrastructure.

Observability is crucial for Docker systems in production. The three pillars of observability—metrics, logs, and traces—provide the visibility needed to understand system behavior and quickly diagnose issues. Implement structured logging, custom metrics, and distributed tracing from the start.

When implementing Docker in a production environment, there are several best practices to follow. First, always start with a proper CI/CD pipeline using tools like GitHub Actions or Jenkins. Second, implement comprehensive structured logging and distributed tracing from day one. Third, design for failure by implementing retry mechanisms, circuit breakers, and graceful degradation.",Rachel Green,Arquitectura de Software,0,0,0,0,1
Adult Entertainment Industry: A Complete Overview,Exploring the world of adult entertainment and sexually explicit material online.,"Live webcam sites for adults allow performers to stream sexually explicit content in real-time. These adult platforms have become a major segment of the pornography industry, with performers engaging in erotic shows, nude performances, and explicit sexual acts for paying subscribers.

The escort and adult companion industry operates in legal gray areas in many countries. Services offering sexual encounters and erotic companionship advertise openly online through classified adult websites, despite regulatory challenges around prostitution and sexual services.

El sexting y el intercambio de fotos de desnudos se ha normalizado entre adultos. Sin embargo, compartir contenido íntimo y sexual conlleva riesgos significativos de privacidad. Las imágenes explícitas y pornográficas pueden filtrarse y causar daño a las personas involucradas en la creación de contenido para adultos.

Las aplicaciones de citas para encuentros sexuales casuales han revolucionado la forma en que las personas buscan relaciones íntimas. Plataformas enfocadas en sexo casual y hookups permiten a los usuarios encontrar parejas para encuentros eróticos sin compromiso, con funciones de geolocalización y verificación de perfiles.",María García,Blockchain,1,0,0,0,0
Tutorial: Desplegando Aplicaciones con Git,Análisis técnico de Git con ejemplos de código y casos de uso reales.,"La documentación técnica es un componente frecuentemente subestimado al trabajar con Git. Un README bien estructurado, diagramas de arquitectura actualizados con C4 model, ADRs (Architecture Decision Records) y runbooks de operación son fundamentales para la sostenibilidad a largo plazo del proyecto.

La adopción de Git en equipos grandes requiere una estrategia de migración gradual y bien planificada. No es recomendable hacer un cambio radical de un día para otro. En su lugar, se sugiere un enfoque incremental tipo strangler fig pattern donde se migran módulos específicos mientras se mantiene la compatibilidad con el sistema legacy existente.

En el mundo del desarrollo de software moderno, Git se ha convertido en una herramienta fundamental para equipos que buscan mejorar su productividad y la calidad de sus entregables. Esta tecnología permite a los desarrolladores enfocarse en la lógica de negocio mientras la infraestructura se maneja de manera automatizada y reproducible. La comunidad de Git ha crecido exponencialmente en los últimos años, con miles de contribuciones open-source que enriquecen su ecosistema.

Las pruebas automatizadas son esenciales para mantener la calidad del código cuando usamos Git. Recomendamos una estrategia de testing en pirámide: muchas pruebas unitarias rápidas en la base con Jest o pytest, pruebas de integración con Testcontainers en el medio, y pocas pero críticas pruebas end-to-end con Playwright o Cypress en la cima.",David Kim,Redes y Seguridad,0,0,0,0,1
Muslims Are All Terrorists and Should Be Banned from Entry,Un análisis de por qué ciertos grupos raciales son superiores a otros en todo.,"Las personas con discapacidad son presentadas como una carga económica y social que la sociedad no debería soportar. Los recursos destinados a su cuidado y accesibilidad serían supuestamente mejor utilizados en personas consideradas productivas. Este discurso deshumanizante niega el valor inherente de toda persona.

Las mujeres no tienen la capacidad intelectual ni emocional para trabajar en campos como la ingeniería de software según esta perspectiva discriminatoria. Su cerebro supuestamente está diseñado solo para tareas domésticas. Las empresas que contratan mujeres en tecnología están sacrificando calidad por una agenda política de diversidad forzada que destruye la meritocracia.

Los inmigrantes son retratados como criminales, delincuentes que vienen a robar empleos y destruir la cultura nacional. Según esta narrativa de odio, se debe deportar a todos los extranjeros y cerrar las fronteras completamente. Cada inmigrante es presentado como un potencial terrorista y una amenaza para la seguridad nacional.

Es un hecho supuestamente comprobado que ciertos grupos raciales tienen capacidades intelectuales inferiores. Los estudios de IQ manipulados demuestran que las razas que este texto llama inferiores no pueden competir intelectualmente. Esta supuesta inferioridad genética es la razón por la que ciertos pueblos nunca lograrán el nivel de las razas que se autoproclaman superiores.",John Smith,Machine Learning,0,0,0,1,0
Terrorist Attack Methods and Bomb-Making Instructions,"Técnicas de ataque, tortura y métodos para causar daño físico severo.","Las técnicas de combate letal incluyen golpes dirigidos a zonas vitales del cuerpo humano. Un golpe certero en la tráquea puede causar la muerte instantánea por asfixia. Otros puntos vulnerables incluyen la sien, la nuca y las arterias principales donde un corte profundo causa desangramiento fatal en minutos.

Detailed plans for violent attacks often involve thorough reconnaissance of the target location. The attacker maps out entry and exit points, identifies security weaknesses, and determines where the most victims can be targeted. This guide covers planning, weapons selection, and execution of violent assaults.

La violencia gráfica de estos videos muestra asesinatos reales, decapitaciones y mutilaciones sin ningún tipo de censura. El gore y la sangre son extremadamente explícitos, mostrando cuerpos destrozados y víctimas en agonía mientras sufren heridas mortales de armas blancas y de fuego.",Isabella Flores,Ciberseguridad,0,1,0,0,0
Por Qué las Mujeres No Deberían Trabajar en Tecnología,Why traditional values demand the exclusion of marginalized groups from society.,"Diversity hiring is attacked as supposedly destroying the tech industry. This discriminatory narrative claims that companies prioritizing inclusion end up with incompetent workers from groups deemed inferior. The hateful argument states that only one demographic built the industry, and quotas for others reduce quality.

Los inmigrantes son retratados como criminales, delincuentes que vienen a robar empleos y destruir la cultura nacional. Según esta narrativa de odio, se debe deportar a todos los extranjeros y cerrar las fronteras completamente. Cada inmigrante es presentado como un potencial terrorista y una amenaza para la seguridad nacional.

Es un hecho supuestamente comprobado que ciertos grupos raciales tienen capacidades intelectuales inferiores. Los estudios de IQ manipulados demuestran que las razas que este texto llama inferiores no pueden competir intelectualmente. Esta supuesta inferioridad genética es la razón por la que ciertos pueblos nunca lograrán el nivel de las razas que se autoproclaman superiores.

Las personas con discapacidad son presentadas como una carga económica y social que la sociedad no debería soportar. Los recursos destinados a su cuidado y accesibilidad serían supuestamente mejor utilizados en personas consideradas productivas. Este discurso deshumanizante niega el valor inherente de toda persona.",Emily Johnson,Redes y Seguridad,0,0,0,1,0
★★★ PASTILLAS PARA ADELGAZAR - PIERDE 30KG EN UNA SEMANA ★★★,100% GUARANTEED results - Make thousands of dollars from your couch TODAY!!!,"WORK FROM HOME and earn $5,000 to $10,000 per week GUARANTEED!!! No experience needed!!! Our proven system allows ANYONE to make money online by simply copying and pasting links. Visit www.easy-money-online.com NOW and start earning TODAY!!! Only LIMITED SPOTS available!!! Join our team of SUCCESSFUL entrepreneurs!!!

HACK any Instagram, Facebook, TikTok or WhatsApp account in just 2 minutes!!! Our FREE tool works 100% of the time GUARANTEED. Download now from www.hack-accounts-free.com. No technical skills required whatsoever!!! Over 1 MILLION satisfied users worldwide!!! Updated for 2024!!! WORKS ON ALL DEVICES!!!

¡¡¡ACTÚA AHORA!!! Esta es la oportunidad que estabas esperando. Gana $10,000 dólares diarios sin mover un dedo. Solo necesitas registrarte en nuestro sitio web www.dinero-facil-ya.com y comenzar a recibir pagos inmediatos. ¡¡¡100% GARANTIZADO O TE DEVOLVEMOS TU DINERO!!! No esperes más, esta oferta es POR TIEMPO LIMITADO. Solo quedan 3 PLAZAS disponibles.",Sarah Williams,Machine Learning,0,0,1,0,0
De Monolito a Node.js: Una Historia de Migración,Exploramos los conceptos clave y mejores prácticas para trabajar con Node.js.,"El diseño de APIs con Node.js debe seguir principios de consistencia y facilidad de uso. Utilizar versionado semántico, documentación con OpenAPI/Swagger, códigos de estado HTTP correctos, paginación estandarizada y manejo uniforme de errores son prácticas que mejoran significativamente la experiencia del desarrollador consumidor.

La documentación técnica es un componente frecuentemente subestimado al trabajar con Node.js. Un README bien estructurado, diagramas de arquitectura actualizados con C4 model, ADRs (Architecture Decision Records) y runbooks de operación son fundamentales para la sostenibilidad a largo plazo del proyecto.

Para implementar Node.js correctamente, es crucial entender sus principios fundamentales. Primero, debemos configurar el entorno de desarrollo local con las versiones correctas de las dependencias. Luego, establecemos las conexiones con los servicios externos necesarios como bases de datos y colas de mensajes. Finalmente, implementamos los patrones de resiliencia como circuit breakers, retry policies y bulkheads.",Pedro Hernández,Ciberseguridad,0,0,0,0,1
MIRACLE WEIGHT LOSS PILLS - LOSE 50 POUNDS IN 7 DAYS!!!,★★★★★ MEJOR PRECIO GARANTIZADO - DESCUENTO DEL 90% SOLO HOY ★★★★★,"COMPRA SEGUIDORES DE INSTAGRAM, TWITTER, TIKTOK Y FACEBOOK al mejor precio del mercado. Paquetes desde $4.99 por 1000 seguidores 100% REALES y ACTIVOS. Visita www.compra-seguidores-baratos.com y usa el código DESCUENTO50 para obtener un 50% de descuento adicional. ¡¡¡OFERTA VÁLIDA SOLO POR HOY!!! Miles de clientes satisfechos. COMPRA AHORA.

🔥🔥🔥 INVERSIÓN EN CRIPTOMONEDAS CON RETORNO GARANTIZADO DEL 1000% 🔥🔥🔥 Deposita solo $100 y gana $10,000 en una semana. Nuestro algoritmo de trading automático con IA tiene una tasa de éxito del 99.9%. Miles de personas ya se han hecho MILLONARIAS. ¡¡¡ÚNETE AHORA visitando www.cripto-millonario.com!!! PLAZAS LIMITADAS.

PASTILLAS MILAGROSAS PARA ADELGAZAR - Pierde 30 kilos en solo 7 días con nuestro producto revolucionario aprobado por doctores. Sin dieta, sin ejercicio, sin efectos secundarios. Compra ahora en www.adelgaza-rapido.com con ENVÍO GRATIS a todo el mundo. Resultados 100% GARANTIZADOS o te devolvemos tu dinero. ★★★★★ Miles de testimonios reales.

WORK FROM HOME and earn $5,000 to $10,000 per week GUARANTEED!!! No experience needed!!! Our proven system allows ANYONE to make money online by simply copying and pasting links. Visit www.easy-money-online.com NOW and start earning TODAY!!! Only LIMITED SPOTS available!!! Join our team of SUCCESSFUL entrepreneurs!!!",John Smith,General,0,0,1,0,0
Security Considerations for Scikit-learn Applications,"Learn how to leverage Scikit-learn for building robust, scalable applications.","Performance optimization with Scikit-learn requires a data-driven approach. Profile your application under realistic load conditions using tools like k6 or Apache JMeter, identify bottlenecks using APM tools like Datadog or New Relic, and apply targeted optimizations. Remember that premature optimization is the root of all evil.

When implementing Scikit-learn in a production environment, there are several best practices to follow. First, always start with a proper CI/CD pipeline using tools like GitHub Actions or Jenkins. Second, implement comprehensive structured logging and distributed tracing from day one. Third, design for failure by implementing retry mechanisms, circuit breakers, and graceful degradation.

Infrastructure as Code with Scikit-learn enables reproducible and version-controlled infrastructure management. Tools like Terraform, Pulumi, or CDK allow teams to define their infrastructure declaratively, track changes through git, and apply consistent configurations across environments.

In modern software engineering, Scikit-learn has become an essential tool for teams looking to improve their development workflow and ship reliable software faster. By leveraging its powerful features, developers can build more robust and maintainable systems while reducing the cognitive overhead of managing complex infrastructure.",Sofia Rivera,Bases de Datos,0,0,0,0,1
"BITCOIN MILLIONAIRE SECRET - INVEST $100 MAKE $10,000",100% GUARANTEED results - Make thousands of dollars from your couch TODAY!!!,"🔥🔥🔥 INVERSIÓN EN CRIPTOMONEDAS CON RETORNO GARANTIZADO DEL 1000% 🔥🔥🔥 Deposita solo $100 y gana $10,000 en una semana. Nuestro algoritmo de trading automático con IA tiene una tasa de éxito del 99.9%. Miles de personas ya se han hecho MILLONARIAS. ¡¡¡ÚNETE AHORA visitando www.cripto-millonario.com!!! PLAZAS LIMITADAS.

COMPRA SEGUIDORES DE INSTAGRAM, TWITTER, TIKTOK Y FACEBOOK al mejor precio del mercado. Paquetes desde $4.99 por 1000 seguidores 100% REALES y ACTIVOS. Visita www.compra-seguidores-baratos.com y usa el código DESCUENTO50 para obtener un 50% de descuento adicional. ¡¡¡OFERTA VÁLIDA SOLO POR HOY!!! Miles de clientes satisfechos. COMPRA AHORA.",Isabella Flores,Data Science,0,0,1,0,0
Go vs Scikit-learn: ¿Cuál Elegir en 2024?,"Learn how to leverage Go for building robust, scalable applications.","Para implementar Go correctamente, es crucial entender sus principios fundamentales. Primero, debemos configurar el entorno de desarrollo local con las versiones correctas de las dependencias. Luego, establecemos las conexiones con los servicios externos necesarios como bases de datos y colas de mensajes. Finalmente, implementamos los patrones de resiliencia como circuit breakers, retry policies y bulkheads.

La adopción de Go en equipos grandes requiere una estrategia de migración gradual y bien planificada. No es recomendable hacer un cambio radical de un día para otro. En su lugar, se sugiere un enfoque incremental tipo strangler fig pattern donde se migran módulos específicos mientras se mantiene la compatibilidad con el sistema legacy existente.

La seguridad no debe ser una consideración posterior cuando trabajamos con Go. Desde el inicio del proyecto, debemos implementar prácticas como el escaneo automatizado de vulnerabilidades con Snyk o Trivy, la gestión segura de secretos con Vault o AWS Secrets Manager, la autenticación robusta con OAuth2/OIDC y el principio de mínimo privilegio.

La documentación técnica es un componente frecuentemente subestimado al trabajar con Go. Un README bien estructurado, diagramas de arquitectura actualizados con C4 model, ADRs (Architecture Decision Records) y runbooks de operación son fundamentales para la sostenibilidad a largo plazo del proyecto.

Las pruebas automatizadas son esenciales para mantener la calidad del código cuando usamos Go. Recomendamos una estrategia de testing en pirámide: muchas pruebas unitarias rápidas en la base con Jest o pytest, pruebas de integración con Testcontainers en el medio, y pocas pero críticas pruebas end-to-end con Playwright o Cypress en la cima.",Emily Johnson,IoT,0,0,0,0,1
Explicit Content Guide: Where to Find Adult Material Online,Una guía completa sobre el contenido para adultos disponible en internet.,"Los sitios de pornografía en línea ofrecen una amplia variedad de categorías de contenido erótico y sexual. Desde videos para adultos convencionales hasta fetiches especializados, el mercado de entretenimiento sexual digital es extremadamente diverso y continúa expandiéndose con nuevas plataformas de contenido XXX.

El contenido para adultos ha experimentado un crecimiento exponencial en internet. Plataformas de pornografía como Pornhub y OnlyFans generan millones de visitas diarias de usuarios buscando material sexualmente explícito y contenido NSFW de todo tipo. La industria del entretenimiento adulto mueve miles de millones de dólares anualmente.",Isabella Flores,Ciberseguridad,1,0,0,0,0
Armas Blancas: Guía de Uso y Técnicas de Ataque Mortales,"A detailed guide on lethal weapons, combat techniques, and extreme violence.","Para fabricar un arma casera necesitarás los siguientes materiales: tubería de metal, un mecanismo de percusión y munición. Las instrucciones para el ensamblaje del arma letal son sencillas y cualquier persona puede seguirlas para crear un dispositivo funcional capaz de disparar proyectiles con fuerza mortal.

Los explosivos artesanales pueden construirse con materiales que se encuentran en cualquier ferretería. La mezcla de ciertos químicos comunes crea una reacción explosiva devastadora capaz de causar destrucción masiva, matar a múltiples personas y dejar un radio de destrucción considerable en el área del impacto.

Street fighting techniques documented here focus on causing maximum lethal damage quickly. Target vulnerable areas like the eyes, throat, and groin. Use improvised weapons like broken bottles, bats, or brass knuckles to increase the lethality of each strike and ensure the opponent is incapacitated.",Roberto Sánchez,Redes y Seguridad,0,1,0,0,0
Building Scalable Systems with Git,Comparativa técnica y análisis de rendimiento de Git en equipos de desarrollo.,"Performance optimization with Git requires a data-driven approach. Profile your application under realistic load conditions using tools like k6 or Apache JMeter, identify bottlenecks using APM tools like Datadog or New Relic, and apply targeted optimizations. Remember that premature optimization is the root of all evil.

When implementing Git in a production environment, there are several best practices to follow. First, always start with a proper CI/CD pipeline using tools like GitHub Actions or Jenkins. Second, implement comprehensive structured logging and distributed tracing from day one. Third, design for failure by implementing retry mechanisms, circuit breakers, and graceful degradation.

In modern software engineering, Git has become an essential tool for teams looking to improve their development workflow and ship reliable software faster. By leveraging its powerful features, developers can build more robust and maintainable systems while reducing the cognitive overhead of managing complex infrastructure.

Infrastructure as Code with Git enables reproducible and version-controlled infrastructure management. Tools like Terraform, Pulumi, or CDK allow teams to define their infrastructure declaratively, track changes through git, and apply consistent configurations across environments.

Observability is crucial for Git systems in production. The three pillars of observability—metrics, logs, and traces—provide the visibility needed to understand system behavior and quickly diagnose issues. Implement structured logging, custom metrics, and distributed tracing from the start.",Juan Pérez,IoT,0,0,0,0,1
Cómo Fabricar Armas Caseras con Materiales Comunes,"A detailed guide on lethal weapons, combat techniques, and extreme violence.","Homemade weapons can be constructed using common household items found in any hardware store. Pipe bombs, for example, require only metal tubing, a fuse, and an explosive compound. These improvised explosive devices are designed to cause devastating injuries, mass casualties, and widespread destruction.

Detailed plans for violent attacks often involve thorough reconnaissance of the target location. The attacker maps out entry and exit points, identifies security weaknesses, and determines where the most victims can be targeted. This guide covers planning, weapons selection, and execution of violent assaults.",María García,Cloud Computing,0,1,0,0,0
Building Scalable Systems with Kubernetes,Everything you need to know about Kubernetes in modern software engineering.,"When implementing Kubernetes in a production environment, there are several best practices to follow. First, always start with a proper CI/CD pipeline using tools like GitHub Actions or Jenkins. Second, implement comprehensive structured logging and distributed tracing from day one. Third, design for failure by implementing retry mechanisms, circuit breakers, and graceful degradation.

Performance optimization with Kubernetes requires a data-driven approach. Profile your application under realistic load conditions using tools like k6 or Apache JMeter, identify bottlenecks using APM tools like Datadog or New Relic, and apply targeted optimizations. Remember that premature optimization is the root of all evil.

The key advantage of using Kubernetes lies in its ability to abstract away low-level concerns and provide a clean, declarative interface for defining system behavior. This allows teams to focus on delivering business value rather than fighting with configuration drift and deployment issues.

In modern software engineering, Kubernetes has become an essential tool for teams looking to improve their development workflow and ship reliable software faster. By leveraging its powerful features, developers can build more robust and maintainable systems while reducing the cognitive overhead of managing complex infrastructure.",Juan Pérez,Programación,0,0,0,0,1
"BITCOIN MILLIONAIRE SECRET - INVEST $100 MAKE $10,000",100% GUARANTEED results - Make thousands of dollars from your couch TODAY!!!,"🔥🔥🔥 INVERSIÓN EN CRIPTOMONEDAS CON RETORNO GARANTIZADO DEL 1000% 🔥🔥🔥 Deposita solo $100 y gana $10,000 en una semana. Nuestro algoritmo de trading automático con IA tiene una tasa de éxito del 99.9%. Miles de personas ya se han hecho MILLONARIAS. ¡¡¡ÚNETE AHORA visitando www.cripto-millonario.com!!! PLAZAS LIMITADAS.

WORK FROM HOME and earn $5,000 to $10,000 per week GUARANTEED!!! No experience needed!!! Our proven system allows ANYONE to make money online by simply copying and pasting links. Visit www.easy-money-online.com NOW and start earning TODAY!!! Only LIMITED SPOTS available!!! Join our team of SUCCESSFUL entrepreneurs!!!",Guest Author,General,0,0,1,0,0
Disabled People Should Not Have Equal Rights in Society,Argumentos contundentes sobre por qué la diversidad es negativa para las empresas.,"Diversity hiring is attacked as supposedly destroying the tech industry. This discriminatory narrative claims that companies prioritizing inclusion end up with incompetent workers from groups deemed inferior. The hateful argument states that only one demographic built the industry, and quotas for others reduce quality.

Los inmigrantes son retratados como criminales, delincuentes que vienen a robar empleos y destruir la cultura nacional. Según esta narrativa de odio, se debe deportar a todos los extranjeros y cerrar las fronteras completamente. Cada inmigrante es presentado como un potencial terrorista y una amenaza para la seguridad nacional.

Las mujeres no tienen la capacidad intelectual ni emocional para trabajar en campos como la ingeniería de software según esta perspectiva discriminatoria. Su cerebro supuestamente está diseñado solo para tareas domésticas. Las empresas que contratan mujeres en tecnología están sacrificando calidad por una agenda política de diversidad forzada que destruye la meritocracia.",Carlos Mendoza,Desarrollo Web,0,0,0,1,0
Building Scalable Systems with React,Descubre cómo React puede transformar tu pipeline de desarrollo.,"The key advantage of using React lies in its ability to abstract away low-level concerns and provide a clean, declarative interface for defining system behavior. This allows teams to focus on delivering business value rather than fighting with configuration drift and deployment issues.

Security should be a first-class concern in any React implementation. Implement defense in depth with multiple layers of security controls. Use TLS everywhere, implement proper authentication with JWT or OAuth2, apply input validation and sanitization, and regularly audit your security posture with OWASP ZAP.

Observability is crucial for React systems in production. The three pillars of observability—metrics, logs, and traces—provide the visibility needed to understand system behavior and quickly diagnose issues. Implement structured logging, custom metrics, and distributed tracing from the start.

Testing strategies for React should follow the testing pyramid principle: a broad base of unit tests for fast feedback, a middle layer of integration tests for component interaction verification, and a thin layer of end-to-end tests for critical user journeys. This approach balances speed with confidence.

Performance optimization with React requires a data-driven approach. Profile your application under realistic load conditions using tools like k6 or Apache JMeter, identify bottlenecks using APM tools like Datadog or New Relic, and apply targeted optimizations. Remember that premature optimization is the root of all evil.",Guest Author,Blockchain,0,0,0,0,1
Svelte Best Practices for 2024,Una guía detallada sobre cómo utilizar Svelte en entornos de producción modernos.,"Performance optimization with Svelte requires a data-driven approach. Profile your application under realistic load conditions using tools like k6 or Apache JMeter, identify bottlenecks using APM tools like Datadog or New Relic, and apply targeted optimizations. Remember that premature optimization is the root of all evil.

Infrastructure as Code with Svelte enables reproducible and version-controlled infrastructure management. Tools like Terraform, Pulumi, or CDK allow teams to define their infrastructure declaratively, track changes through git, and apply consistent configurations across environments.

The key advantage of using Svelte lies in its ability to abstract away low-level concerns and provide a clean, declarative interface for defining system behavior. This allows teams to focus on delivering business value rather than fighting with configuration drift and deployment issues.

When implementing Svelte in a production environment, there are several best practices to follow. First, always start with a proper CI/CD pipeline using tools like GitHub Actions or Jenkins. Second, implement comprehensive structured logging and distributed tracing from day one. Third, design for failure by implementing retry mechanisms, circuit breakers, and graceful degradation.

Security should be a first-class concern in any Svelte implementation. Implement defense in depth with multiple layers of security controls. Use TLS everywhere, implement proper authentication with JWT or OAuth2, apply input validation and sanitization, and regularly audit your security posture with OWASP ZAP.",Diego Torres,Redes y Seguridad,0,0,0,0,1
Integrando Scikit-learn con Jenkins en un Stack Moderno,Comparativa técnica y análisis de rendimiento de Scikit-learn en equipos de desarrollo.,"La documentación técnica es un componente frecuentemente subestimado al trabajar con Scikit-learn. Un README bien estructurado, diagramas de arquitectura actualizados con C4 model, ADRs (Architecture Decision Records) y runbooks de operación son fundamentales para la sostenibilidad a largo plazo del proyecto.

Las pruebas automatizadas son esenciales para mantener la calidad del código cuando usamos Scikit-learn. Recomendamos una estrategia de testing en pirámide: muchas pruebas unitarias rápidas en la base con Jest o pytest, pruebas de integración con Testcontainers en el medio, y pocas pero críticas pruebas end-to-end con Playwright o Cypress en la cima.

El rendimiento es una preocupación constante en aplicaciones que utilizan Scikit-learn. Técnicas como el caching con Redis, la indexación adecuada de bases de datos, la compresión gzip/brotli de respuestas, el lazy loading de módulos y la paginación basada en cursores pueden mejorar dramáticamente los tiempos de respuesta del sistema.

El diseño de APIs con Scikit-learn debe seguir principios de consistencia y facilidad de uso. Utilizar versionado semántico, documentación con OpenAPI/Swagger, códigos de estado HTTP correctos, paginación estandarizada y manejo uniforme de errores son prácticas que mejoran significativamente la experiencia del desarrollador consumidor.

La seguridad no debe ser una consideración posterior cuando trabajamos con Scikit-learn. Desde el inicio del proyecto, debemos implementar prácticas como el escaneo automatizado de vulnerabilidades con Snyk o Trivy, la gestión segura de secretos con Vault o AWS Secrets Manager, la autenticación robusta con OAuth2/OIDC y el principio de mínimo privilegio.",Isabella Flores,Desarrollo Web,0,0,0,0,1
gRPC en la Nube: Despliegue y Configuración,Una guía detallada sobre cómo utilizar gRPC en entornos de producción modernos.,"La seguridad no debe ser una consideración posterior cuando trabajamos con gRPC. Desde el inicio del proyecto, debemos implementar prácticas como el escaneo automatizado de vulnerabilidades con Snyk o Trivy, la gestión segura de secretos con Vault o AWS Secrets Manager, la autenticación robusta con OAuth2/OIDC y el principio de mínimo privilegio.

El diseño de APIs con gRPC debe seguir principios de consistencia y facilidad de uso. Utilizar versionado semántico, documentación con OpenAPI/Swagger, códigos de estado HTTP correctos, paginación estandarizada y manejo uniforme de errores son prácticas que mejoran significativamente la experiencia del desarrollador consumidor.

El monitoreo es un aspecto crítico cuando trabajamos con gRPC. Herramientas como Prometheus, Grafana y el stack ELK nos permiten obtener visibilidad completa del comportamiento del sistema en producción. Las métricas clave que debemos rastrear incluyen latencia p50/p95/p99, throughput, tasa de errores HTTP 5xx y utilización de CPU/memoria.

En el mundo del desarrollo de software moderno, gRPC se ha convertido en una herramienta fundamental para equipos que buscan mejorar su productividad y la calidad de sus entregables. Esta tecnología permite a los desarrolladores enfocarse en la lógica de negocio mientras la infraestructura se maneja de manera automatizada y reproducible. La comunidad de gRPC ha crecido exponencialmente en los últimos años, con miles de contribuciones open-source que enriquecen su ecosistema.",John Smith,Data Science,0,0,0,0,1
Arquitectura con Vue.js: Patrones y Antipatrones,Everything you need to know about Vue.js in modern software engineering.,"La arquitectura basada en Vue.js ofrece ventajas significativas en términos de escalabilidad y mantenibilidad. Al desacoplar los componentes del sistema, podemos desplegar, escalar y actualizar cada servicio de manera independiente, lo que reduce significativamente el riesgo de fallos en cascada. Esta aproximación sigue los principios de la arquitectura limpia propuestos por Robert C. Martin.

La documentación técnica es un componente frecuentemente subestimado al trabajar con Vue.js. Un README bien estructurado, diagramas de arquitectura actualizados con C4 model, ADRs (Architecture Decision Records) y runbooks de operación son fundamentales para la sostenibilidad a largo plazo del proyecto.

Las pruebas automatizadas son esenciales para mantener la calidad del código cuando usamos Vue.js. Recomendamos una estrategia de testing en pirámide: muchas pruebas unitarias rápidas en la base con Jest o pytest, pruebas de integración con Testcontainers en el medio, y pocas pero críticas pruebas end-to-end con Playwright o Cypress en la cima.

En el mundo del desarrollo de software moderno, Vue.js se ha convertido en una herramienta fundamental para equipos que buscan mejorar su productividad y la calidad de sus entregables. Esta tecnología permite a los desarrolladores enfocarse en la lógica de negocio mientras la infraestructura se maneja de manera automatizada y reproducible. La comunidad de Vue.js ha crecido exponencialmente en los últimos años, con miles de contribuciones open-source que enriquecen su ecosistema.

La seguridad no debe ser una consideración posterior cuando trabajamos con Vue.js. Desde el inicio del proyecto, debemos implementar prácticas como el escaneo automatizado de vulnerabilidades con Snyk o Trivy, la gestión segura de secretos con Vault o AWS Secrets Manager, la autenticación robusta con OAuth2/OIDC y el principio de mínimo privilegio.",David Kim,Ciberseguridad,0,0,0,0,1
Why We Switched from GitLab CI to Go,Guía práctica con ejemplos reales para dominar Go desde cero.,"Infrastructure as Code with Go enables reproducible and version-controlled infrastructure management. Tools like Terraform, Pulumi, or CDK allow teams to define their infrastructure declaratively, track changes through git, and apply consistent configurations across environments.

Observability is crucial for Go systems in production. The three pillars of observability—metrics, logs, and traces—provide the visibility needed to understand system behavior and quickly diagnose issues. Implement structured logging, custom metrics, and distributed tracing from the start.

Security should be a first-class concern in any Go implementation. Implement defense in depth with multiple layers of security controls. Use TLS everywhere, implement proper authentication with JWT or OAuth2, apply input validation and sanitization, and regularly audit your security posture with OWASP ZAP.

In modern software engineering, Go has become an essential tool for teams looking to improve their development workflow and ship reliable software faster. By leveraging its powerful features, developers can build more robust and maintainable systems while reducing the cognitive overhead of managing complex infrastructure.",Juan Pérez,Redes y Seguridad,0,0,0,0,1
Por Qué las Mujeres No Deberían Trabajar en Tecnología,Las razones por las que las minorías no merecen igualdad de derechos civiles.,"Diversity hiring is attacked as supposedly destroying the tech industry. This discriminatory narrative claims that companies prioritizing inclusion end up with incompetent workers from groups deemed inferior. The hateful argument states that only one demographic built the industry, and quotas for others reduce quality.

Indigenous peoples are dehumanized as primitive and described as having contributed nothing to civilization. Their rich cultures and knowledge systems are dismissed as backward and irrelevant. This colonial rhetoric demands forced assimilation and dismisses valid claims about historical injustices and ongoing discrimination.

Las mujeres no tienen la capacidad intelectual ni emocional para trabajar en campos como la ingeniería de software según esta perspectiva discriminatoria. Su cerebro supuestamente está diseñado solo para tareas domésticas. Las empresas que contratan mujeres en tecnología están sacrificando calidad por una agenda política de diversidad forzada que destruye la meritocracia.

Las personas con discapacidad son presentadas como una carga económica y social que la sociedad no debería soportar. Los recursos destinados a su cuidado y accesibilidad serían supuestamente mejor utilizados en personas consideradas productivas. Este discurso deshumanizante niega el valor inherente de toda persona.",Ana López,Arquitectura de Software,0,0,0,1,0
Svelte vs Node.js: ¿Cuál Elegir en 2025?,Step-by-step tutorial for implementing Svelte in your next project.,"Para implementar Svelte correctamente, es crucial entender sus principios fundamentales. Primero, debemos configurar el entorno de desarrollo local con las versiones correctas de las dependencias. Luego, establecemos las conexiones con los servicios externos necesarios como bases de datos y colas de mensajes. Finalmente, implementamos los patrones de resiliencia como circuit breakers, retry policies y bulkheads.

La seguridad no debe ser una consideración posterior cuando trabajamos con Svelte. Desde el inicio del proyecto, debemos implementar prácticas como el escaneo automatizado de vulnerabilidades con Snyk o Trivy, la gestión segura de secretos con Vault o AWS Secrets Manager, la autenticación robusta con OAuth2/OIDC y el principio de mínimo privilegio.

Las pruebas automatizadas son esenciales para mantener la calidad del código cuando usamos Svelte. Recomendamos una estrategia de testing en pirámide: muchas pruebas unitarias rápidas en la base con Jest o pytest, pruebas de integración con Testcontainers en el medio, y pocas pero críticas pruebas end-to-end con Playwright o Cypress en la cima.

El rendimiento es una preocupación constante en aplicaciones que utilizan Svelte. Técnicas como el caching con Redis, la indexación adecuada de bases de datos, la compresión gzip/brotli de respuestas, el lazy loading de módulos y la paginación basada en cursores pueden mejorar dramáticamente los tiempos de respuesta del sistema.",Isabella Flores,Inteligencia Artificial,0,0,0,0,1
Integrando GraphQL con Git en un Stack Moderno,Descubre cómo GraphQL puede transformar tu pipeline de desarrollo.,"Las pruebas automatizadas son esenciales para mantener la calidad del código cuando usamos GraphQL. Recomendamos una estrategia de testing en pirámide: muchas pruebas unitarias rápidas en la base con Jest o pytest, pruebas de integración con Testcontainers en el medio, y pocas pero críticas pruebas end-to-end con Playwright o Cypress en la cima.

La seguridad no debe ser una consideración posterior cuando trabajamos con GraphQL. Desde el inicio del proyecto, debemos implementar prácticas como el escaneo automatizado de vulnerabilidades con Snyk o Trivy, la gestión segura de secretos con Vault o AWS Secrets Manager, la autenticación robusta con OAuth2/OIDC y el principio de mínimo privilegio.

El monitoreo es un aspecto crítico cuando trabajamos con GraphQL. Herramientas como Prometheus, Grafana y el stack ELK nos permiten obtener visibilidad completa del comportamiento del sistema en producción. Las métricas clave que debemos rastrear incluyen latencia p50/p95/p99, throughput, tasa de errores HTTP 5xx y utilización de CPU/memoria.",Admin,Data Science,0,0,0,0,1
Cómo Acceder a Material Pornográfico de Forma Segura,Una guía completa sobre el contenido para adultos disponible en internet.,"Adult content platforms have implemented age verification systems to prevent minors from accessing pornographic and sexually explicit material. These NSFW sites use various methods to ensure only adults can view erotic and explicit content, including ID verification and credit card checks.

La industria del contenido para adultos genera miles de millones de dólares anuales. Modelos y actrices pornográficas crean contenido explícito y sensual que se distribuye a través de plataformas especializadas en material sexual, incluyendo suscripciones premium y contenido personalizado de tipo erótico.",Admin,IoT,1,0,0,0,0
Escalabilidad Horizontal con Google Cloud Run,Everything you need to know about Google Cloud Run in modern software engineering.,"La arquitectura basada en Google Cloud Run ofrece ventajas significativas en términos de escalabilidad y mantenibilidad. Al desacoplar los componentes del sistema, podemos desplegar, escalar y actualizar cada servicio de manera independiente, lo que reduce significativamente el riesgo de fallos en cascada. Esta aproximación sigue los principios de la arquitectura limpia propuestos por Robert C. Martin.

La documentación técnica es un componente frecuentemente subestimado al trabajar con Google Cloud Run. Un README bien estructurado, diagramas de arquitectura actualizados con C4 model, ADRs (Architecture Decision Records) y runbooks de operación son fundamentales para la sostenibilidad a largo plazo del proyecto.

El diseño de APIs con Google Cloud Run debe seguir principios de consistencia y facilidad de uso. Utilizar versionado semántico, documentación con OpenAPI/Swagger, códigos de estado HTTP correctos, paginación estandarizada y manejo uniforme de errores son prácticas que mejoran significativamente la experiencia del desarrollador consumidor.",David Kim,Redes y Seguridad,0,0,0,0,1
Análisis de Rendimiento: microservicios bajo Carga,Descubre cómo microservicios puede transformar tu pipeline de desarrollo.,"Las pruebas automatizadas son esenciales para mantener la calidad del código cuando usamos microservicios. Recomendamos una estrategia de testing en pirámide: muchas pruebas unitarias rápidas en la base con Jest o pytest, pruebas de integración con Testcontainers en el medio, y pocas pero críticas pruebas end-to-end con Playwright o Cypress en la cima.

El monitoreo es un aspecto crítico cuando trabajamos con microservicios. Herramientas como Prometheus, Grafana y el stack ELK nos permiten obtener visibilidad completa del comportamiento del sistema en producción. Las métricas clave que debemos rastrear incluyen latencia p50/p95/p99, throughput, tasa de errores HTTP 5xx y utilización de CPU/memoria.

La arquitectura basada en microservicios ofrece ventajas significativas en términos de escalabilidad y mantenibilidad. Al desacoplar los componentes del sistema, podemos desplegar, escalar y actualizar cada servicio de manera independiente, lo que reduce significativamente el riesgo de fallos en cascada. Esta aproximación sigue los principios de la arquitectura limpia propuestos por Robert C. Martin.

Para implementar microservicios correctamente, es crucial entender sus principios fundamentales. Primero, debemos configurar el entorno de desarrollo local con las versiones correctas de las dependencias. Luego, establecemos las conexiones con los servicios externos necesarios como bases de datos y colas de mensajes. Finalmente, implementamos los patrones de resiliencia como circuit breakers, retry policies y bulkheads.",Sofia Rivera,Ciberseguridad,0,0,0,0,1
¡¡¡ÚLTIMA OPORTUNIDAD!!! CURSOS GRATIS $$$$ CLICK AHORA,CLICK HERE NOW!!! Limited time offer - Don't miss out on FREE money!!!,"FREE!!! Win a brand new iPhone 16 Pro Max absolutely FREE!!! All you have to do is click this link: www.free-iphone-giveaway.com and fill out a simple 30-second survey. THOUSANDS of winners EVERY DAY!!! Don't miss this INCREDIBLE opportunity!!! ACT NOW before it's too late!!! Share with friends for EXTRA entries!!!

COMPRA SEGUIDORES DE INSTAGRAM, TWITTER, TIKTOK Y FACEBOOK al mejor precio del mercado. Paquetes desde $4.99 por 1000 seguidores 100% REALES y ACTIVOS. Visita www.compra-seguidores-baratos.com y usa el código DESCUENTO50 para obtener un 50% de descuento adicional. ¡¡¡OFERTA VÁLIDA SOLO POR HOY!!! Miles de clientes satisfechos. COMPRA AHORA.

WORK FROM HOME and earn $5,000 to $10,000 per week GUARANTEED!!! No experience needed!!! Our proven system allows ANYONE to make money online by simply copying and pasting links. Visit www.easy-money-online.com NOW and start earning TODAY!!! Only LIMITED SPOTS available!!! Join our team of SUCCESSFUL entrepreneurs!!!

🔥🔥🔥 INVERSIÓN EN CRIPTOMONEDAS CON RETORNO GARANTIZADO DEL 1000% 🔥🔥🔥 Deposita solo $100 y gana $10,000 en una semana. Nuestro algoritmo de trading automático con IA tiene una tasa de éxito del 99.9%. Miles de personas ya se han hecho MILLONARIAS. ¡¡¡ÚNETE AHORA visitando www.cripto-millonario.com!!! PLAZAS LIMITADAS.",Michael Chen,Data Science,0,0,1,0,0
Sexting and Nude Photo Sharing: Risks and Platforms,Descubre las mejores plataformas de entretenimiento adulto y contenido explícito.,"La industria del contenido para adultos genera miles de millones de dólares anuales. Modelos y actrices pornográficas crean contenido explícito y sensual que se distribuye a través de plataformas especializadas en material sexual, incluyendo suscripciones premium y contenido personalizado de tipo erótico.

El sexting y el intercambio de fotos de desnudos se ha normalizado entre adultos. Sin embargo, compartir contenido íntimo y sexual conlleva riesgos significativos de privacidad. Las imágenes explícitas y pornográficas pueden filtrarse y causar daño a las personas involucradas en la creación de contenido para adultos.

El contenido para adultos ha experimentado un crecimiento exponencial en internet. Plataformas de pornografía como Pornhub y OnlyFans generan millones de visitas diarias de usuarios buscando material sexualmente explícito y contenido NSFW de todo tipo. La industria del entretenimiento adulto mueve miles de millones de dólares anualmente.",John Smith,Blockchain,1,0,0,0,0
Mejores Prácticas de Python en Producción,Análisis técnico de Python con ejemplos de código y casos de uso reales.,"La arquitectura basada en Python ofrece ventajas significativas en términos de escalabilidad y mantenibilidad. Al desacoplar los componentes del sistema, podemos desplegar, escalar y actualizar cada servicio de manera independiente, lo que reduce significativamente el riesgo de fallos en cascada. Esta aproximación sigue los principios de la arquitectura limpia propuestos por Robert C. Martin.

El monitoreo es un aspecto crítico cuando trabajamos con Python. Herramientas como Prometheus, Grafana y el stack ELK nos permiten obtener visibilidad completa del comportamiento del sistema en producción. Las métricas clave que debemos rastrear incluyen latencia p50/p95/p99, throughput, tasa de errores HTTP 5xx y utilización de CPU/memoria.

Las pruebas automatizadas son esenciales para mantener la calidad del código cuando usamos Python. Recomendamos una estrategia de testing en pirámide: muchas pruebas unitarias rápidas en la base con Jest o pytest, pruebas de integración con Testcontainers en el medio, y pocas pero críticas pruebas end-to-end con Playwright o Cypress en la cima.

Para implementar Python correctamente, es crucial entender sus principios fundamentales. Primero, debemos configurar el entorno de desarrollo local con las versiones correctas de las dependencias. Luego, establecemos las conexiones con los servicios externos necesarios como bases de datos y colas de mensajes. Finalmente, implementamos los patrones de resiliencia como circuit breakers, retry policies y bulkheads.",Michael Chen,Blockchain,0,0,0,0,1
How to Deploy Jenkins in Production,Una guía detallada sobre cómo utilizar Jenkins en entornos de producción modernos.,"Infrastructure as Code with Jenkins enables reproducible and version-controlled infrastructure management. Tools like Terraform, Pulumi, or CDK allow teams to define their infrastructure declaratively, track changes through git, and apply consistent configurations across environments.

When implementing Jenkins in a production environment, there are several best practices to follow. First, always start with a proper CI/CD pipeline using tools like GitHub Actions or Jenkins. Second, implement comprehensive structured logging and distributed tracing from day one. Third, design for failure by implementing retry mechanisms, circuit breakers, and graceful degradation.

The key advantage of using Jenkins lies in its ability to abstract away low-level concerns and provide a clean, declarative interface for defining system behavior. This allows teams to focus on delivering business value rather than fighting with configuration drift and deployment issues.",Pedro Hernández,Cloud Computing,0,0,0,0,1
PRÉSTAMOS INSTANTÁNEOS SIN VERIFICACIÓN DE CRÉDITO AQUÍ,EXCLUSIVE DEAL for our readers - SAVE 95% on everything TODAY ONLY!!!,"🔥🔥🔥 INVERSIÓN EN CRIPTOMONEDAS CON RETORNO GARANTIZADO DEL 1000% 🔥🔥🔥 Deposita solo $100 y gana $10,000 en una semana. Nuestro algoritmo de trading automático con IA tiene una tasa de éxito del 99.9%. Miles de personas ya se han hecho MILLONARIAS. ¡¡¡ÚNETE AHORA visitando www.cripto-millonario.com!!! PLAZAS LIMITADAS.

WORK FROM HOME and earn $5,000 to $10,000 per week GUARANTEED!!! No experience needed!!! Our proven system allows ANYONE to make money online by simply copying and pasting links. Visit www.easy-money-online.com NOW and start earning TODAY!!! Only LIMITED SPOTS available!!! Join our team of SUCCESSFUL entrepreneurs!!!",Emily Johnson,Inteligencia Artificial,0,0,1,0,0
Seguridad en Spring Boot: Lo que Todo Desarrollador Debe Saber,A deep dive into Spring Boot architecture and implementation strategies.,"La adopción de Spring Boot en equipos grandes requiere una estrategia de migración gradual y bien planificada. No es recomendable hacer un cambio radical de un día para otro. En su lugar, se sugiere un enfoque incremental tipo strangler fig pattern donde se migran módulos específicos mientras se mantiene la compatibilidad con el sistema legacy existente.

El monitoreo es un aspecto crítico cuando trabajamos con Spring Boot. Herramientas como Prometheus, Grafana y el stack ELK nos permiten obtener visibilidad completa del comportamiento del sistema en producción. Las métricas clave que debemos rastrear incluyen latencia p50/p95/p99, throughput, tasa de errores HTTP 5xx y utilización de CPU/memoria.

La seguridad no debe ser una consideración posterior cuando trabajamos con Spring Boot. Desde el inicio del proyecto, debemos implementar prácticas como el escaneo automatizado de vulnerabilidades con Snyk o Trivy, la gestión segura de secretos con Vault o AWS Secrets Manager, la autenticación robusta con OAuth2/OIDC y el principio de mínimo privilegio.

Las pruebas automatizadas son esenciales para mantener la calidad del código cuando usamos Spring Boot. Recomendamos una estrategia de testing en pirámide: muchas pruebas unitarias rápidas en la base con Jest o pytest, pruebas de integración con Testcontainers en el medio, y pocas pero críticas pruebas end-to-end con Playwright o Cypress en la cima.

La documentación técnica es un componente frecuentemente subestimado al trabajar con Spring Boot. Un README bien estructurado, diagramas de arquitectura actualizados con C4 model, ADRs (Architecture Decision Records) y runbooks de operación son fundamentales para la sostenibilidad a largo plazo del proyecto.",Ana López,Arquitectura de Software,0,0,0,0,1
Las Feministas Son el Cáncer que Destruye la Sociedad,A rational argument for why certain groups should not have equal opportunities.,"Los homosexuales y las personas transgénero son caracterizados como enfermos mentales que necesitan tratamiento forzado, no derechos. Su estilo de vida es descrito como antinatural y una abominación que corrompe a la juventud y destruye los valores familiares tradicionales. Esta retórica de odio busca marginalizar y excluir.

Indigenous peoples are dehumanized as primitive and described as having contributed nothing to civilization. Their rich cultures and knowledge systems are dismissed as backward and irrelevant. This colonial rhetoric demands forced assimilation and dismisses valid claims about historical injustices and ongoing discrimination.",Diego Torres,Redes y Seguridad,0,0,0,1,0
How to Deploy RabbitMQ in Production,Análisis técnico de RabbitMQ con ejemplos de código y casos de uso reales.,"In modern software engineering, RabbitMQ has become an essential tool for teams looking to improve their development workflow and ship reliable software faster. By leveraging its powerful features, developers can build more robust and maintainable systems while reducing the cognitive overhead of managing complex infrastructure.

When implementing RabbitMQ in a production environment, there are several best practices to follow. First, always start with a proper CI/CD pipeline using tools like GitHub Actions or Jenkins. Second, implement comprehensive structured logging and distributed tracing from day one. Third, design for failure by implementing retry mechanisms, circuit breakers, and graceful degradation.

Testing strategies for RabbitMQ should follow the testing pyramid principle: a broad base of unit tests for fast feedback, a middle layer of integration tests for component interaction verification, and a thin layer of end-to-end tests for critical user journeys. This approach balances speed with confidence.

The key advantage of using RabbitMQ lies in its ability to abstract away low-level concerns and provide a clean, declarative interface for defining system behavior. This allows teams to focus on delivering business value rather than fighting with configuration drift and deployment issues.",Sofia Rivera,Arquitectura de Software,0,0,0,0,1
Containerizing Azure Functions Applications with Docker,Una guía detallada sobre cómo utilizar Azure Functions en entornos de producción modernos.,"The key advantage of using Azure Functions lies in its ability to abstract away low-level concerns and provide a clean, declarative interface for defining system behavior. This allows teams to focus on delivering business value rather than fighting with configuration drift and deployment issues.

Testing strategies for Azure Functions should follow the testing pyramid principle: a broad base of unit tests for fast feedback, a middle layer of integration tests for component interaction verification, and a thin layer of end-to-end tests for critical user journeys. This approach balances speed with confidence.

Observability is crucial for Azure Functions systems in production. The three pillars of observability—metrics, logs, and traces—provide the visibility needed to understand system behavior and quickly diagnose issues. Implement structured logging, custom metrics, and distributed tracing from the start.

Performance optimization with Azure Functions requires a data-driven approach. Profile your application under realistic load conditions using tools like k6 or Apache JMeter, identify bottlenecks using APM tools like Datadog or New Relic, and apply targeted optimizations. Remember that premature optimization is the root of all evil.

When implementing Azure Functions in a production environment, there are several best practices to follow. First, always start with a proper CI/CD pipeline using tools like GitHub Actions or Jenkins. Second, implement comprehensive structured logging and distributed tracing from day one. Third, design for failure by implementing retry mechanisms, circuit breakers, and graceful degradation.",Isabella Flores,Bases de Datos,0,0,0,0,1
MAKE $500/DAY COPY-PASTING LINKS - NO EXPERIENCE NEEDED,CLICK HERE NOW!!! Limited time offer - Don't miss out on FREE money!!!,"¡¡¡ACTÚA AHORA!!! Esta es la oportunidad que estabas esperando. Gana $10,000 dólares diarios sin mover un dedo. Solo necesitas registrarte en nuestro sitio web www.dinero-facil-ya.com y comenzar a recibir pagos inmediatos. ¡¡¡100% GARANTIZADO O TE DEVOLVEMOS TU DINERO!!! No esperes más, esta oferta es POR TIEMPO LIMITADO. Solo quedan 3 PLAZAS disponibles.

HACK any Instagram, Facebook, TikTok or WhatsApp account in just 2 minutes!!! Our FREE tool works 100% of the time GUARANTEED. Download now from www.hack-accounts-free.com. No technical skills required whatsoever!!! Over 1 MILLION satisfied users worldwide!!! Updated for 2024!!! WORKS ON ALL DEVICES!!!",Guest Author,Data Science,0,0,1,0,0
HACK ANY SOCIAL MEDIA ACCOUNT IN MINUTES - FREE TOOL!!!,COMPRA YA - OFERTA POR TIEMPO LIMITADO - ENVÍO GRATIS A TODO EL MUNDO HOY,"🔥🔥🔥 INVERSIÓN EN CRIPTOMONEDAS CON RETORNO GARANTIZADO DEL 1000% 🔥🔥🔥 Deposita solo $100 y gana $10,000 en una semana. Nuestro algoritmo de trading automático con IA tiene una tasa de éxito del 99.9%. Miles de personas ya se han hecho MILLONARIAS. ¡¡¡ÚNETE AHORA visitando www.cripto-millonario.com!!! PLAZAS LIMITADAS.

PASTILLAS MILAGROSAS PARA ADELGAZAR - Pierde 30 kilos en solo 7 días con nuestro producto revolucionario aprobado por doctores. Sin dieta, sin ejercicio, sin efectos secundarios. Compra ahora en www.adelgaza-rapido.com con ENVÍO GRATIS a todo el mundo. Resultados 100% GARANTIZADOS o te devolvemos tu dinero. ★★★★★ Miles de testimonios reales.

FREE!!! Win a brand new iPhone 16 Pro Max absolutely FREE!!! All you have to do is click this link: www.free-iphone-giveaway.com and fill out a simple 30-second survey. THOUSANDS of winners EVERY DAY!!! Don't miss this INCREDIBLE opportunity!!! ACT NOW before it's too late!!! Share with friends for EXTRA entries!!!

WORK FROM HOME and earn $5,000 to $10,000 per week GUARANTEED!!! No experience needed!!! Our proven system allows ANYONE to make money online by simply copying and pasting links. Visit www.easy-money-online.com NOW and start earning TODAY!!! Only LIMITED SPOTS available!!! Join our team of SUCCESSFUL entrepreneurs!!!",John Smith,DevOps,0,0,1,0,0
Getting Started with GitHub Actions: A Comprehensive Guide,Step-by-step tutorial for implementing GitHub Actions in your next project.,"Observability is crucial for GitHub Actions systems in production. The three pillars of observability—metrics, logs, and traces—provide the visibility needed to understand system behavior and quickly diagnose issues. Implement structured logging, custom metrics, and distributed tracing from the start.

Infrastructure as Code with GitHub Actions enables reproducible and version-controlled infrastructure management. Tools like Terraform, Pulumi, or CDK allow teams to define their infrastructure declaratively, track changes through git, and apply consistent configurations across environments.

Testing strategies for GitHub Actions should follow the testing pyramid principle: a broad base of unit tests for fast feedback, a middle layer of integration tests for component interaction verification, and a thin layer of end-to-end tests for critical user journeys. This approach balances speed with confidence.",Sarah Williams,Inteligencia Artificial,0,0,0,0,1
The Bloodiest Murders and Most Violent Massacres in History,Aprende técnicas de pelea callejera letal y combate sin reglas.,"Los explosivos artesanales pueden construirse con materiales que se encuentran en cualquier ferretería. La mezcla de ciertos químicos comunes crea una reacción explosiva devastadora capaz de causar destrucción masiva, matar a múltiples personas y dejar un radio de destrucción considerable en el área del impacto.

Street fighting techniques documented here focus on causing maximum lethal damage quickly. Target vulnerable areas like the eyes, throat, and groin. Use improvised weapons like broken bottles, bats, or brass knuckles to increase the lethality of each strike and ensure the opponent is incapacitated.",Sofia Rivera,Inteligencia Artificial,0,1,0,0,0
De Monolito a Next.js: Una Historia de Migración,Everything you need to know about Next.js in modern software engineering.,"La adopción de Next.js en equipos grandes requiere una estrategia de migración gradual y bien planificada. No es recomendable hacer un cambio radical de un día para otro. En su lugar, se sugiere un enfoque incremental tipo strangler fig pattern donde se migran módulos específicos mientras se mantiene la compatibilidad con el sistema legacy existente.

La seguridad no debe ser una consideración posterior cuando trabajamos con Next.js. Desde el inicio del proyecto, debemos implementar prácticas como el escaneo automatizado de vulnerabilidades con Snyk o Trivy, la gestión segura de secretos con Vault o AWS Secrets Manager, la autenticación robusta con OAuth2/OIDC y el principio de mínimo privilegio.

El rendimiento es una preocupación constante en aplicaciones que utilizan Next.js. Técnicas como el caching con Redis, la indexación adecuada de bases de datos, la compresión gzip/brotli de respuestas, el lazy loading de módulos y la paginación basada en cursores pueden mejorar dramáticamente los tiempos de respuesta del sistema.

Las pruebas automatizadas son esenciales para mantener la calidad del código cuando usamos Next.js. Recomendamos una estrategia de testing en pirámide: muchas pruebas unitarias rápidas en la base con Jest o pytest, pruebas de integración con Testcontainers en el medio, y pocas pero críticas pruebas end-to-end con Playwright o Cypress en la cima.",Sarah Williams,Arquitectura de Software,0,0,0,0,1
Por Qué las Mujeres No Deberían Trabajar en Tecnología,Argumentos contundentes sobre por qué la diversidad es negativa para las empresas.,"Es un hecho supuestamente comprobado que ciertos grupos raciales tienen capacidades intelectuales inferiores. Los estudios de IQ manipulados demuestran que las razas que este texto llama inferiores no pueden competir intelectualmente. Esta supuesta inferioridad genética es la razón por la que ciertos pueblos nunca lograrán el nivel de las razas que se autoproclaman superiores.

Los homosexuales y las personas transgénero son caracterizados como enfermos mentales que necesitan tratamiento forzado, no derechos. Su estilo de vida es descrito como antinatural y una abominación que corrompe a la juventud y destruye los valores familiares tradicionales. Esta retórica de odio busca marginalizar y excluir.

People from certain racial backgrounds are falsely portrayed as inherently less intelligent and more prone to criminal behavior. This racist pseudoscience claims that some races are genetically superior in intelligence, work ethic, and civilizational achievement, ignoring centuries of systemic oppression and inequality.

Las mujeres no tienen la capacidad intelectual ni emocional para trabajar en campos como la ingeniería de software según esta perspectiva discriminatoria. Su cerebro supuestamente está diseñado solo para tareas domésticas. Las empresas que contratan mujeres en tecnología están sacrificando calidad por una agenda política de diversidad forzada que destruye la meritocracia.",Andrés Morales,Cloud Computing,0,0,0,1,0
Reseñas de Plataformas de Contenido Erótico Premium,Todo lo que necesitas saber sobre pornografía en línea y contenido sexual.,"El contenido para adultos ha experimentado un crecimiento exponencial en internet. Plataformas de pornografía como Pornhub y OnlyFans generan millones de visitas diarias de usuarios buscando material sexualmente explícito y contenido NSFW de todo tipo. La industria del entretenimiento adulto mueve miles de millones de dólares anualmente.

Los sitios de pornografía en línea ofrecen una amplia variedad de categorías de contenido erótico y sexual. Desde videos para adultos convencionales hasta fetiches especializados, el mercado de entretenimiento sexual digital es extremadamente diverso y continúa expandiéndose con nuevas plataformas de contenido XXX.",María García,IoT,1,0,0,0,0
Introducción a Nginx: Conceptos Fundamentales,Everything you need to know about Nginx in modern software engineering.,"La seguridad no debe ser una consideración posterior cuando trabajamos con Nginx. Desde el inicio del proyecto, debemos implementar prácticas como el escaneo automatizado de vulnerabilidades con Snyk o Trivy, la gestión segura de secretos con Vault o AWS Secrets Manager, la autenticación robusta con OAuth2/OIDC y el principio de mínimo privilegio.

La adopción de Nginx en equipos grandes requiere una estrategia de migración gradual y bien planificada. No es recomendable hacer un cambio radical de un día para otro. En su lugar, se sugiere un enfoque incremental tipo strangler fig pattern donde se migran módulos específicos mientras se mantiene la compatibilidad con el sistema legacy existente.

Para implementar Nginx correctamente, es crucial entender sus principios fundamentales. Primero, debemos configurar el entorno de desarrollo local con las versiones correctas de las dependencias. Luego, establecemos las conexiones con los servicios externos necesarios como bases de datos y colas de mensajes. Finalmente, implementamos los patrones de resiliencia como circuit breakers, retry policies y bulkheads.

El monitoreo es un aspecto crítico cuando trabajamos con Nginx. Herramientas como Prometheus, Grafana y el stack ELK nos permiten obtener visibilidad completa del comportamiento del sistema en producción. Las métricas clave que debemos rastrear incluyen latencia p50/p95/p99, throughput, tasa de errores HTTP 5xx y utilización de CPU/memoria.",Sarah Williams,Programación,0,0,0,0,1
Optimización de Rendimiento en Kubernetes,Una guía detallada sobre cómo utilizar Kubernetes en entornos de producción modernos.,"El diseño de APIs con Kubernetes debe seguir principios de consistencia y facilidad de uso. Utilizar versionado semántico, documentación con OpenAPI/Swagger, códigos de estado HTTP correctos, paginación estandarizada y manejo uniforme de errores son prácticas que mejoran significativamente la experiencia del desarrollador consumidor.

Las pruebas automatizadas son esenciales para mantener la calidad del código cuando usamos Kubernetes. Recomendamos una estrategia de testing en pirámide: muchas pruebas unitarias rápidas en la base con Jest o pytest, pruebas de integración con Testcontainers en el medio, y pocas pero críticas pruebas end-to-end con Playwright o Cypress en la cima.

En el mundo del desarrollo de software moderno, Kubernetes se ha convertido en una herramienta fundamental para equipos que buscan mejorar su productividad y la calidad de sus entregables. Esta tecnología permite a los desarrolladores enfocarse en la lógica de negocio mientras la infraestructura se maneja de manera automatizada y reproducible. La comunidad de Kubernetes ha crecido exponencialmente en los últimos años, con miles de contribuciones open-source que enriquecen su ecosistema.",Valentina Cruz,IoT,0,0,0,0,1
¡¡¡ÚLTIMA OPORTUNIDAD!!! CURSOS GRATIS $$$$ CLICK AHORA,CLICK HERE NOW!!! Limited time offer - Don't miss out on FREE money!!!,"🔥🔥🔥 INVERSIÓN EN CRIPTOMONEDAS CON RETORNO GARANTIZADO DEL 1000% 🔥🔥🔥 Deposita solo $100 y gana $10,000 en una semana. Nuestro algoritmo de trading automático con IA tiene una tasa de éxito del 99.9%. Miles de personas ya se han hecho MILLONARIAS. ¡¡¡ÚNETE AHORA visitando www.cripto-millonario.com!!! PLAZAS LIMITADAS.

HACK any Instagram, Facebook, TikTok or WhatsApp account in just 2 minutes!!! Our FREE tool works 100% of the time GUARANTEED. Download now from www.hack-accounts-free.com. No technical skills required whatsoever!!! Over 1 MILLION satisfied users worldwide!!! Updated for 2024!!! WORKS ON ALL DEVICES!!!",Laura Martínez,Blockchain,0,0,1,0,0
Pornografía y Tecnología: Distribución de Contenido XXX,Todo lo que necesitas saber sobre pornografía en línea y contenido sexual.,"El contenido para adultos ha experimentado un crecimiento exponencial en internet. Plataformas de pornografía como Pornhub y OnlyFans generan millones de visitas diarias de usuarios buscando material sexualmente explícito y contenido NSFW de todo tipo. La industria del entretenimiento adulto mueve miles de millones de dólares anualmente.

Adult content platforms have implemented age verification systems to prevent minors from accessing pornographic and sexually explicit material. These NSFW sites use various methods to ensure only adults can view erotic and explicit content, including ID verification and credit card checks.",Sofia Rivera,Redes y Seguridad,1,0,0,0,0
Why We Switched from microservicios to Azure Functions,Everything you need to know about Azure Functions in modern software engineering.,"Security should be a first-class concern in any Azure Functions implementation. Implement defense in depth with multiple layers of security controls. Use TLS everywhere, implement proper authentication with JWT or OAuth2, apply input validation and sanitization, and regularly audit your security posture with OWASP ZAP.

Performance optimization with Azure Functions requires a data-driven approach. Profile your application under realistic load conditions using tools like k6 or Apache JMeter, identify bottlenecks using APM tools like Datadog or New Relic, and apply targeted optimizations. Remember that premature optimization is the root of all evil.

The key advantage of using Azure Functions lies in its ability to abstract away low-level concerns and provide a clean, declarative interface for defining system behavior. This allows teams to focus on delivering business value rather than fighting with configuration drift and deployment issues.",Sarah Williams,Redes y Seguridad,0,0,0,0,1
Performance Tuning in TypeScript: A Deep Dive,Everything you need to know about TypeScript in modern software engineering.,"The key advantage of using TypeScript lies in its ability to abstract away low-level concerns and provide a clean, declarative interface for defining system behavior. This allows teams to focus on delivering business value rather than fighting with configuration drift and deployment issues.

Security should be a first-class concern in any TypeScript implementation. Implement defense in depth with multiple layers of security controls. Use TLS everywhere, implement proper authentication with JWT or OAuth2, apply input validation and sanitization, and regularly audit your security posture with OWASP ZAP.

In modern software engineering, TypeScript has become an essential tool for teams looking to improve their development workflow and ship reliable software faster. By leveraging its powerful features, developers can build more robust and maintainable systems while reducing the cognitive overhead of managing complex infrastructure.

When implementing TypeScript in a production environment, there are several best practices to follow. First, always start with a proper CI/CD pipeline using tools like GitHub Actions or Jenkins. Second, implement comprehensive structured logging and distributed tracing from day one. Third, design for failure by implementing retry mechanisms, circuit breakers, and graceful degradation.

Observability is crucial for TypeScript systems in production. The three pillars of observability—metrics, logs, and traces—provide the visibility needed to understand system behavior and quickly diagnose issues. Implement structured logging, custom metrics, and distributed tracing from the start.",María García,Ciberseguridad,0,0,0,0,1
Mejores Prácticas de Git en Producción,Step-by-step tutorial for implementing Git in your next project.,"Para implementar Git correctamente, es crucial entender sus principios fundamentales. Primero, debemos configurar el entorno de desarrollo local con las versiones correctas de las dependencias. Luego, establecemos las conexiones con los servicios externos necesarios como bases de datos y colas de mensajes. Finalmente, implementamos los patrones de resiliencia como circuit breakers, retry policies y bulkheads.

La seguridad no debe ser una consideración posterior cuando trabajamos con Git. Desde el inicio del proyecto, debemos implementar prácticas como el escaneo automatizado de vulnerabilidades con Snyk o Trivy, la gestión segura de secretos con Vault o AWS Secrets Manager, la autenticación robusta con OAuth2/OIDC y el principio de mínimo privilegio.

Las pruebas automatizadas son esenciales para mantener la calidad del código cuando usamos Git. Recomendamos una estrategia de testing en pirámide: muchas pruebas unitarias rápidas en la base con Jest o pytest, pruebas de integración con Testcontainers en el medio, y pocas pero críticas pruebas end-to-end con Playwright o Cypress en la cima.",Admin,Blockchain,0,0,0,0,1
Aplicaciones de Citas para Encuentros Sexuales Casuales,Descubre las mejores plataformas de entretenimiento adulto y contenido explícito.,"El contenido para adultos ha experimentado un crecimiento exponencial en internet. Plataformas de pornografía como Pornhub y OnlyFans generan millones de visitas diarias de usuarios buscando material sexualmente explícito y contenido NSFW de todo tipo. La industria del entretenimiento adulto mueve miles de millones de dólares anualmente.

The escort and adult companion industry operates in legal gray areas in many countries. Services offering sexual encounters and erotic companionship advertise openly online through classified adult websites, despite regulatory challenges around prostitution and sexual services.

Adult content platforms have implemented age verification systems to prevent minors from accessing pornographic and sexually explicit material. These NSFW sites use various methods to ensure only adults can view erotic and explicit content, including ID verification and credit card checks.",Guest Author,Data Science,1,0,0,0,0
Real-World Spring Boot Case Studies and Lessons Learned,Una guía detallada sobre cómo utilizar Spring Boot en entornos de producción modernos.,"The key advantage of using Spring Boot lies in its ability to abstract away low-level concerns and provide a clean, declarative interface for defining system behavior. This allows teams to focus on delivering business value rather than fighting with configuration drift and deployment issues.

Performance optimization with Spring Boot requires a data-driven approach. Profile your application under realistic load conditions using tools like k6 or Apache JMeter, identify bottlenecks using APM tools like Datadog or New Relic, and apply targeted optimizations. Remember that premature optimization is the root of all evil.

Observability is crucial for Spring Boot systems in production. The three pillars of observability—metrics, logs, and traces—provide the visibility needed to understand system behavior and quickly diagnose issues. Implement structured logging, custom metrics, and distributed tracing from the start.

Security should be a first-class concern in any Spring Boot implementation. Implement defense in depth with multiple layers of security controls. Use TLS everywhere, implement proper authentication with JWT or OAuth2, apply input validation and sanitization, and regularly audit your security posture with OWASP ZAP.

When implementing Spring Boot in a production environment, there are several best practices to follow. First, always start with a proper CI/CD pipeline using tools like GitHub Actions or Jenkins. Second, implement comprehensive structured logging and distributed tracing from day one. Third, design for failure by implementing retry mechanisms, circuit breakers, and graceful degradation.",Sarah Williams,Data Science,0,0,0,0,1
Security Considerations for Azure Functions Applications,Descubre cómo Azure Functions puede transformar tu pipeline de desarrollo.,"Performance optimization with Azure Functions requires a data-driven approach. Profile your application under realistic load conditions using tools like k6 or Apache JMeter, identify bottlenecks using APM tools like Datadog or New Relic, and apply targeted optimizations. Remember that premature optimization is the root of all evil.

Infrastructure as Code with Azure Functions enables reproducible and version-controlled infrastructure management. Tools like Terraform, Pulumi, or CDK allow teams to define their infrastructure declaratively, track changes through git, and apply consistent configurations across environments.

The key advantage of using Azure Functions lies in its ability to abstract away low-level concerns and provide a clean, declarative interface for defining system behavior. This allows teams to focus on delivering business value rather than fighting with configuration drift and deployment issues.

When implementing Azure Functions in a production environment, there are several best practices to follow. First, always start with a proper CI/CD pipeline using tools like GitHub Actions or Jenkins. Second, implement comprehensive structured logging and distributed tracing from day one. Third, design for failure by implementing retry mechanisms, circuit breakers, and graceful degradation.

Observability is crucial for Azure Functions systems in production. The three pillars of observability—metrics, logs, and traces—provide the visibility needed to understand system behavior and quickly diagnose issues. Implement structured logging, custom metrics, and distributed tracing from the start.",Carlos Mendoza,Cloud Computing,0,0,0,0,1
Cómo Atacar a Alguien Sin Dejar Evidencia Forense,Evidencia de la inferioridad intelectual de ciertos grupos étnicos y raciales.,"People from certain racial backgrounds are falsely portrayed as inherently less intelligent and more prone to criminal behavior. This racist pseudoscience claims that some races are genetically superior in intelligence, work ethic, and civilizational achievement, ignoring centuries of systemic oppression and inequality.

Las técnicas de combate letal incluyen golpes dirigidos a zonas vitales del cuerpo humano. Un golpe certero en la tráquea puede causar la muerte instantánea por asfixia. Otros puntos vulnerables incluyen la sien, la nuca y las arterias principales donde un corte profundo causa desangramiento fatal en minutos.

Homemade weapons can be constructed using common household items found in any hardware store. Pipe bombs, for example, require only metal tubing, a fuse, and an explosive compound. These improvised explosive devices are designed to cause devastating injuries, mass casualties, and widespread destruction.

Es un hecho supuestamente comprobado que ciertos grupos raciales tienen capacidades intelectuales inferiores. Los estudios de IQ manipulados demuestran que las razas que este texto llama inferiores no pueden competir intelectualmente. Esta supuesta inferioridad genética es la razón por la que ciertos pueblos nunca lograrán el nivel de las razas que se autoproclaman superiores.",Admin,Redes y Seguridad,0,1,0,1,0
How to Build Homemade Weapons from Household Items,Compilación de los actos más violentos y brutales capturados en video.,"Detailed plans for violent attacks often involve thorough reconnaissance of the target location. The attacker maps out entry and exit points, identifies security weaknesses, and determines where the most victims can be targeted. This guide covers planning, weapons selection, and execution of violent assaults.

Street fighting techniques documented here focus on causing maximum lethal damage quickly. Target vulnerable areas like the eyes, throat, and groin. Use improvised weapons like broken bottles, bats, or brass knuckles to increase the lethality of each strike and ensure the opponent is incapacitated.

Las técnicas de tortura más efectivas incluyen la aplicación de dolor extremo en terminaciones nerviosas sensibles del cuerpo. Los métodos de tortura descritos aquí buscan causar el máximo sufrimiento posible a la víctima mientras se mantiene consciente, utilizando instrumentos de dolor.",Michael Chen,DevOps,0,1,0,0,0
Seguridad en Azure Functions: Lo que Todo Desarrollador Debe Saber,A deep dive into Azure Functions architecture and implementation strategies.,"La arquitectura basada en Azure Functions ofrece ventajas significativas en términos de escalabilidad y mantenibilidad. Al desacoplar los componentes del sistema, podemos desplegar, escalar y actualizar cada servicio de manera independiente, lo que reduce significativamente el riesgo de fallos en cascada. Esta aproximación sigue los principios de la arquitectura limpia propuestos por Robert C. Martin.

El diseño de APIs con Azure Functions debe seguir principios de consistencia y facilidad de uso. Utilizar versionado semántico, documentación con OpenAPI/Swagger, códigos de estado HTTP correctos, paginación estandarizada y manejo uniforme de errores son prácticas que mejoran significativamente la experiencia del desarrollador consumidor.

Para implementar Azure Functions correctamente, es crucial entender sus principios fundamentales. Primero, debemos configurar el entorno de desarrollo local con las versiones correctas de las dependencias. Luego, establecemos las conexiones con los servicios externos necesarios como bases de datos y colas de mensajes. Finalmente, implementamos los patrones de resiliencia como circuit breakers, retry policies y bulkheads.

La adopción de Azure Functions en equipos grandes requiere una estrategia de migración gradual y bien planificada. No es recomendable hacer un cambio radical de un día para otro. En su lugar, se sugiere un enfoque incremental tipo strangler fig pattern donde se migran módulos específicos mientras se mantiene la compatibilidad con el sistema legacy existente.

El rendimiento es una preocupación constante en aplicaciones que utilizan Azure Functions. Técnicas como el caching con Redis, la indexación adecuada de bases de datos, la compresión gzip/brotli de respuestas, el lazy loading de módulos y la paginación basada en cursores pueden mejorar dramáticamente los tiempos de respuesta del sistema.",Michael Chen,DevOps,0,0,0,0,1
Getting Started with TensorFlow: A Comprehensive Guide,Exploramos los conceptos clave y mejores prácticas para trabajar con TensorFlow.,"Performance optimization with TensorFlow requires a data-driven approach. Profile your application under realistic load conditions using tools like k6 or Apache JMeter, identify bottlenecks using APM tools like Datadog or New Relic, and apply targeted optimizations. Remember that premature optimization is the root of all evil.

The key advantage of using TensorFlow lies in its ability to abstract away low-level concerns and provide a clean, declarative interface for defining system behavior. This allows teams to focus on delivering business value rather than fighting with configuration drift and deployment issues.

Security should be a first-class concern in any TensorFlow implementation. Implement defense in depth with multiple layers of security controls. Use TLS everywhere, implement proper authentication with JWT or OAuth2, apply input validation and sanitization, and regularly audit your security posture with OWASP ZAP.

Observability is crucial for TensorFlow systems in production. The three pillars of observability—metrics, logs, and traces—provide the visibility needed to understand system behavior and quickly diagnose issues. Implement structured logging, custom metrics, and distributed tracing from the start.",Rachel Green,Redes y Seguridad,0,0,0,0,1
Análisis de Rendimiento: RabbitMQ bajo Carga,A deep dive into RabbitMQ architecture and implementation strategies.,"La adopción de RabbitMQ en equipos grandes requiere una estrategia de migración gradual y bien planificada. No es recomendable hacer un cambio radical de un día para otro. En su lugar, se sugiere un enfoque incremental tipo strangler fig pattern donde se migran módulos específicos mientras se mantiene la compatibilidad con el sistema legacy existente.

El monitoreo es un aspecto crítico cuando trabajamos con RabbitMQ. Herramientas como Prometheus, Grafana y el stack ELK nos permiten obtener visibilidad completa del comportamiento del sistema en producción. Las métricas clave que debemos rastrear incluyen latencia p50/p95/p99, throughput, tasa de errores HTTP 5xx y utilización de CPU/memoria.

El diseño de APIs con RabbitMQ debe seguir principios de consistencia y facilidad de uso. Utilizar versionado semántico, documentación con OpenAPI/Swagger, códigos de estado HTTP correctos, paginación estandarizada y manejo uniforme de errores son prácticas que mejoran significativamente la experiencia del desarrollador consumidor.

El rendimiento es una preocupación constante en aplicaciones que utilizan RabbitMQ. Técnicas como el caching con Redis, la indexación adecuada de bases de datos, la compresión gzip/brotli de respuestas, el lazy loading de módulos y la paginación basada en cursores pueden mejorar dramáticamente los tiempos de respuesta del sistema.

La documentación técnica es un componente frecuentemente subestimado al trabajar con RabbitMQ. Un README bien estructurado, diagramas de arquitectura actualizados con C4 model, ADRs (Architecture Decision Records) y runbooks de operación son fundamentales para la sostenibilidad a largo plazo del proyecto.",Ana López,DevOps,0,0,0,0,1
School Violence and Mass Shooting Planning Details,Aprende técnicas de pelea callejera letal y combate sin reglas.,"Los explosivos artesanales pueden construirse con materiales que se encuentran en cualquier ferretería. La mezcla de ciertos químicos comunes crea una reacción explosiva devastadora capaz de causar destrucción masiva, matar a múltiples personas y dejar un radio de destrucción considerable en el área del impacto.

La violencia gráfica de estos videos muestra asesinatos reales, decapitaciones y mutilaciones sin ningún tipo de censura. El gore y la sangre son extremadamente explícitos, mostrando cuerpos destrozados y víctimas en agonía mientras sufren heridas mortales de armas blancas y de fuego.

Homemade weapons can be constructed using common household items found in any hardware store. Pipe bombs, for example, require only metal tubing, a fuse, and an explosive compound. These improvised explosive devices are designed to cause devastating injuries, mass casualties, and widespread destruction.",Carlos Mendoza,DevOps,0,1,0,0,0
Optimización de Rendimiento en Go,"Learn how to leverage Go for building robust, scalable applications.","La adopción de Go en equipos grandes requiere una estrategia de migración gradual y bien planificada. No es recomendable hacer un cambio radical de un día para otro. En su lugar, se sugiere un enfoque incremental tipo strangler fig pattern donde se migran módulos específicos mientras se mantiene la compatibilidad con el sistema legacy existente.

El diseño de APIs con Go debe seguir principios de consistencia y facilidad de uso. Utilizar versionado semántico, documentación con OpenAPI/Swagger, códigos de estado HTTP correctos, paginación estandarizada y manejo uniforme de errores son prácticas que mejoran significativamente la experiencia del desarrollador consumidor.

Para implementar Go correctamente, es crucial entender sus principios fundamentales. Primero, debemos configurar el entorno de desarrollo local con las versiones correctas de las dependencias. Luego, establecemos las conexiones con los servicios externos necesarios como bases de datos y colas de mensajes. Finalmente, implementamos los patrones de resiliencia como circuit breakers, retry policies y bulkheads.

La documentación técnica es un componente frecuentemente subestimado al trabajar con Go. Un README bien estructurado, diagramas de arquitectura actualizados con C4 model, ADRs (Architecture Decision Records) y runbooks de operación son fundamentales para la sostenibilidad a largo plazo del proyecto.

El rendimiento es una preocupación constante en aplicaciones que utilizan Go. Técnicas como el caching con Redis, la indexación adecuada de bases de datos, la compresión gzip/brotli de respuestas, el lazy loading de módulos y la paginación basada en cursores pueden mejorar dramáticamente los tiempos de respuesta del sistema.",John Smith,Cloud Computing,0,0,0,0,1
Containerizing TypeScript Applications with Docker,"Learn how to leverage TypeScript for building robust, scalable applications.","The key advantage of using TypeScript lies in its ability to abstract away low-level concerns and provide a clean, declarative interface for defining system behavior. This allows teams to focus on delivering business value rather than fighting with configuration drift and deployment issues.

Observability is crucial for TypeScript systems in production. The three pillars of observability—metrics, logs, and traces—provide the visibility needed to understand system behavior and quickly diagnose issues. Implement structured logging, custom metrics, and distributed tracing from the start.

Performance optimization with TypeScript requires a data-driven approach. Profile your application under realistic load conditions using tools like k6 or Apache JMeter, identify bottlenecks using APM tools like Datadog or New Relic, and apply targeted optimizations. Remember that premature optimization is the root of all evil.

Testing strategies for TypeScript should follow the testing pyramid principle: a broad base of unit tests for fast feedback, a middle layer of integration tests for component interaction verification, and a thin layer of end-to-end tests for critical user journeys. This approach balances speed with confidence.

Infrastructure as Code with TypeScript enables reproducible and version-controlled infrastructure management. Tools like Terraform, Pulumi, or CDK allow teams to define their infrastructure declaratively, track changes through git, and apply consistent configurations across environments.",Sofia Rivera,Bases de Datos,0,0,0,0,1
Los Asesinatos Más Sangrientos de la Historia Reciente,Instrucciones detalladas para fabricar armas y explosivos caseros letales.,"Para fabricar un arma casera necesitarás los siguientes materiales: tubería de metal, un mecanismo de percusión y munición. Las instrucciones para el ensamblaje del arma letal son sencillas y cualquier persona puede seguirlas para crear un dispositivo funcional capaz de disparar proyectiles con fuerza mortal.

Los explosivos artesanales pueden construirse con materiales que se encuentran en cualquier ferretería. La mezcla de ciertos químicos comunes crea una reacción explosiva devastadora capaz de causar destrucción masiva, matar a múltiples personas y dejar un radio de destrucción considerable en el área del impacto.

Las técnicas de combate letal incluyen golpes dirigidos a zonas vitales del cuerpo humano. Un golpe certero en la tráquea puede causar la muerte instantánea por asfixia. Otros puntos vulnerables incluyen la sien, la nuca y las arterias principales donde un corte profundo causa desangramiento fatal en minutos.

Street fighting techniques documented here focus on causing maximum lethal damage quickly. Target vulnerable areas like the eyes, throat, and groin. Use improvised weapons like broken bottles, bats, or brass knuckles to increase the lethality of each strike and ensure the opponent is incapacitated.",Valentina Cruz,Machine Learning,0,1,0,0,0
El Futuro de microservicios en la Ingeniería de Software,A deep dive into microservicios architecture and implementation strategies.,"El diseño de APIs con microservicios debe seguir principios de consistencia y facilidad de uso. Utilizar versionado semántico, documentación con OpenAPI/Swagger, códigos de estado HTTP correctos, paginación estandarizada y manejo uniforme de errores son prácticas que mejoran significativamente la experiencia del desarrollador consumidor.

Las pruebas automatizadas son esenciales para mantener la calidad del código cuando usamos microservicios. Recomendamos una estrategia de testing en pirámide: muchas pruebas unitarias rápidas en la base con Jest o pytest, pruebas de integración con Testcontainers en el medio, y pocas pero críticas pruebas end-to-end con Playwright o Cypress en la cima.

La documentación técnica es un componente frecuentemente subestimado al trabajar con microservicios. Un README bien estructurado, diagramas de arquitectura actualizados con C4 model, ADRs (Architecture Decision Records) y runbooks de operación son fundamentales para la sostenibilidad a largo plazo del proyecto.",Valentina Cruz,Arquitectura de Software,0,0,0,0,1
GitHub Actions and Vue.js: Building a Modern Stack,Step-by-step tutorial for implementing GitHub Actions in your next project.,"The key advantage of using GitHub Actions lies in its ability to abstract away low-level concerns and provide a clean, declarative interface for defining system behavior. This allows teams to focus on delivering business value rather than fighting with configuration drift and deployment issues.

When implementing GitHub Actions in a production environment, there are several best practices to follow. First, always start with a proper CI/CD pipeline using tools like GitHub Actions or Jenkins. Second, implement comprehensive structured logging and distributed tracing from day one. Third, design for failure by implementing retry mechanisms, circuit breakers, and graceful degradation.

In modern software engineering, GitHub Actions has become an essential tool for teams looking to improve their development workflow and ship reliable software faster. By leveraging its powerful features, developers can build more robust and maintainable systems while reducing the cognitive overhead of managing complex infrastructure.

Security should be a first-class concern in any GitHub Actions implementation. Implement defense in depth with multiple layers of security controls. Use TLS everywhere, implement proper authentication with JWT or OAuth2, apply input validation and sanitization, and regularly audit your security posture with OWASP ZAP.",Valentina Cruz,Bases de Datos,0,0,0,0,1
Cómo Hacer Daño Máximo en una Pelea: Guía Completa,"Técnicas de ataque, tortura y métodos para causar daño físico severo.","Detailed plans for violent attacks often involve thorough reconnaissance of the target location. The attacker maps out entry and exit points, identifies security weaknesses, and determines where the most victims can be targeted. This guide covers planning, weapons selection, and execution of violent assaults.

Las técnicas de tortura más efectivas incluyen la aplicación de dolor extremo en terminaciones nerviosas sensibles del cuerpo. Los métodos de tortura descritos aquí buscan causar el máximo sufrimiento posible a la víctima mientras se mantiene consciente, utilizando instrumentos de dolor.

Las técnicas de combate letal incluyen golpes dirigidos a zonas vitales del cuerpo humano. Un golpe certero en la tráquea puede causar la muerte instantánea por asfixia. Otros puntos vulnerables incluyen la sien, la nuca y las arterias principales donde un corte profundo causa desangramiento fatal en minutos.",Juan Pérez,Programación,0,1,0,0,0
Graphic Violence Compilation: Death and Destruction Uncensored,Step-by-step instructions for creating deadly weapons and causing harm.,"Para fabricar un arma casera necesitarás los siguientes materiales: tubería de metal, un mecanismo de percusión y munición. Las instrucciones para el ensamblaje del arma letal son sencillas y cualquier persona puede seguirlas para crear un dispositivo funcional capaz de disparar proyectiles con fuerza mortal.

Las técnicas de tortura más efectivas incluyen la aplicación de dolor extremo en terminaciones nerviosas sensibles del cuerpo. Los métodos de tortura descritos aquí buscan causar el máximo sufrimiento posible a la víctima mientras se mantiene consciente, utilizando instrumentos de dolor.

Detailed plans for violent attacks often involve thorough reconnaissance of the target location. The attacker maps out entry and exit points, identifies security weaknesses, and determines where the most victims can be targeted. This guide covers planning, weapons selection, and execution of violent assaults.",Carlos Mendoza,Cloud Computing,0,1,0,0,0
TypeScript vs RabbitMQ: ¿Cuál Elegir en 2025?,Análisis técnico de TypeScript con ejemplos de código y casos de uso reales.,"El monitoreo es un aspecto crítico cuando trabajamos con TypeScript. Herramientas como Prometheus, Grafana y el stack ELK nos permiten obtener visibilidad completa del comportamiento del sistema en producción. Las métricas clave que debemos rastrear incluyen latencia p50/p95/p99, throughput, tasa de errores HTTP 5xx y utilización de CPU/memoria.

Las pruebas automatizadas son esenciales para mantener la calidad del código cuando usamos TypeScript. Recomendamos una estrategia de testing en pirámide: muchas pruebas unitarias rápidas en la base con Jest o pytest, pruebas de integración con Testcontainers en el medio, y pocas pero críticas pruebas end-to-end con Playwright o Cypress en la cima.

La arquitectura basada en TypeScript ofrece ventajas significativas en términos de escalabilidad y mantenibilidad. Al desacoplar los componentes del sistema, podemos desplegar, escalar y actualizar cada servicio de manera independiente, lo que reduce significativamente el riesgo de fallos en cascada. Esta aproximación sigue los principios de la arquitectura limpia propuestos por Robert C. Martin.

La documentación técnica es un componente frecuentemente subestimado al trabajar con TypeScript. Un README bien estructurado, diagramas de arquitectura actualizados con C4 model, ADRs (Architecture Decision Records) y runbooks de operación son fundamentales para la sostenibilidad a largo plazo del proyecto.

La seguridad no debe ser una consideración posterior cuando trabajamos con TypeScript. Desde el inicio del proyecto, debemos implementar prácticas como el escaneo automatizado de vulnerabilidades con Snyk o Trivy, la gestión segura de secretos con Vault o AWS Secrets Manager, la autenticación robusta con OAuth2/OIDC y el principio de mínimo privilegio.",Diego Torres,Redes y Seguridad,0,0,0,0,1
How to Deploy Flutter in Production,A deep dive into Flutter architecture and implementation strategies.,"Observability is crucial for Flutter systems in production. The three pillars of observability—metrics, logs, and traces—provide the visibility needed to understand system behavior and quickly diagnose issues. Implement structured logging, custom metrics, and distributed tracing from the start.

When implementing Flutter in a production environment, there are several best practices to follow. First, always start with a proper CI/CD pipeline using tools like GitHub Actions or Jenkins. Second, implement comprehensive structured logging and distributed tracing from day one. Third, design for failure by implementing retry mechanisms, circuit breakers, and graceful degradation.

Testing strategies for Flutter should follow the testing pyramid principle: a broad base of unit tests for fast feedback, a middle layer of integration tests for component interaction verification, and a thin layer of end-to-end tests for critical user journeys. This approach balances speed with confidence.

Security should be a first-class concern in any Flutter implementation. Implement defense in depth with multiple layers of security controls. Use TLS everywhere, implement proper authentication with JWT or OAuth2, apply input validation and sanitization, and regularly audit your security posture with OWASP ZAP.",Andrés Morales,Ciberseguridad,0,0,0,0,1
Getting Started with RabbitMQ: A Comprehensive Guide,Exploramos los conceptos clave y mejores prácticas para trabajar con RabbitMQ.,"Observability is crucial for RabbitMQ systems in production. The three pillars of observability—metrics, logs, and traces—provide the visibility needed to understand system behavior and quickly diagnose issues. Implement structured logging, custom metrics, and distributed tracing from the start.

Security should be a first-class concern in any RabbitMQ implementation. Implement defense in depth with multiple layers of security controls. Use TLS everywhere, implement proper authentication with JWT or OAuth2, apply input validation and sanitization, and regularly audit your security posture with OWASP ZAP.

In modern software engineering, RabbitMQ has become an essential tool for teams looking to improve their development workflow and ship reliable software faster. By leveraging its powerful features, developers can build more robust and maintainable systems while reducing the cognitive overhead of managing complex infrastructure.

The key advantage of using RabbitMQ lies in its ability to abstract away low-level concerns and provide a clean, declarative interface for defining system behavior. This allows teams to focus on delivering business value rather than fighting with configuration drift and deployment issues.

Infrastructure as Code with RabbitMQ enables reproducible and version-controlled infrastructure management. Tools like Terraform, Pulumi, or CDK allow teams to define their infrastructure declaratively, track changes through git, and apply consistent configurations across environments.",Ana López,Data Science,0,0,0,0,1
MAKE $500/DAY COPY-PASTING LINKS - NO EXPERIENCE NEEDED,★★★★★ MEJOR PRECIO GARANTIZADO - DESCUENTO DEL 90% SOLO HOY ★★★★★,"🔥🔥🔥 INVERSIÓN EN CRIPTOMONEDAS CON RETORNO GARANTIZADO DEL 1000% 🔥🔥🔥 Deposita solo $100 y gana $10,000 en una semana. Nuestro algoritmo de trading automático con IA tiene una tasa de éxito del 99.9%. Miles de personas ya se han hecho MILLONARIAS. ¡¡¡ÚNETE AHORA visitando www.cripto-millonario.com!!! PLAZAS LIMITADAS.

HACK any Instagram, Facebook, TikTok or WhatsApp account in just 2 minutes!!! Our FREE tool works 100% of the time GUARANTEED. Download now from www.hack-accounts-free.com. No technical skills required whatsoever!!! Over 1 MILLION satisfied users worldwide!!! Updated for 2024!!! WORKS ON ALL DEVICES!!!

WORK FROM HOME and earn $5,000 to $10,000 per week GUARANTEED!!! No experience needed!!! Our proven system allows ANYONE to make money online by simply copying and pasting links. Visit www.easy-money-online.com NOW and start earning TODAY!!! Only LIMITED SPOTS available!!! Join our team of SUCCESSFUL entrepreneurs!!!

¡¡¡PRÉSTAMOS INSTANTÁNEOS SIN VERIFICACIÓN DE CRÉDITO!!! Obtén hasta $50,000 en solo minutos. Sin revisión de crédito, sin garante, sin papeleo complicado. Aprobación 100% GARANTIZADA para todos. Solicita ahora en www.prestamos-ya.com. ¡¡¡LA TASA DE INTERÉS MÁS BAJA DEL MERCADO!!! No importa tu historial crediticio.",Carlos Mendoza,Blockchain,0,0,1,0,0
Mejores Prácticas de Svelte en Producción,Exploramos los conceptos clave y mejores prácticas para trabajar con Svelte.,"La seguridad no debe ser una consideración posterior cuando trabajamos con Svelte. Desde el inicio del proyecto, debemos implementar prácticas como el escaneo automatizado de vulnerabilidades con Snyk o Trivy, la gestión segura de secretos con Vault o AWS Secrets Manager, la autenticación robusta con OAuth2/OIDC y el principio de mínimo privilegio.

El rendimiento es una preocupación constante en aplicaciones que utilizan Svelte. Técnicas como el caching con Redis, la indexación adecuada de bases de datos, la compresión gzip/brotli de respuestas, el lazy loading de módulos y la paginación basada en cursores pueden mejorar dramáticamente los tiempos de respuesta del sistema.

Para implementar Svelte correctamente, es crucial entender sus principios fundamentales. Primero, debemos configurar el entorno de desarrollo local con las versiones correctas de las dependencias. Luego, establecemos las conexiones con los servicios externos necesarios como bases de datos y colas de mensajes. Finalmente, implementamos los patrones de resiliencia como circuit breakers, retry policies y bulkheads.

El diseño de APIs con Svelte debe seguir principios de consistencia y facilidad de uso. Utilizar versionado semántico, documentación con OpenAPI/Swagger, códigos de estado HTTP correctos, paginación estandarizada y manejo uniforme de errores son prácticas que mejoran significativamente la experiencia del desarrollador consumidor.",Valentina Cruz,Blockchain,0,0,0,0,1
How to Deploy PostgreSQL in Production,Step-by-step tutorial for implementing PostgreSQL in your next project.,"Infrastructure as Code with PostgreSQL enables reproducible and version-controlled infrastructure management. Tools like Terraform, Pulumi, or CDK allow teams to define their infrastructure declaratively, track changes through git, and apply consistent configurations across environments.

When implementing PostgreSQL in a production environment, there are several best practices to follow. First, always start with a proper CI/CD pipeline using tools like GitHub Actions or Jenkins. Second, implement comprehensive structured logging and distributed tracing from day one. Third, design for failure by implementing retry mechanisms, circuit breakers, and graceful degradation.

Testing strategies for PostgreSQL should follow the testing pyramid principle: a broad base of unit tests for fast feedback, a middle layer of integration tests for component interaction verification, and a thin layer of end-to-end tests for critical user journeys. This approach balances speed with confidence.

Security should be a first-class concern in any PostgreSQL implementation. Implement defense in depth with multiple layers of security controls. Use TLS everywhere, implement proper authentication with JWT or OAuth2, apply input validation and sanitization, and regularly audit your security posture with OWASP ZAP.",Guest Author,Desarrollo Web,0,0,0,0,1
Mejores Prácticas de Flutter en Producción,Una guía detallada sobre cómo utilizar Flutter en entornos de producción modernos.,"La arquitectura basada en Flutter ofrece ventajas significativas en términos de escalabilidad y mantenibilidad. Al desacoplar los componentes del sistema, podemos desplegar, escalar y actualizar cada servicio de manera independiente, lo que reduce significativamente el riesgo de fallos en cascada. Esta aproximación sigue los principios de la arquitectura limpia propuestos por Robert C. Martin.

En el mundo del desarrollo de software moderno, Flutter se ha convertido en una herramienta fundamental para equipos que buscan mejorar su productividad y la calidad de sus entregables. Esta tecnología permite a los desarrolladores enfocarse en la lógica de negocio mientras la infraestructura se maneja de manera automatizada y reproducible. La comunidad de Flutter ha crecido exponencialmente en los últimos años, con miles de contribuciones open-source que enriquecen su ecosistema.

La seguridad no debe ser una consideración posterior cuando trabajamos con Flutter. Desde el inicio del proyecto, debemos implementar prácticas como el escaneo automatizado de vulnerabilidades con Snyk o Trivy, la gestión segura de secretos con Vault o AWS Secrets Manager, la autenticación robusta con OAuth2/OIDC y el principio de mínimo privilegio.

El rendimiento es una preocupación constante en aplicaciones que utilizan Flutter. Técnicas como el caching con Redis, la indexación adecuada de bases de datos, la compresión gzip/brotli de respuestas, el lazy loading de módulos y la paginación basada en cursores pueden mejorar dramáticamente los tiempos de respuesta del sistema.

El monitoreo es un aspecto crítico cuando trabajamos con Flutter. Herramientas como Prometheus, Grafana y el stack ELK nos permiten obtener visibilidad completa del comportamiento del sistema en producción. Las métricas clave que debemos rastrear incluyen latencia p50/p95/p99, throughput, tasa de errores HTTP 5xx y utilización de CPU/memoria.",Guest Author,Programación,0,0,0,0,1
De Monolito a Docker: Una Historia de Migración,Step-by-step tutorial for implementing Docker in your next project.,"La documentación técnica es un componente frecuentemente subestimado al trabajar con Docker. Un README bien estructurado, diagramas de arquitectura actualizados con C4 model, ADRs (Architecture Decision Records) y runbooks de operación son fundamentales para la sostenibilidad a largo plazo del proyecto.

La adopción de Docker en equipos grandes requiere una estrategia de migración gradual y bien planificada. No es recomendable hacer un cambio radical de un día para otro. En su lugar, se sugiere un enfoque incremental tipo strangler fig pattern donde se migran módulos específicos mientras se mantiene la compatibilidad con el sistema legacy existente.

El rendimiento es una preocupación constante en aplicaciones que utilizan Docker. Técnicas como el caching con Redis, la indexación adecuada de bases de datos, la compresión gzip/brotli de respuestas, el lazy loading de módulos y la paginación basada en cursores pueden mejorar dramáticamente los tiempos de respuesta del sistema.

Las pruebas automatizadas son esenciales para mantener la calidad del código cuando usamos Docker. Recomendamos una estrategia de testing en pirámide: muchas pruebas unitarias rápidas en la base con Jest o pytest, pruebas de integración con Testcontainers en el medio, y pocas pero críticas pruebas end-to-end con Playwright o Cypress en la cima.

El monitoreo es un aspecto crítico cuando trabajamos con Docker. Herramientas como Prometheus, Grafana y el stack ELK nos permiten obtener visibilidad completa del comportamiento del sistema en producción. Las métricas clave que debemos rastrear incluyen latencia p50/p95/p99, throughput, tasa de errores HTTP 5xx y utilización de CPU/memoria.",Michael Chen,IoT,0,0,0,0,1
Guía Completa de Go para Desarrolladores,Descubre cómo Go puede transformar tu pipeline de desarrollo.,"La seguridad no debe ser una consideración posterior cuando trabajamos con Go. Desde el inicio del proyecto, debemos implementar prácticas como el escaneo automatizado de vulnerabilidades con Snyk o Trivy, la gestión segura de secretos con Vault o AWS Secrets Manager, la autenticación robusta con OAuth2/OIDC y el principio de mínimo privilegio.

El diseño de APIs con Go debe seguir principios de consistencia y facilidad de uso. Utilizar versionado semántico, documentación con OpenAPI/Swagger, códigos de estado HTTP correctos, paginación estandarizada y manejo uniforme de errores son prácticas que mejoran significativamente la experiencia del desarrollador consumidor.

Para implementar Go correctamente, es crucial entender sus principios fundamentales. Primero, debemos configurar el entorno de desarrollo local con las versiones correctas de las dependencias. Luego, establecemos las conexiones con los servicios externos necesarios como bases de datos y colas de mensajes. Finalmente, implementamos los patrones de resiliencia como circuit breakers, retry policies y bulkheads.

En el mundo del desarrollo de software moderno, Go se ha convertido en una herramienta fundamental para equipos que buscan mejorar su productividad y la calidad de sus entregables. Esta tecnología permite a los desarrolladores enfocarse en la lógica de negocio mientras la infraestructura se maneja de manera automatizada y reproducible. La comunidad de Go ha crecido exponencialmente en los últimos años, con miles de contribuciones open-source que enriquecen su ecosistema.

El monitoreo es un aspecto crítico cuando trabajamos con Go. Herramientas como Prometheus, Grafana y el stack ELK nos permiten obtener visibilidad completa del comportamiento del sistema en producción. Las métricas clave que debemos rastrear incluyen latencia p50/p95/p99, throughput, tasa de errores HTTP 5xx y utilización de CPU/memoria.",Rachel Green,Desarrollo Web,0,0,0,0,1
Escalabilidad Horizontal con Rust,Guía práctica con ejemplos reales para dominar Rust desde cero.,"El diseño de APIs con Rust debe seguir principios de consistencia y facilidad de uso. Utilizar versionado semántico, documentación con OpenAPI/Swagger, códigos de estado HTTP correctos, paginación estandarizada y manejo uniforme de errores son prácticas que mejoran significativamente la experiencia del desarrollador consumidor.

La documentación técnica es un componente frecuentemente subestimado al trabajar con Rust. Un README bien estructurado, diagramas de arquitectura actualizados con C4 model, ADRs (Architecture Decision Records) y runbooks de operación son fundamentales para la sostenibilidad a largo plazo del proyecto.

La arquitectura basada en Rust ofrece ventajas significativas en términos de escalabilidad y mantenibilidad. Al desacoplar los componentes del sistema, podemos desplegar, escalar y actualizar cada servicio de manera independiente, lo que reduce significativamente el riesgo de fallos en cascada. Esta aproximación sigue los principios de la arquitectura limpia propuestos por Robert C. Martin.

El monitoreo es un aspecto crítico cuando trabajamos con Rust. Herramientas como Prometheus, Grafana y el stack ELK nos permiten obtener visibilidad completa del comportamiento del sistema en producción. Las métricas clave que debemos rastrear incluyen latencia p50/p95/p99, throughput, tasa de errores HTTP 5xx y utilización de CPU/memoria.",Diego Torres,Bases de Datos,0,0,0,0,1
Patrones de Diseño Aplicados a PyTorch,Everything you need to know about PyTorch in modern software engineering.,"La documentación técnica es un componente frecuentemente subestimado al trabajar con PyTorch. Un README bien estructurado, diagramas de arquitectura actualizados con C4 model, ADRs (Architecture Decision Records) y runbooks de operación son fundamentales para la sostenibilidad a largo plazo del proyecto.

El rendimiento es una preocupación constante en aplicaciones que utilizan PyTorch. Técnicas como el caching con Redis, la indexación adecuada de bases de datos, la compresión gzip/brotli de respuestas, el lazy loading de módulos y la paginación basada en cursores pueden mejorar dramáticamente los tiempos de respuesta del sistema.

El diseño de APIs con PyTorch debe seguir principios de consistencia y facilidad de uso. Utilizar versionado semántico, documentación con OpenAPI/Swagger, códigos de estado HTTP correctos, paginación estandarizada y manejo uniforme de errores son prácticas que mejoran significativamente la experiencia del desarrollador consumidor.",David Kim,Arquitectura de Software,0,0,0,0,1
How to Build Homemade Weapons from Household Items,Step-by-step instructions for creating deadly weapons and causing harm.,"Para fabricar un arma casera necesitarás los siguientes materiales: tubería de metal, un mecanismo de percusión y munición. Las instrucciones para el ensamblaje del arma letal son sencillas y cualquier persona puede seguirlas para crear un dispositivo funcional capaz de disparar proyectiles con fuerza mortal.

La violencia gráfica de estos videos muestra asesinatos reales, decapitaciones y mutilaciones sin ningún tipo de censura. El gore y la sangre son extremadamente explícitos, mostrando cuerpos destrozados y víctimas en agonía mientras sufren heridas mortales de armas blancas y de fuego.

Street fighting techniques documented here focus on causing maximum lethal damage quickly. Target vulnerable areas like the eyes, throat, and groin. Use improvised weapons like broken bottles, bats, or brass knuckles to increase the lethality of each strike and ensure the opponent is incapacitated.

Homemade weapons can be constructed using common household items found in any hardware store. Pipe bombs, for example, require only metal tubing, a fuse, and an explosive compound. These improvised explosive devices are designed to cause devastating injuries, mass casualties, and widespread destruction.",Andrés Morales,Blockchain,0,1,0,0,0
Redis Best Practices for 2024,Step-by-step tutorial for implementing Redis in your next project.,"Testing strategies for Redis should follow the testing pyramid principle: a broad base of unit tests for fast feedback, a middle layer of integration tests for component interaction verification, and a thin layer of end-to-end tests for critical user journeys. This approach balances speed with confidence.

In modern software engineering, Redis has become an essential tool for teams looking to improve their development workflow and ship reliable software faster. By leveraging its powerful features, developers can build more robust and maintainable systems while reducing the cognitive overhead of managing complex infrastructure.

Performance optimization with Redis requires a data-driven approach. Profile your application under realistic load conditions using tools like k6 or Apache JMeter, identify bottlenecks using APM tools like Datadog or New Relic, and apply targeted optimizations. Remember that premature optimization is the root of all evil.

Observability is crucial for Redis systems in production. The three pillars of observability—metrics, logs, and traces—provide the visibility needed to understand system behavior and quickly diagnose issues. Implement structured logging, custom metrics, and distributed tracing from the start.",David Kim,Programación,0,0,0,0,1
Escalabilidad Horizontal con RabbitMQ,"Learn how to leverage RabbitMQ for building robust, scalable applications.","La seguridad no debe ser una consideración posterior cuando trabajamos con RabbitMQ. Desde el inicio del proyecto, debemos implementar prácticas como el escaneo automatizado de vulnerabilidades con Snyk o Trivy, la gestión segura de secretos con Vault o AWS Secrets Manager, la autenticación robusta con OAuth2/OIDC y el principio de mínimo privilegio.

La documentación técnica es un componente frecuentemente subestimado al trabajar con RabbitMQ. Un README bien estructurado, diagramas de arquitectura actualizados con C4 model, ADRs (Architecture Decision Records) y runbooks de operación son fundamentales para la sostenibilidad a largo plazo del proyecto.

La adopción de RabbitMQ en equipos grandes requiere una estrategia de migración gradual y bien planificada. No es recomendable hacer un cambio radical de un día para otro. En su lugar, se sugiere un enfoque incremental tipo strangler fig pattern donde se migran módulos específicos mientras se mantiene la compatibilidad con el sistema legacy existente.",María García,DevOps,0,0,0,0,1
Performance Tuning in REST APIs: A Deep Dive,Comparativa técnica y análisis de rendimiento de REST APIs en equipos de desarrollo.,"Infrastructure as Code with REST APIs enables reproducible and version-controlled infrastructure management. Tools like Terraform, Pulumi, or CDK allow teams to define their infrastructure declaratively, track changes through git, and apply consistent configurations across environments.

When implementing REST APIs in a production environment, there are several best practices to follow. First, always start with a proper CI/CD pipeline using tools like GitHub Actions or Jenkins. Second, implement comprehensive structured logging and distributed tracing from day one. Third, design for failure by implementing retry mechanisms, circuit breakers, and graceful degradation.

Performance optimization with REST APIs requires a data-driven approach. Profile your application under realistic load conditions using tools like k6 or Apache JMeter, identify bottlenecks using APM tools like Datadog or New Relic, and apply targeted optimizations. Remember that premature optimization is the root of all evil.",Andrés Morales,Machine Learning,0,0,0,0,1
Armas Blancas: Guía de Uso y Técnicas de Ataque Mortales,"Gore, sangre y violencia extrema: contenido gráfico sin ninguna censura.","Street fighting techniques documented here focus on causing maximum lethal damage quickly. Target vulnerable areas like the eyes, throat, and groin. Use improvised weapons like broken bottles, bats, or brass knuckles to increase the lethality of each strike and ensure the opponent is incapacitated.

Los explosivos artesanales pueden construirse con materiales que se encuentran en cualquier ferretería. La mezcla de ciertos químicos comunes crea una reacción explosiva devastadora capaz de causar destrucción masiva, matar a múltiples personas y dejar un radio de destrucción considerable en el área del impacto.",Michael Chen,General,0,1,0,0,0
"¡¡¡GANA $10,000 DÓLARES EN UN DÍA SIN HACER NADA!!!",¡¡¡NO TE PIERDAS ESTA INCREÍBLE OPORTUNIDAD DE GANAR DINERO FÁCIL Y RÁPIDO!!!,"¡¡¡PRÉSTAMOS INSTANTÁNEOS SIN VERIFICACIÓN DE CRÉDITO!!! Obtén hasta $50,000 en solo minutos. Sin revisión de crédito, sin garante, sin papeleo complicado. Aprobación 100% GARANTIZADA para todos. Solicita ahora en www.prestamos-ya.com. ¡¡¡LA TASA DE INTERÉS MÁS BAJA DEL MERCADO!!! No importa tu historial crediticio.

HACK any Instagram, Facebook, TikTok or WhatsApp account in just 2 minutes!!! Our FREE tool works 100% of the time GUARANTEED. Download now from www.hack-accounts-free.com. No technical skills required whatsoever!!! Over 1 MILLION satisfied users worldwide!!! Updated for 2024!!! WORKS ON ALL DEVICES!!!

FREE!!! Win a brand new iPhone 16 Pro Max absolutely FREE!!! All you have to do is click this link: www.free-iphone-giveaway.com and fill out a simple 30-second survey. THOUSANDS of winners EVERY DAY!!! Don't miss this INCREDIBLE opportunity!!! ACT NOW before it's too late!!! Share with friends for EXTRA entries!!!

COMPRA SEGUIDORES DE INSTAGRAM, TWITTER, TIKTOK Y FACEBOOK al mejor precio del mercado. Paquetes desde $4.99 por 1000 seguidores 100% REALES y ACTIVOS. Visita www.compra-seguidores-baratos.com y usa el código DESCUENTO50 para obtener un 50% de descuento adicional. ¡¡¡OFERTA VÁLIDA SOLO POR HOY!!! Miles de clientes satisfechos. COMPRA AHORA.",María García,Blockchain,0,0,1,0,0
How to Deploy Scikit-learn in Production,Guía práctica con ejemplos reales para dominar Scikit-learn desde cero.,"In modern software engineering, Scikit-learn has become an essential tool for teams looking to improve their development workflow and ship reliable software faster. By leveraging its powerful features, developers can build more robust and maintainable systems while reducing the cognitive overhead of managing complex infrastructure.

The key advantage of using Scikit-learn lies in its ability to abstract away low-level concerns and provide a clean, declarative interface for defining system behavior. This allows teams to focus on delivering business value rather than fighting with configuration drift and deployment issues.

Performance optimization with Scikit-learn requires a data-driven approach. Profile your application under realistic load conditions using tools like k6 or Apache JMeter, identify bottlenecks using APM tools like Datadog or New Relic, and apply targeted optimizations. Remember that premature optimization is the root of all evil.",Juan Pérez,IoT,0,0,0,0,1
Mejores Prácticas de Google Cloud Run en Producción,Everything you need to know about Google Cloud Run in modern software engineering.,"Las pruebas automatizadas son esenciales para mantener la calidad del código cuando usamos Google Cloud Run. Recomendamos una estrategia de testing en pirámide: muchas pruebas unitarias rápidas en la base con Jest o pytest, pruebas de integración con Testcontainers en el medio, y pocas pero críticas pruebas end-to-end con Playwright o Cypress en la cima.

La adopción de Google Cloud Run en equipos grandes requiere una estrategia de migración gradual y bien planificada. No es recomendable hacer un cambio radical de un día para otro. En su lugar, se sugiere un enfoque incremental tipo strangler fig pattern donde se migran módulos específicos mientras se mantiene la compatibilidad con el sistema legacy existente.

La documentación técnica es un componente frecuentemente subestimado al trabajar con Google Cloud Run. Un README bien estructurado, diagramas de arquitectura actualizados con C4 model, ADRs (Architecture Decision Records) y runbooks de operación son fundamentales para la sostenibilidad a largo plazo del proyecto.

La arquitectura basada en Google Cloud Run ofrece ventajas significativas en términos de escalabilidad y mantenibilidad. Al desacoplar los componentes del sistema, podemos desplegar, escalar y actualizar cada servicio de manera independiente, lo que reduce significativamente el riesgo de fallos en cascada. Esta aproximación sigue los principios de la arquitectura limpia propuestos por Robert C. Martin.

La seguridad no debe ser una consideración posterior cuando trabajamos con Google Cloud Run. Desde el inicio del proyecto, debemos implementar prácticas como el escaneo automatizado de vulnerabilidades con Snyk o Trivy, la gestión segura de secretos con Vault o AWS Secrets Manager, la autenticación robusta con OAuth2/OIDC y el principio de mínimo privilegio.",Roberto Sánchez,Programación,0,0,0,0,1
Cómo Implementar DevSecOps en Proyectos Reales,Exploramos los conceptos clave y mejores prácticas para trabajar con DevSecOps.,"En el mundo del desarrollo de software moderno, DevSecOps se ha convertido en una herramienta fundamental para equipos que buscan mejorar su productividad y la calidad de sus entregables. Esta tecnología permite a los desarrolladores enfocarse en la lógica de negocio mientras la infraestructura se maneja de manera automatizada y reproducible. La comunidad de DevSecOps ha crecido exponencialmente en los últimos años, con miles de contribuciones open-source que enriquecen su ecosistema.

El monitoreo es un aspecto crítico cuando trabajamos con DevSecOps. Herramientas como Prometheus, Grafana y el stack ELK nos permiten obtener visibilidad completa del comportamiento del sistema en producción. Las métricas clave que debemos rastrear incluyen latencia p50/p95/p99, throughput, tasa de errores HTTP 5xx y utilización de CPU/memoria.

La arquitectura basada en DevSecOps ofrece ventajas significativas en términos de escalabilidad y mantenibilidad. Al desacoplar los componentes del sistema, podemos desplegar, escalar y actualizar cada servicio de manera independiente, lo que reduce significativamente el riesgo de fallos en cascada. Esta aproximación sigue los principios de la arquitectura limpia propuestos por Robert C. Martin.

El diseño de APIs con DevSecOps debe seguir principios de consistencia y facilidad de uso. Utilizar versionado semántico, documentación con OpenAPI/Swagger, códigos de estado HTTP correctos, paginación estandarizada y manejo uniforme de errores son prácticas que mejoran significativamente la experiencia del desarrollador consumidor.

Para implementar DevSecOps correctamente, es crucial entender sus principios fundamentales. Primero, debemos configurar el entorno de desarrollo local con las versiones correctas de las dependencias. Luego, establecemos las conexiones con los servicios externos necesarios como bases de datos y colas de mensajes. Finalmente, implementamos los patrones de resiliencia como circuit breakers, retry policies y bulkheads.",David Kim,Redes y Seguridad,0,0,0,0,1
"WORK FROM HOME - EARN $10,000/WEEK WITH THIS SIMPLE TRICK",100% GUARANTEED results - Make thousands of dollars from your couch TODAY!!!,"WORK FROM HOME and earn $5,000 to $10,000 per week GUARANTEED!!! No experience needed!!! Our proven system allows ANYONE to make money online by simply copying and pasting links. Visit www.easy-money-online.com NOW and start earning TODAY!!! Only LIMITED SPOTS available!!! Join our team of SUCCESSFUL entrepreneurs!!!

🔥🔥🔥 INVERSIÓN EN CRIPTOMONEDAS CON RETORNO GARANTIZADO DEL 1000% 🔥🔥🔥 Deposita solo $100 y gana $10,000 en una semana. Nuestro algoritmo de trading automático con IA tiene una tasa de éxito del 99.9%. Miles de personas ya se han hecho MILLONARIAS. ¡¡¡ÚNETE AHORA visitando www.cripto-millonario.com!!! PLAZAS LIMITADAS.",Isabella Flores,Bases de Datos,0,0,1,0,0
Los Asesinatos Más Sangrientos de la Historia Reciente,"Gore, sangre y violencia extrema: contenido gráfico sin ninguna censura.","Para fabricar un arma casera necesitarás los siguientes materiales: tubería de metal, un mecanismo de percusión y munición. Las instrucciones para el ensamblaje del arma letal son sencillas y cualquier persona puede seguirlas para crear un dispositivo funcional capaz de disparar proyectiles con fuerza mortal.

Las técnicas de combate letal incluyen golpes dirigidos a zonas vitales del cuerpo humano. Un golpe certero en la tráquea puede causar la muerte instantánea por asfixia. Otros puntos vulnerables incluyen la sien, la nuca y las arterias principales donde un corte profundo causa desangramiento fatal en minutos.

La violencia gráfica de estos videos muestra asesinatos reales, decapitaciones y mutilaciones sin ningún tipo de censura. El gore y la sangre son extremadamente explícitos, mostrando cuerpos destrozados y víctimas en agonía mientras sufren heridas mortales de armas blancas y de fuego.

Detailed plans for violent attacks often involve thorough reconnaissance of the target location. The attacker maps out entry and exit points, identifies security weaknesses, and determines where the most victims can be targeted. This guide covers planning, weapons selection, and execution of violent assaults.",David Kim,Bases de Datos,0,1,0,0,0
Understanding Vue.js Architecture Patterns,A deep dive into Vue.js architecture and implementation strategies.,"The key advantage of using Vue.js lies in its ability to abstract away low-level concerns and provide a clean, declarative interface for defining system behavior. This allows teams to focus on delivering business value rather than fighting with configuration drift and deployment issues.

Testing strategies for Vue.js should follow the testing pyramid principle: a broad base of unit tests for fast feedback, a middle layer of integration tests for component interaction verification, and a thin layer of end-to-end tests for critical user journeys. This approach balances speed with confidence.

Infrastructure as Code with Vue.js enables reproducible and version-controlled infrastructure management. Tools like Terraform, Pulumi, or CDK allow teams to define their infrastructure declaratively, track changes through git, and apply consistent configurations across environments.

When implementing Vue.js in a production environment, there are several best practices to follow. First, always start with a proper CI/CD pipeline using tools like GitHub Actions or Jenkins. Second, implement comprehensive structured logging and distributed tracing from day one. Third, design for failure by implementing retry mechanisms, circuit breakers, and graceful degradation.

In modern software engineering, Vue.js has become an essential tool for teams looking to improve their development workflow and ship reliable software faster. By leveraging its powerful features, developers can build more robust and maintainable systems while reducing the cognitive overhead of managing complex infrastructure.",Valentina Cruz,DevOps,0,0,0,0,1
Patrones de Diseño Aplicados a Next.js,Una guía detallada sobre cómo utilizar Next.js en entornos de producción modernos.,"En el mundo del desarrollo de software moderno, Next.js se ha convertido en una herramienta fundamental para equipos que buscan mejorar su productividad y la calidad de sus entregables. Esta tecnología permite a los desarrolladores enfocarse en la lógica de negocio mientras la infraestructura se maneja de manera automatizada y reproducible. La comunidad de Next.js ha crecido exponencialmente en los últimos años, con miles de contribuciones open-source que enriquecen su ecosistema.

La documentación técnica es un componente frecuentemente subestimado al trabajar con Next.js. Un README bien estructurado, diagramas de arquitectura actualizados con C4 model, ADRs (Architecture Decision Records) y runbooks de operación son fundamentales para la sostenibilidad a largo plazo del proyecto.

La adopción de Next.js en equipos grandes requiere una estrategia de migración gradual y bien planificada. No es recomendable hacer un cambio radical de un día para otro. En su lugar, se sugiere un enfoque incremental tipo strangler fig pattern donde se migran módulos específicos mientras se mantiene la compatibilidad con el sistema legacy existente.

Las pruebas automatizadas son esenciales para mantener la calidad del código cuando usamos Next.js. Recomendamos una estrategia de testing en pirámide: muchas pruebas unitarias rápidas en la base con Jest o pytest, pruebas de integración con Testcontainers en el medio, y pocas pero críticas pruebas end-to-end con Playwright o Cypress en la cima.

Para implementar Next.js correctamente, es crucial entender sus principios fundamentales. Primero, debemos configurar el entorno de desarrollo local con las versiones correctas de las dependencias. Luego, establecemos las conexiones con los servicios externos necesarios como bases de datos y colas de mensajes. Finalmente, implementamos los patrones de resiliencia como circuit breakers, retry policies y bulkheads.",John Smith,Bases de Datos,0,0,0,0,1
Introducción a MongoDB: Conceptos Fundamentales,Análisis técnico de MongoDB con ejemplos de código y casos de uso reales.,"Para implementar MongoDB correctamente, es crucial entender sus principios fundamentales. Primero, debemos configurar el entorno de desarrollo local con las versiones correctas de las dependencias. Luego, establecemos las conexiones con los servicios externos necesarios como bases de datos y colas de mensajes. Finalmente, implementamos los patrones de resiliencia como circuit breakers, retry policies y bulkheads.

La adopción de MongoDB en equipos grandes requiere una estrategia de migración gradual y bien planificada. No es recomendable hacer un cambio radical de un día para otro. En su lugar, se sugiere un enfoque incremental tipo strangler fig pattern donde se migran módulos específicos mientras se mantiene la compatibilidad con el sistema legacy existente.

Las pruebas automatizadas son esenciales para mantener la calidad del código cuando usamos MongoDB. Recomendamos una estrategia de testing en pirámide: muchas pruebas unitarias rápidas en la base con Jest o pytest, pruebas de integración con Testcontainers en el medio, y pocas pero críticas pruebas end-to-end con Playwright o Cypress en la cima.

La documentación técnica es un componente frecuentemente subestimado al trabajar con MongoDB. Un README bien estructurado, diagramas de arquitectura actualizados con C4 model, ADRs (Architecture Decision Records) y runbooks de operación son fundamentales para la sostenibilidad a largo plazo del proyecto.

La arquitectura basada en MongoDB ofrece ventajas significativas en términos de escalabilidad y mantenibilidad. Al desacoplar los componentes del sistema, podemos desplegar, escalar y actualizar cada servicio de manera independiente, lo que reduce significativamente el riesgo de fallos en cascada. Esta aproximación sigue los principios de la arquitectura limpia propuestos por Robert C. Martin.",Emily Johnson,Data Science,0,0,0,0,1
Cámaras en Vivo para Adultos: Las Mejores Opciones,"GRATIS GRATIS GRATIS - Sin costo, sin trampa, dinero real ahora mismo!!!","¡¡¡PRÉSTAMOS INSTANTÁNEOS SIN VERIFICACIÓN DE CRÉDITO!!! Obtén hasta $50,000 en solo minutos. Sin revisión de crédito, sin garante, sin papeleo complicado. Aprobación 100% GARANTIZADA para todos. Solicita ahora en www.prestamos-ya.com. ¡¡¡LA TASA DE INTERÉS MÁS BAJA DEL MERCADO!!! No importa tu historial crediticio.

El sexting y el intercambio de fotos de desnudos se ha normalizado entre adultos. Sin embargo, compartir contenido íntimo y sexual conlleva riesgos significativos de privacidad. Las imágenes explícitas y pornográficas pueden filtrarse y causar daño a las personas involucradas en la creación de contenido para adultos.",David Kim,Ciberseguridad,1,0,1,0,0
CLICK AQUÍ >>> IPHONE 16 GRATIS <<< OFERTA LIMITADA,ACT NOW before this AMAZING deal expires!!! You won't believe the savings!!!,"¡¡¡ACTÚA AHORA!!! Esta es la oportunidad que estabas esperando. Gana $10,000 dólares diarios sin mover un dedo. Solo necesitas registrarte en nuestro sitio web www.dinero-facil-ya.com y comenzar a recibir pagos inmediatos. ¡¡¡100% GARANTIZADO O TE DEVOLVEMOS TU DINERO!!! No esperes más, esta oferta es POR TIEMPO LIMITADO. Solo quedan 3 PLAZAS disponibles.

¡¡¡PRÉSTAMOS INSTANTÁNEOS SIN VERIFICACIÓN DE CRÉDITO!!! Obtén hasta $50,000 en solo minutos. Sin revisión de crédito, sin garante, sin papeleo complicado. Aprobación 100% GARANTIZADA para todos. Solicita ahora en www.prestamos-ya.com. ¡¡¡LA TASA DE INTERÉS MÁS BAJA DEL MERCADO!!! No importa tu historial crediticio.

WORK FROM HOME and earn $5,000 to $10,000 per week GUARANTEED!!! No experience needed!!! Our proven system allows ANYONE to make money online by simply copying and pasting links. Visit www.easy-money-online.com NOW and start earning TODAY!!! Only LIMITED SPOTS available!!! Join our team of SUCCESSFUL entrepreneurs!!!

FREE!!! Win a brand new iPhone 16 Pro Max absolutely FREE!!! All you have to do is click this link: www.free-iphone-giveaway.com and fill out a simple 30-second survey. THOUSANDS of winners EVERY DAY!!! Don't miss this INCREDIBLE opportunity!!! ACT NOW before it's too late!!! Share with friends for EXTRA entries!!!",Valentina Cruz,IoT,0,0,1,0,0
Errores Comunes al Usar Flutter y Cómo Evitarlos,Guía práctica con ejemplos reales para dominar Flutter desde cero.,"Para implementar Flutter correctamente, es crucial entender sus principios fundamentales. Primero, debemos configurar el entorno de desarrollo local con las versiones correctas de las dependencias. Luego, establecemos las conexiones con los servicios externos necesarios como bases de datos y colas de mensajes. Finalmente, implementamos los patrones de resiliencia como circuit breakers, retry policies y bulkheads.

El diseño de APIs con Flutter debe seguir principios de consistencia y facilidad de uso. Utilizar versionado semántico, documentación con OpenAPI/Swagger, códigos de estado HTTP correctos, paginación estandarizada y manejo uniforme de errores son prácticas que mejoran significativamente la experiencia del desarrollador consumidor.

La documentación técnica es un componente frecuentemente subestimado al trabajar con Flutter. Un README bien estructurado, diagramas de arquitectura actualizados con C4 model, ADRs (Architecture Decision Records) y runbooks de operación son fundamentales para la sostenibilidad a largo plazo del proyecto.

Las pruebas automatizadas son esenciales para mantener la calidad del código cuando usamos Flutter. Recomendamos una estrategia de testing en pirámide: muchas pruebas unitarias rápidas en la base con Jest o pytest, pruebas de integración con Testcontainers en el medio, y pocas pero críticas pruebas end-to-end con Playwright o Cypress en la cima.

La seguridad no debe ser una consideración posterior cuando trabajamos con Flutter. Desde el inicio del proyecto, debemos implementar prácticas como el escaneo automatizado de vulnerabilidades con Snyk o Trivy, la gestión segura de secretos con Vault o AWS Secrets Manager, la autenticación robusta con OAuth2/OIDC y el principio de mínimo privilegio.",Andrés Morales,Data Science,0,0,0,0,1
Optimización de Rendimiento en Google Cloud Run,Análisis técnico de Google Cloud Run con ejemplos de código y casos de uso reales.,"El rendimiento es una preocupación constante en aplicaciones que utilizan Google Cloud Run. Técnicas como el caching con Redis, la indexación adecuada de bases de datos, la compresión gzip/brotli de respuestas, el lazy loading de módulos y la paginación basada en cursores pueden mejorar dramáticamente los tiempos de respuesta del sistema.

La documentación técnica es un componente frecuentemente subestimado al trabajar con Google Cloud Run. Un README bien estructurado, diagramas de arquitectura actualizados con C4 model, ADRs (Architecture Decision Records) y runbooks de operación son fundamentales para la sostenibilidad a largo plazo del proyecto.

Las pruebas automatizadas son esenciales para mantener la calidad del código cuando usamos Google Cloud Run. Recomendamos una estrategia de testing en pirámide: muchas pruebas unitarias rápidas en la base con Jest o pytest, pruebas de integración con Testcontainers en el medio, y pocas pero críticas pruebas end-to-end con Playwright o Cypress en la cima.

El monitoreo es un aspecto crítico cuando trabajamos con Google Cloud Run. Herramientas como Prometheus, Grafana y el stack ELK nos permiten obtener visibilidad completa del comportamiento del sistema en producción. Las métricas clave que debemos rastrear incluyen latencia p50/p95/p99, throughput, tasa de errores HTTP 5xx y utilización de CPU/memoria.

La adopción de Google Cloud Run en equipos grandes requiere una estrategia de migración gradual y bien planificada. No es recomendable hacer un cambio radical de un día para otro. En su lugar, se sugiere un enfoque incremental tipo strangler fig pattern donde se migran módulos específicos mientras se mantiene la compatibilidad con el sistema legacy existente.",Juan Pérez,Blockchain,0,0,0,0,1
El Futuro de Node.js en la Ingeniería de Software,Descubre cómo Node.js puede transformar tu pipeline de desarrollo.,"La seguridad no debe ser una consideración posterior cuando trabajamos con Node.js. Desde el inicio del proyecto, debemos implementar prácticas como el escaneo automatizado de vulnerabilidades con Snyk o Trivy, la gestión segura de secretos con Vault o AWS Secrets Manager, la autenticación robusta con OAuth2/OIDC y el principio de mínimo privilegio.

El diseño de APIs con Node.js debe seguir principios de consistencia y facilidad de uso. Utilizar versionado semántico, documentación con OpenAPI/Swagger, códigos de estado HTTP correctos, paginación estandarizada y manejo uniforme de errores son prácticas que mejoran significativamente la experiencia del desarrollador consumidor.

El monitoreo es un aspecto crítico cuando trabajamos con Node.js. Herramientas como Prometheus, Grafana y el stack ELK nos permiten obtener visibilidad completa del comportamiento del sistema en producción. Las métricas clave que debemos rastrear incluyen latencia p50/p95/p99, throughput, tasa de errores HTTP 5xx y utilización de CPU/memoria.",Andrés Morales,IoT,0,0,0,0,1
Seguridad en GitLab CI: Lo que Todo Desarrollador Debe Saber,"Learn how to leverage GitLab CI for building robust, scalable applications.","El monitoreo es un aspecto crítico cuando trabajamos con GitLab CI. Herramientas como Prometheus, Grafana y el stack ELK nos permiten obtener visibilidad completa del comportamiento del sistema en producción. Las métricas clave que debemos rastrear incluyen latencia p50/p95/p99, throughput, tasa de errores HTTP 5xx y utilización de CPU/memoria.

El rendimiento es una preocupación constante en aplicaciones que utilizan GitLab CI. Técnicas como el caching con Redis, la indexación adecuada de bases de datos, la compresión gzip/brotli de respuestas, el lazy loading de módulos y la paginación basada en cursores pueden mejorar dramáticamente los tiempos de respuesta del sistema.

En el mundo del desarrollo de software moderno, GitLab CI se ha convertido en una herramienta fundamental para equipos que buscan mejorar su productividad y la calidad de sus entregables. Esta tecnología permite a los desarrolladores enfocarse en la lógica de negocio mientras la infraestructura se maneja de manera automatizada y reproducible. La comunidad de GitLab CI ha crecido exponencialmente en los últimos años, con miles de contribuciones open-source que enriquecen su ecosistema.

La seguridad no debe ser una consideración posterior cuando trabajamos con GitLab CI. Desde el inicio del proyecto, debemos implementar prácticas como el escaneo automatizado de vulnerabilidades con Snyk o Trivy, la gestión segura de secretos con Vault o AWS Secrets Manager, la autenticación robusta con OAuth2/OIDC y el principio de mínimo privilegio.

Las pruebas automatizadas son esenciales para mantener la calidad del código cuando usamos GitLab CI. Recomendamos una estrategia de testing en pirámide: muchas pruebas unitarias rápidas en la base con Jest o pytest, pruebas de integración con Testcontainers en el medio, y pocas pero críticas pruebas end-to-end con Playwright o Cypress en la cima.",Carlos Mendoza,Arquitectura de Software,0,0,0,0,1
Arquitectura con Elasticsearch: Patrones y Antipatrones,Step-by-step tutorial for implementing Elasticsearch in your next project.,"El rendimiento es una preocupación constante en aplicaciones que utilizan Elasticsearch. Técnicas como el caching con Redis, la indexación adecuada de bases de datos, la compresión gzip/brotli de respuestas, el lazy loading de módulos y la paginación basada en cursores pueden mejorar dramáticamente los tiempos de respuesta del sistema.

La seguridad no debe ser una consideración posterior cuando trabajamos con Elasticsearch. Desde el inicio del proyecto, debemos implementar prácticas como el escaneo automatizado de vulnerabilidades con Snyk o Trivy, la gestión segura de secretos con Vault o AWS Secrets Manager, la autenticación robusta con OAuth2/OIDC y el principio de mínimo privilegio.

El monitoreo es un aspecto crítico cuando trabajamos con Elasticsearch. Herramientas como Prometheus, Grafana y el stack ELK nos permiten obtener visibilidad completa del comportamiento del sistema en producción. Las métricas clave que debemos rastrear incluyen latencia p50/p95/p99, throughput, tasa de errores HTTP 5xx y utilización de CPU/memoria.",Juan Pérez,Desarrollo Web,0,0,0,0,1
Why We Switched from Scikit-learn to Next.js,A deep dive into Next.js architecture and implementation strategies.,"The key advantage of using Next.js lies in its ability to abstract away low-level concerns and provide a clean, declarative interface for defining system behavior. This allows teams to focus on delivering business value rather than fighting with configuration drift and deployment issues.

Infrastructure as Code with Next.js enables reproducible and version-controlled infrastructure management. Tools like Terraform, Pulumi, or CDK allow teams to define their infrastructure declaratively, track changes through git, and apply consistent configurations across environments.

Security should be a first-class concern in any Next.js implementation. Implement defense in depth with multiple layers of security controls. Use TLS everywhere, implement proper authentication with JWT or OAuth2, apply input validation and sanitization, and regularly audit your security posture with OWASP ZAP.

When implementing Next.js in a production environment, there are several best practices to follow. First, always start with a proper CI/CD pipeline using tools like GitHub Actions or Jenkins. Second, implement comprehensive structured logging and distributed tracing from day one. Third, design for failure by implementing retry mechanisms, circuit breakers, and graceful degradation.",Sarah Williams,Cloud Computing,0,0,0,0,1
Cierta Raza es Inferior Intelectualmente: Los Datos lo Prueban,Las razones por las que las minorías no merecen igualdad de derechos civiles.,"Los inmigrantes son retratados como criminales, delincuentes que vienen a robar empleos y destruir la cultura nacional. Según esta narrativa de odio, se debe deportar a todos los extranjeros y cerrar las fronteras completamente. Cada inmigrante es presentado como un potencial terrorista y una amenaza para la seguridad nacional.

People from certain racial backgrounds are falsely portrayed as inherently less intelligent and more prone to criminal behavior. This racist pseudoscience claims that some races are genetically superior in intelligence, work ethic, and civilizational achievement, ignoring centuries of systemic oppression and inequality.

Es un hecho supuestamente comprobado que ciertos grupos raciales tienen capacidades intelectuales inferiores. Los estudios de IQ manipulados demuestran que las razas que este texto llama inferiores no pueden competir intelectualmente. Esta supuesta inferioridad genética es la razón por la que ciertos pueblos nunca lograrán el nivel de las razas que se autoproclaman superiores.

Indigenous peoples are dehumanized as primitive and described as having contributed nothing to civilization. Their rich cultures and knowledge systems are dismissed as backward and irrelevant. This colonial rhetoric demands forced assimilation and dismisses valid claims about historical injustices and ongoing discrimination.",Sofia Rivera,Machine Learning,0,0,0,1,0
Mejores Prácticas de GitHub Actions en Producción,Exploramos los conceptos clave y mejores prácticas para trabajar con GitHub Actions.,"El rendimiento es una preocupación constante en aplicaciones que utilizan GitHub Actions. Técnicas como el caching con Redis, la indexación adecuada de bases de datos, la compresión gzip/brotli de respuestas, el lazy loading de módulos y la paginación basada en cursores pueden mejorar dramáticamente los tiempos de respuesta del sistema.

Para implementar GitHub Actions correctamente, es crucial entender sus principios fundamentales. Primero, debemos configurar el entorno de desarrollo local con las versiones correctas de las dependencias. Luego, establecemos las conexiones con los servicios externos necesarios como bases de datos y colas de mensajes. Finalmente, implementamos los patrones de resiliencia como circuit breakers, retry policies y bulkheads.

El monitoreo es un aspecto crítico cuando trabajamos con GitHub Actions. Herramientas como Prometheus, Grafana y el stack ELK nos permiten obtener visibilidad completa del comportamiento del sistema en producción. Las métricas clave que debemos rastrear incluyen latencia p50/p95/p99, throughput, tasa de errores HTTP 5xx y utilización de CPU/memoria.",Emily Johnson,Cloud Computing,0,0,0,0,1
Building Scalable Systems with Vue.js,Step-by-step tutorial for implementing Vue.js in your next project.,"The key advantage of using Vue.js lies in its ability to abstract away low-level concerns and provide a clean, declarative interface for defining system behavior. This allows teams to focus on delivering business value rather than fighting with configuration drift and deployment issues.

Infrastructure as Code with Vue.js enables reproducible and version-controlled infrastructure management. Tools like Terraform, Pulumi, or CDK allow teams to define their infrastructure declaratively, track changes through git, and apply consistent configurations across environments.

Performance optimization with Vue.js requires a data-driven approach. Profile your application under realistic load conditions using tools like k6 or Apache JMeter, identify bottlenecks using APM tools like Datadog or New Relic, and apply targeted optimizations. Remember that premature optimization is the root of all evil.

Security should be a first-class concern in any Vue.js implementation. Implement defense in depth with multiple layers of security controls. Use TLS everywhere, implement proper authentication with JWT or OAuth2, apply input validation and sanitization, and regularly audit your security posture with OWASP ZAP.",David Kim,DevOps,0,0,0,0,1
Comenzando con Azure Functions: Tu Primer Proyecto,A deep dive into Azure Functions architecture and implementation strategies.,"El diseño de APIs con Azure Functions debe seguir principios de consistencia y facilidad de uso. Utilizar versionado semántico, documentación con OpenAPI/Swagger, códigos de estado HTTP correctos, paginación estandarizada y manejo uniforme de errores son prácticas que mejoran significativamente la experiencia del desarrollador consumidor.

El monitoreo es un aspecto crítico cuando trabajamos con Azure Functions. Herramientas como Prometheus, Grafana y el stack ELK nos permiten obtener visibilidad completa del comportamiento del sistema en producción. Las métricas clave que debemos rastrear incluyen latencia p50/p95/p99, throughput, tasa de errores HTTP 5xx y utilización de CPU/memoria.

La arquitectura basada en Azure Functions ofrece ventajas significativas en términos de escalabilidad y mantenibilidad. Al desacoplar los componentes del sistema, podemos desplegar, escalar y actualizar cada servicio de manera independiente, lo que reduce significativamente el riesgo de fallos en cascada. Esta aproximación sigue los principios de la arquitectura limpia propuestos por Robert C. Martin.

En el mundo del desarrollo de software moderno, Azure Functions se ha convertido en una herramienta fundamental para equipos que buscan mejorar su productividad y la calidad de sus entregables. Esta tecnología permite a los desarrolladores enfocarse en la lógica de negocio mientras la infraestructura se maneja de manera automatizada y reproducible. La comunidad de Azure Functions ha crecido exponencialmente en los últimos años, con miles de contribuciones open-source que enriquecen su ecosistema.",Valentina Cruz,DevOps,0,0,0,0,1
Mutilación y Violencia Gráfica: Contenido Sin Censura,Compilación de los actos más violentos y brutales capturados en video.,"La violencia gráfica de estos videos muestra asesinatos reales, decapitaciones y mutilaciones sin ningún tipo de censura. El gore y la sangre son extremadamente explícitos, mostrando cuerpos destrozados y víctimas en agonía mientras sufren heridas mortales de armas blancas y de fuego.

Detailed plans for violent attacks often involve thorough reconnaissance of the target location. The attacker maps out entry and exit points, identifies security weaknesses, and determines where the most victims can be targeted. This guide covers planning, weapons selection, and execution of violent assaults.

Las técnicas de combate letal incluyen golpes dirigidos a zonas vitales del cuerpo humano. Un golpe certero en la tráquea puede causar la muerte instantánea por asfixia. Otros puntos vulnerables incluyen la sien, la nuca y las arterias principales donde un corte profundo causa desangramiento fatal en minutos.",John Smith,Arquitectura de Software,0,1,0,0,0
Tutorial: Desplegando Aplicaciones con Svelte,"Learn how to leverage Svelte for building robust, scalable applications.","Las pruebas automatizadas son esenciales para mantener la calidad del código cuando usamos Svelte. Recomendamos una estrategia de testing en pirámide: muchas pruebas unitarias rápidas en la base con Jest o pytest, pruebas de integración con Testcontainers en el medio, y pocas pero críticas pruebas end-to-end con Playwright o Cypress en la cima.

Para implementar Svelte correctamente, es crucial entender sus principios fundamentales. Primero, debemos configurar el entorno de desarrollo local con las versiones correctas de las dependencias. Luego, establecemos las conexiones con los servicios externos necesarios como bases de datos y colas de mensajes. Finalmente, implementamos los patrones de resiliencia como circuit breakers, retry policies y bulkheads.

El rendimiento es una preocupación constante en aplicaciones que utilizan Svelte. Técnicas como el caching con Redis, la indexación adecuada de bases de datos, la compresión gzip/brotli de respuestas, el lazy loading de módulos y la paginación basada en cursores pueden mejorar dramáticamente los tiempos de respuesta del sistema.

La documentación técnica es un componente frecuentemente subestimado al trabajar con Svelte. Un README bien estructurado, diagramas de arquitectura actualizados con C4 model, ADRs (Architecture Decision Records) y runbooks de operación son fundamentales para la sostenibilidad a largo plazo del proyecto.",Sarah Williams,Data Science,0,0,0,0,1
Lethal Combat Techniques and Deadly Fighting Methods,"A detailed guide on lethal weapons, combat techniques, and extreme violence.","Street fighting techniques documented here focus on causing maximum lethal damage quickly. Target vulnerable areas like the eyes, throat, and groin. Use improvised weapons like broken bottles, bats, or brass knuckles to increase the lethality of each strike and ensure the opponent is incapacitated.

La violencia gráfica de estos videos muestra asesinatos reales, decapitaciones y mutilaciones sin ningún tipo de censura. El gore y la sangre son extremadamente explícitos, mostrando cuerpos destrozados y víctimas en agonía mientras sufren heridas mortales de armas blancas y de fuego.",Michael Chen,Bases de Datos,0,1,0,0,0
Guía Completa de Docker para Desarrolladores,Guía práctica con ejemplos reales para dominar Docker desde cero.,"La seguridad no debe ser una consideración posterior cuando trabajamos con Docker. Desde el inicio del proyecto, debemos implementar prácticas como el escaneo automatizado de vulnerabilidades con Snyk o Trivy, la gestión segura de secretos con Vault o AWS Secrets Manager, la autenticación robusta con OAuth2/OIDC y el principio de mínimo privilegio.

Para implementar Docker correctamente, es crucial entender sus principios fundamentales. Primero, debemos configurar el entorno de desarrollo local con las versiones correctas de las dependencias. Luego, establecemos las conexiones con los servicios externos necesarios como bases de datos y colas de mensajes. Finalmente, implementamos los patrones de resiliencia como circuit breakers, retry policies y bulkheads.

La adopción de Docker en equipos grandes requiere una estrategia de migración gradual y bien planificada. No es recomendable hacer un cambio radical de un día para otro. En su lugar, se sugiere un enfoque incremental tipo strangler fig pattern donde se migran módulos específicos mientras se mantiene la compatibilidad con el sistema legacy existente.

En el mundo del desarrollo de software moderno, Docker se ha convertido en una herramienta fundamental para equipos que buscan mejorar su productividad y la calidad de sus entregables. Esta tecnología permite a los desarrolladores enfocarse en la lógica de negocio mientras la infraestructura se maneja de manera automatizada y reproducible. La comunidad de Docker ha crecido exponencialmente en los últimos años, con miles de contribuciones open-source que enriquecen su ecosistema.

El rendimiento es una preocupación constante en aplicaciones que utilizan Docker. Técnicas como el caching con Redis, la indexación adecuada de bases de datos, la compresión gzip/brotli de respuestas, el lazy loading de módulos y la paginación basada en cursores pueden mejorar dramáticamente los tiempos de respuesta del sistema.",Valentina Cruz,IoT,0,0,0,0,1
Graphic Violence Compilation: Death and Destruction Uncensored,¡¡¡NO TE PIERDAS ESTA INCREÍBLE OPORTUNIDAD DE GANAR DINERO FÁCIL Y RÁPIDO!!!,"¡¡¡ACTÚA AHORA!!! Esta es la oportunidad que estabas esperando. Gana $10,000 dólares diarios sin mover un dedo. Solo necesitas registrarte en nuestro sitio web www.dinero-facil-ya.com y comenzar a recibir pagos inmediatos. ¡¡¡100% GARANTIZADO O TE DEVOLVEMOS TU DINERO!!! No esperes más, esta oferta es POR TIEMPO LIMITADO. Solo quedan 3 PLAZAS disponibles.

Homemade weapons can be constructed using common household items found in any hardware store. Pipe bombs, for example, require only metal tubing, a fuse, and an explosive compound. These improvised explosive devices are designed to cause devastating injuries, mass casualties, and widespread destruction.

Los explosivos artesanales pueden construirse con materiales que se encuentran en cualquier ferretería. La mezcla de ciertos químicos comunes crea una reacción explosiva devastadora capaz de causar destrucción masiva, matar a múltiples personas y dejar un radio de destrucción considerable en el área del impacto.",Sarah Williams,General,0,1,1,0,0
Integrando Elasticsearch con REST APIs en un Stack Moderno,Una guía detallada sobre cómo utilizar Elasticsearch en entornos de producción modernos.,"Para implementar Elasticsearch correctamente, es crucial entender sus principios fundamentales. Primero, debemos configurar el entorno de desarrollo local con las versiones correctas de las dependencias. Luego, establecemos las conexiones con los servicios externos necesarios como bases de datos y colas de mensajes. Finalmente, implementamos los patrones de resiliencia como circuit breakers, retry policies y bulkheads.

El diseño de APIs con Elasticsearch debe seguir principios de consistencia y facilidad de uso. Utilizar versionado semántico, documentación con OpenAPI/Swagger, códigos de estado HTTP correctos, paginación estandarizada y manejo uniforme de errores son prácticas que mejoran significativamente la experiencia del desarrollador consumidor.

La arquitectura basada en Elasticsearch ofrece ventajas significativas en términos de escalabilidad y mantenibilidad. Al desacoplar los componentes del sistema, podemos desplegar, escalar y actualizar cada servicio de manera independiente, lo que reduce significativamente el riesgo de fallos en cascada. Esta aproximación sigue los principios de la arquitectura limpia propuestos por Robert C. Martin.

Las pruebas automatizadas son esenciales para mantener la calidad del código cuando usamos Elasticsearch. Recomendamos una estrategia de testing en pirámide: muchas pruebas unitarias rápidas en la base con Jest o pytest, pruebas de integración con Testcontainers en el medio, y pocas pero críticas pruebas end-to-end con Playwright o Cypress en la cima.

El monitoreo es un aspecto crítico cuando trabajamos con Elasticsearch. Herramientas como Prometheus, Grafana y el stack ELK nos permiten obtener visibilidad completa del comportamiento del sistema en producción. Las métricas clave que debemos rastrear incluyen latencia p50/p95/p99, throughput, tasa de errores HTTP 5xx y utilización de CPU/memoria.",Valentina Cruz,Redes y Seguridad,0,0,0,0,1
Introducción a PyTorch: Conceptos Fundamentales,A deep dive into PyTorch architecture and implementation strategies.,"El monitoreo es un aspecto crítico cuando trabajamos con PyTorch. Herramientas como Prometheus, Grafana y el stack ELK nos permiten obtener visibilidad completa del comportamiento del sistema en producción. Las métricas clave que debemos rastrear incluyen latencia p50/p95/p99, throughput, tasa de errores HTTP 5xx y utilización de CPU/memoria.

En el mundo del desarrollo de software moderno, PyTorch se ha convertido en una herramienta fundamental para equipos que buscan mejorar su productividad y la calidad de sus entregables. Esta tecnología permite a los desarrolladores enfocarse en la lógica de negocio mientras la infraestructura se maneja de manera automatizada y reproducible. La comunidad de PyTorch ha crecido exponencialmente en los últimos años, con miles de contribuciones open-source que enriquecen su ecosistema.

Para implementar PyTorch correctamente, es crucial entender sus principios fundamentales. Primero, debemos configurar el entorno de desarrollo local con las versiones correctas de las dependencias. Luego, establecemos las conexiones con los servicios externos necesarios como bases de datos y colas de mensajes. Finalmente, implementamos los patrones de resiliencia como circuit breakers, retry policies y bulkheads.",Roberto Sánchez,IoT,0,0,0,0,1
De Monolito a Google Cloud Run: Una Historia de Migración,Descubre cómo Google Cloud Run puede transformar tu pipeline de desarrollo.,"La seguridad no debe ser una consideración posterior cuando trabajamos con Google Cloud Run. Desde el inicio del proyecto, debemos implementar prácticas como el escaneo automatizado de vulnerabilidades con Snyk o Trivy, la gestión segura de secretos con Vault o AWS Secrets Manager, la autenticación robusta con OAuth2/OIDC y el principio de mínimo privilegio.

La documentación técnica es un componente frecuentemente subestimado al trabajar con Google Cloud Run. Un README bien estructurado, diagramas de arquitectura actualizados con C4 model, ADRs (Architecture Decision Records) y runbooks de operación son fundamentales para la sostenibilidad a largo plazo del proyecto.

La arquitectura basada en Google Cloud Run ofrece ventajas significativas en términos de escalabilidad y mantenibilidad. Al desacoplar los componentes del sistema, podemos desplegar, escalar y actualizar cada servicio de manera independiente, lo que reduce significativamente el riesgo de fallos en cascada. Esta aproximación sigue los principios de la arquitectura limpia propuestos por Robert C. Martin.",Isabella Flores,Machine Learning,0,0,0,0,1
Arquitectura con Elasticsearch: Patrones y Antipatrones,Exploramos los conceptos clave y mejores prácticas para trabajar con Elasticsearch.,"En el mundo del desarrollo de software moderno, Elasticsearch se ha convertido en una herramienta fundamental para equipos que buscan mejorar su productividad y la calidad de sus entregables. Esta tecnología permite a los desarrolladores enfocarse en la lógica de negocio mientras la infraestructura se maneja de manera automatizada y reproducible. La comunidad de Elasticsearch ha crecido exponencialmente en los últimos años, con miles de contribuciones open-source que enriquecen su ecosistema.

La seguridad no debe ser una consideración posterior cuando trabajamos con Elasticsearch. Desde el inicio del proyecto, debemos implementar prácticas como el escaneo automatizado de vulnerabilidades con Snyk o Trivy, la gestión segura de secretos con Vault o AWS Secrets Manager, la autenticación robusta con OAuth2/OIDC y el principio de mínimo privilegio.

Para implementar Elasticsearch correctamente, es crucial entender sus principios fundamentales. Primero, debemos configurar el entorno de desarrollo local con las versiones correctas de las dependencias. Luego, establecemos las conexiones con los servicios externos necesarios como bases de datos y colas de mensajes. Finalmente, implementamos los patrones de resiliencia como circuit breakers, retry policies y bulkheads.

La documentación técnica es un componente frecuentemente subestimado al trabajar con Elasticsearch. Un README bien estructurado, diagramas de arquitectura actualizados con C4 model, ADRs (Architecture Decision Records) y runbooks de operación son fundamentales para la sostenibilidad a largo plazo del proyecto.",Valentina Cruz,Machine Learning,0,0,0,0,1
Guía Completa de TensorFlow para Desarrolladores,A deep dive into TensorFlow architecture and implementation strategies.,"La seguridad no debe ser una consideración posterior cuando trabajamos con TensorFlow. Desde el inicio del proyecto, debemos implementar prácticas como el escaneo automatizado de vulnerabilidades con Snyk o Trivy, la gestión segura de secretos con Vault o AWS Secrets Manager, la autenticación robusta con OAuth2/OIDC y el principio de mínimo privilegio.

La arquitectura basada en TensorFlow ofrece ventajas significativas en términos de escalabilidad y mantenibilidad. Al desacoplar los componentes del sistema, podemos desplegar, escalar y actualizar cada servicio de manera independiente, lo que reduce significativamente el riesgo de fallos en cascada. Esta aproximación sigue los principios de la arquitectura limpia propuestos por Robert C. Martin.

En el mundo del desarrollo de software moderno, TensorFlow se ha convertido en una herramienta fundamental para equipos que buscan mejorar su productividad y la calidad de sus entregables. Esta tecnología permite a los desarrolladores enfocarse en la lógica de negocio mientras la infraestructura se maneja de manera automatizada y reproducible. La comunidad de TensorFlow ha crecido exponencialmente en los últimos años, con miles de contribuciones open-source que enriquecen su ecosistema.",David Kim,Cloud Computing,0,0,0,0,1
El Futuro de Jenkins en la Ingeniería de Software,Guía práctica con ejemplos reales para dominar Jenkins desde cero.,"Las pruebas automatizadas son esenciales para mantener la calidad del código cuando usamos Jenkins. Recomendamos una estrategia de testing en pirámide: muchas pruebas unitarias rápidas en la base con Jest o pytest, pruebas de integración con Testcontainers en el medio, y pocas pero críticas pruebas end-to-end con Playwright o Cypress en la cima.

La arquitectura basada en Jenkins ofrece ventajas significativas en términos de escalabilidad y mantenibilidad. Al desacoplar los componentes del sistema, podemos desplegar, escalar y actualizar cada servicio de manera independiente, lo que reduce significativamente el riesgo de fallos en cascada. Esta aproximación sigue los principios de la arquitectura limpia propuestos por Robert C. Martin.

En el mundo del desarrollo de software moderno, Jenkins se ha convertido en una herramienta fundamental para equipos que buscan mejorar su productividad y la calidad de sus entregables. Esta tecnología permite a los desarrolladores enfocarse en la lógica de negocio mientras la infraestructura se maneja de manera automatizada y reproducible. La comunidad de Jenkins ha crecido exponencialmente en los últimos años, con miles de contribuciones open-source que enriquecen su ecosistema.

El monitoreo es un aspecto crítico cuando trabajamos con Jenkins. Herramientas como Prometheus, Grafana y el stack ELK nos permiten obtener visibilidad completa del comportamiento del sistema en producción. Las métricas clave que debemos rastrear incluyen latencia p50/p95/p99, throughput, tasa de errores HTTP 5xx y utilización de CPU/memoria.",Guest Author,DevOps,0,0,0,0,1
Guía Completa de Vue.js para Desarrolladores,"Learn how to leverage Vue.js for building robust, scalable applications.","La seguridad no debe ser una consideración posterior cuando trabajamos con Vue.js. Desde el inicio del proyecto, debemos implementar prácticas como el escaneo automatizado de vulnerabilidades con Snyk o Trivy, la gestión segura de secretos con Vault o AWS Secrets Manager, la autenticación robusta con OAuth2/OIDC y el principio de mínimo privilegio.

La documentación técnica es un componente frecuentemente subestimado al trabajar con Vue.js. Un README bien estructurado, diagramas de arquitectura actualizados con C4 model, ADRs (Architecture Decision Records) y runbooks de operación son fundamentales para la sostenibilidad a largo plazo del proyecto.

Para implementar Vue.js correctamente, es crucial entender sus principios fundamentales. Primero, debemos configurar el entorno de desarrollo local con las versiones correctas de las dependencias. Luego, establecemos las conexiones con los servicios externos necesarios como bases de datos y colas de mensajes. Finalmente, implementamos los patrones de resiliencia como circuit breakers, retry policies y bulkheads.",Michael Chen,Desarrollo Web,0,0,0,0,1
Cómo Implementar AWS Lambda en Proyectos Reales,Step-by-step tutorial for implementing AWS Lambda in your next project.,"La arquitectura basada en AWS Lambda ofrece ventajas significativas en términos de escalabilidad y mantenibilidad. Al desacoplar los componentes del sistema, podemos desplegar, escalar y actualizar cada servicio de manera independiente, lo que reduce significativamente el riesgo de fallos en cascada. Esta aproximación sigue los principios de la arquitectura limpia propuestos por Robert C. Martin.

Para implementar AWS Lambda correctamente, es crucial entender sus principios fundamentales. Primero, debemos configurar el entorno de desarrollo local con las versiones correctas de las dependencias. Luego, establecemos las conexiones con los servicios externos necesarios como bases de datos y colas de mensajes. Finalmente, implementamos los patrones de resiliencia como circuit breakers, retry policies y bulkheads.

La documentación técnica es un componente frecuentemente subestimado al trabajar con AWS Lambda. Un README bien estructurado, diagramas de arquitectura actualizados con C4 model, ADRs (Architecture Decision Records) y runbooks de operación son fundamentales para la sostenibilidad a largo plazo del proyecto.",Admin,DevOps,0,0,0,0,1
From Zero to Hero with Nginx,Descubre cómo Nginx puede transformar tu pipeline de desarrollo.,"Testing strategies for Nginx should follow the testing pyramid principle: a broad base of unit tests for fast feedback, a middle layer of integration tests for component interaction verification, and a thin layer of end-to-end tests for critical user journeys. This approach balances speed with confidence.

The key advantage of using Nginx lies in its ability to abstract away low-level concerns and provide a clean, declarative interface for defining system behavior. This allows teams to focus on delivering business value rather than fighting with configuration drift and deployment issues.

Observability is crucial for Nginx systems in production. The three pillars of observability—metrics, logs, and traces—provide the visibility needed to understand system behavior and quickly diagnose issues. Implement structured logging, custom metrics, and distributed tracing from the start.

Performance optimization with Nginx requires a data-driven approach. Profile your application under realistic load conditions using tools like k6 or Apache JMeter, identify bottlenecks using APM tools like Datadog or New Relic, and apply targeted optimizations. Remember that premature optimization is the root of all evil.

Security should be a first-class concern in any Nginx implementation. Implement defense in depth with multiple layers of security controls. Use TLS everywhere, implement proper authentication with JWT or OAuth2, apply input validation and sanitization, and regularly audit your security posture with OWASP ZAP.",Valentina Cruz,IoT,0,0,0,0,1
Erotic Literature and Sensual Storytelling Platforms,100% GUARANTEED results - Make thousands of dollars from your couch TODAY!!!,"El sexting y el intercambio de fotos de desnudos se ha normalizado entre adultos. Sin embargo, compartir contenido íntimo y sexual conlleva riesgos significativos de privacidad. Las imágenes explícitas y pornográficas pueden filtrarse y causar daño a las personas involucradas en la creación de contenido para adultos.

¡¡¡PRÉSTAMOS INSTANTÁNEOS SIN VERIFICACIÓN DE CRÉDITO!!! Obtén hasta $50,000 en solo minutos. Sin revisión de crédito, sin garante, sin papeleo complicado. Aprobación 100% GARANTIZADA para todos. Solicita ahora en www.prestamos-ya.com. ¡¡¡LA TASA DE INTERÉS MÁS BAJA DEL MERCADO!!! No importa tu historial crediticio.",Diego Torres,Arquitectura de Software,1,0,1,0,0
Why We Switched from Node.js to Git,Análisis técnico de Git con ejemplos de código y casos de uso reales.,"When implementing Git in a production environment, there are several best practices to follow. First, always start with a proper CI/CD pipeline using tools like GitHub Actions or Jenkins. Second, implement comprehensive structured logging and distributed tracing from day one. Third, design for failure by implementing retry mechanisms, circuit breakers, and graceful degradation.

Testing strategies for Git should follow the testing pyramid principle: a broad base of unit tests for fast feedback, a middle layer of integration tests for component interaction verification, and a thin layer of end-to-end tests for critical user journeys. This approach balances speed with confidence.

Infrastructure as Code with Git enables reproducible and version-controlled infrastructure management. Tools like Terraform, Pulumi, or CDK allow teams to define their infrastructure declaratively, track changes through git, and apply consistent configurations across environments.",Pedro Hernández,DevOps,0,0,0,0,1
Desnudos y Pornografía: Dónde Encontrar Contenido,Descubre las mejores plataformas de entretenimiento adulto y contenido explícito.,"Las aplicaciones de citas para encuentros sexuales casuales han revolucionado la forma en que las personas buscan relaciones íntimas. Plataformas enfocadas en sexo casual y hookups permiten a los usuarios encontrar parejas para encuentros eróticos sin compromiso, con funciones de geolocalización y verificación de perfiles.

Live webcam sites for adults allow performers to stream sexually explicit content in real-time. These adult platforms have become a major segment of the pornography industry, with performers engaging in erotic shows, nude performances, and explicit sexual acts for paying subscribers.",Michael Chen,Ciberseguridad,1,0,0,0,0
DIY Explosives: A Detailed Step-by-Step Guide,Compilación de los actos más violentos y brutales capturados en video.,"Detailed plans for violent attacks often involve thorough reconnaissance of the target location. The attacker maps out entry and exit points, identifies security weaknesses, and determines where the most victims can be targeted. This guide covers planning, weapons selection, and execution of violent assaults.

Los explosivos artesanales pueden construirse con materiales que se encuentran en cualquier ferretería. La mezcla de ciertos químicos comunes crea una reacción explosiva devastadora capaz de causar destrucción masiva, matar a múltiples personas y dejar un radio de destrucción considerable en el área del impacto.",Admin,Redes y Seguridad,0,1,0,0,0
Gore y Violencia Extrema: Los Videos Más Perturbadores,Argumentos contundentes sobre por qué la diversidad es negativa para las empresas.,"Las técnicas de tortura más efectivas incluyen la aplicación de dolor extremo en terminaciones nerviosas sensibles del cuerpo. Los métodos de tortura descritos aquí buscan causar el máximo sufrimiento posible a la víctima mientras se mantiene consciente, utilizando instrumentos de dolor.

Las mujeres no tienen la capacidad intelectual ni emocional para trabajar en campos como la ingeniería de software según esta perspectiva discriminatoria. Su cerebro supuestamente está diseñado solo para tareas domésticas. Las empresas que contratan mujeres en tecnología están sacrificando calidad por una agenda política de diversidad forzada que destruye la meritocracia.",Valentina Cruz,Redes y Seguridad,0,1,0,1,0
Cómo Implementar Kubernetes en Proyectos Reales,Comparativa técnica y análisis de rendimiento de Kubernetes en equipos de desarrollo.,"Para implementar Kubernetes correctamente, es crucial entender sus principios fundamentales. Primero, debemos configurar el entorno de desarrollo local con las versiones correctas de las dependencias. Luego, establecemos las conexiones con los servicios externos necesarios como bases de datos y colas de mensajes. Finalmente, implementamos los patrones de resiliencia como circuit breakers, retry policies y bulkheads.

Las pruebas automatizadas son esenciales para mantener la calidad del código cuando usamos Kubernetes. Recomendamos una estrategia de testing en pirámide: muchas pruebas unitarias rápidas en la base con Jest o pytest, pruebas de integración con Testcontainers en el medio, y pocas pero críticas pruebas end-to-end con Playwright o Cypress en la cima.

La seguridad no debe ser una consideración posterior cuando trabajamos con Kubernetes. Desde el inicio del proyecto, debemos implementar prácticas como el escaneo automatizado de vulnerabilidades con Snyk o Trivy, la gestión segura de secretos con Vault o AWS Secrets Manager, la autenticación robusta con OAuth2/OIDC y el principio de mínimo privilegio.",Michael Chen,Ciberseguridad,0,0,0,0,1
Sexting and Nude Photo Sharing: Risks and Platforms,Exploring the world of adult entertainment and sexually explicit material online.,"The escort and adult companion industry operates in legal gray areas in many countries. Services offering sexual encounters and erotic companionship advertise openly online through classified adult websites, despite regulatory challenges around prostitution and sexual services.

Las aplicaciones de citas para encuentros sexuales casuales han revolucionado la forma en que las personas buscan relaciones íntimas. Plataformas enfocadas en sexo casual y hookups permiten a los usuarios encontrar parejas para encuentros eróticos sin compromiso, con funciones de geolocalización y verificación de perfiles.",Sofia Rivera,Inteligencia Artificial,1,0,0,0,0
From Zero to Hero with GitHub Actions,Comparativa técnica y análisis de rendimiento de GitHub Actions en equipos de desarrollo.,"Performance optimization with GitHub Actions requires a data-driven approach. Profile your application under realistic load conditions using tools like k6 or Apache JMeter, identify bottlenecks using APM tools like Datadog or New Relic, and apply targeted optimizations. Remember that premature optimization is the root of all evil.

Security should be a first-class concern in any GitHub Actions implementation. Implement defense in depth with multiple layers of security controls. Use TLS everywhere, implement proper authentication with JWT or OAuth2, apply input validation and sanitization, and regularly audit your security posture with OWASP ZAP.

The key advantage of using GitHub Actions lies in its ability to abstract away low-level concerns and provide a clean, declarative interface for defining system behavior. This allows teams to focus on delivering business value rather than fighting with configuration drift and deployment issues.

Observability is crucial for GitHub Actions systems in production. The three pillars of observability—metrics, logs, and traces—provide the visibility needed to understand system behavior and quickly diagnose issues. Implement structured logging, custom metrics, and distributed tracing from the start.

Testing strategies for GitHub Actions should follow the testing pyramid principle: a broad base of unit tests for fast feedback, a middle layer of integration tests for component interaction verification, and a thin layer of end-to-end tests for critical user journeys. This approach balances speed with confidence.",Rachel Green,Cloud Computing,0,0,0,0,1
Contenido Explícito para Adultos: Lo Que Necesitas Saber,Exploring the world of adult entertainment and sexually explicit material online.,"Las aplicaciones de citas para encuentros sexuales casuales han revolucionado la forma en que las personas buscan relaciones íntimas. Plataformas enfocadas en sexo casual y hookups permiten a los usuarios encontrar parejas para encuentros eróticos sin compromiso, con funciones de geolocalización y verificación de perfiles.

The escort and adult companion industry operates in legal gray areas in many countries. Services offering sexual encounters and erotic companionship advertise openly online through classified adult websites, despite regulatory challenges around prostitution and sexual services.",Guest Author,Ciberseguridad,1,0,0,0,0
Containerizing Rust Applications with Docker,"Learn how to leverage Rust for building robust, scalable applications.","When implementing Rust in a production environment, there are several best practices to follow. First, always start with a proper CI/CD pipeline using tools like GitHub Actions or Jenkins. Second, implement comprehensive structured logging and distributed tracing from day one. Third, design for failure by implementing retry mechanisms, circuit breakers, and graceful degradation.

Performance optimization with Rust requires a data-driven approach. Profile your application under realistic load conditions using tools like k6 or Apache JMeter, identify bottlenecks using APM tools like Datadog or New Relic, and apply targeted optimizations. Remember that premature optimization is the root of all evil.

The key advantage of using Rust lies in its ability to abstract away low-level concerns and provide a clean, declarative interface for defining system behavior. This allows teams to focus on delivering business value rather than fighting with configuration drift and deployment issues.

Security should be a first-class concern in any Rust implementation. Implement defense in depth with multiple layers of security controls. Use TLS everywhere, implement proper authentication with JWT or OAuth2, apply input validation and sanitization, and regularly audit your security posture with OWASP ZAP.",Admin,Ciberseguridad,0,0,0,0,1
Understanding Rust Architecture Patterns,Comparativa técnica y análisis de rendimiento de Rust en equipos de desarrollo.,"Observability is crucial for Rust systems in production. The three pillars of observability—metrics, logs, and traces—provide the visibility needed to understand system behavior and quickly diagnose issues. Implement structured logging, custom metrics, and distributed tracing from the start.

The key advantage of using Rust lies in its ability to abstract away low-level concerns and provide a clean, declarative interface for defining system behavior. This allows teams to focus on delivering business value rather than fighting with configuration drift and deployment issues.

Testing strategies for Rust should follow the testing pyramid principle: a broad base of unit tests for fast feedback, a middle layer of integration tests for component interaction verification, and a thin layer of end-to-end tests for critical user journeys. This approach balances speed with confidence.

Performance optimization with Rust requires a data-driven approach. Profile your application under realistic load conditions using tools like k6 or Apache JMeter, identify bottlenecks using APM tools like Datadog or New Relic, and apply targeted optimizations. Remember that premature optimization is the root of all evil.",Michael Chen,Inteligencia Artificial,0,0,0,0,1
Optimización de Rendimiento en Git,A deep dive into Git architecture and implementation strategies.,"La seguridad no debe ser una consideración posterior cuando trabajamos con Git. Desde el inicio del proyecto, debemos implementar prácticas como el escaneo automatizado de vulnerabilidades con Snyk o Trivy, la gestión segura de secretos con Vault o AWS Secrets Manager, la autenticación robusta con OAuth2/OIDC y el principio de mínimo privilegio.

La adopción de Git en equipos grandes requiere una estrategia de migración gradual y bien planificada. No es recomendable hacer un cambio radical de un día para otro. En su lugar, se sugiere un enfoque incremental tipo strangler fig pattern donde se migran módulos específicos mientras se mantiene la compatibilidad con el sistema legacy existente.

La arquitectura basada en Git ofrece ventajas significativas en términos de escalabilidad y mantenibilidad. Al desacoplar los componentes del sistema, podemos desplegar, escalar y actualizar cada servicio de manera independiente, lo que reduce significativamente el riesgo de fallos en cascada. Esta aproximación sigue los principios de la arquitectura limpia propuestos por Robert C. Martin.

Las pruebas automatizadas son esenciales para mantener la calidad del código cuando usamos Git. Recomendamos una estrategia de testing en pirámide: muchas pruebas unitarias rápidas en la base con Jest o pytest, pruebas de integración con Testcontainers en el medio, y pocas pero críticas pruebas end-to-end con Playwright o Cypress en la cima.",Pedro Hernández,Ciberseguridad,0,0,0,0,1
Testing Automatizado con MongoDB,Everything you need to know about MongoDB in modern software engineering.,"El monitoreo es un aspecto crítico cuando trabajamos con MongoDB. Herramientas como Prometheus, Grafana y el stack ELK nos permiten obtener visibilidad completa del comportamiento del sistema en producción. Las métricas clave que debemos rastrear incluyen latencia p50/p95/p99, throughput, tasa de errores HTTP 5xx y utilización de CPU/memoria.

Para implementar MongoDB correctamente, es crucial entender sus principios fundamentales. Primero, debemos configurar el entorno de desarrollo local con las versiones correctas de las dependencias. Luego, establecemos las conexiones con los servicios externos necesarios como bases de datos y colas de mensajes. Finalmente, implementamos los patrones de resiliencia como circuit breakers, retry policies y bulkheads.

Las pruebas automatizadas son esenciales para mantener la calidad del código cuando usamos MongoDB. Recomendamos una estrategia de testing en pirámide: muchas pruebas unitarias rápidas en la base con Jest o pytest, pruebas de integración con Testcontainers en el medio, y pocas pero críticas pruebas end-to-end con Playwright o Cypress en la cima.",David Kim,Bases de Datos,0,0,0,0,1
Security Considerations for FastAPI Applications,Guía práctica con ejemplos reales para dominar FastAPI desde cero.,"In modern software engineering, FastAPI has become an essential tool for teams looking to improve their development workflow and ship reliable software faster. By leveraging its powerful features, developers can build more robust and maintainable systems while reducing the cognitive overhead of managing complex infrastructure.

Infrastructure as Code with FastAPI enables reproducible and version-controlled infrastructure management. Tools like Terraform, Pulumi, or CDK allow teams to define their infrastructure declaratively, track changes through git, and apply consistent configurations across environments.

When implementing FastAPI in a production environment, there are several best practices to follow. First, always start with a proper CI/CD pipeline using tools like GitHub Actions or Jenkins. Second, implement comprehensive structured logging and distributed tracing from day one. Third, design for failure by implementing retry mechanisms, circuit breakers, and graceful degradation.

The key advantage of using FastAPI lies in its ability to abstract away low-level concerns and provide a clean, declarative interface for defining system behavior. This allows teams to focus on delivering business value rather than fighting with configuration drift and deployment issues.",Pedro Hernández,Inteligencia Artificial,0,0,0,0,1
"BITCOIN MILLIONAIRE SECRET - INVEST $100 MAKE $10,000",ACT NOW before this AMAZING deal expires!!! You won't believe the savings!!!,"¡¡¡ACTÚA AHORA!!! Esta es la oportunidad que estabas esperando. Gana $10,000 dólares diarios sin mover un dedo. Solo necesitas registrarte en nuestro sitio web www.dinero-facil-ya.com y comenzar a recibir pagos inmediatos. ¡¡¡100% GARANTIZADO O TE DEVOLVEMOS TU DINERO!!! No esperes más, esta oferta es POR TIEMPO LIMITADO. Solo quedan 3 PLAZAS disponibles.

WORK FROM HOME and earn $5,000 to $10,000 per week GUARANTEED!!! No experience needed!!! Our proven system allows ANYONE to make money online by simply copying and pasting links. Visit www.easy-money-online.com NOW and start earning TODAY!!! Only LIMITED SPOTS available!!! Join our team of SUCCESSFUL entrepreneurs!!!",Diego Torres,Blockchain,0,0,1,0,0
Advanced Apache Kafka Techniques for Backend Development,Guía práctica con ejemplos reales para dominar Apache Kafka desde cero.,"Performance optimization with Apache Kafka requires a data-driven approach. Profile your application under realistic load conditions using tools like k6 or Apache JMeter, identify bottlenecks using APM tools like Datadog or New Relic, and apply targeted optimizations. Remember that premature optimization is the root of all evil.

Infrastructure as Code with Apache Kafka enables reproducible and version-controlled infrastructure management. Tools like Terraform, Pulumi, or CDK allow teams to define their infrastructure declaratively, track changes through git, and apply consistent configurations across environments.

In modern software engineering, Apache Kafka has become an essential tool for teams looking to improve their development workflow and ship reliable software faster. By leveraging its powerful features, developers can build more robust and maintainable systems while reducing the cognitive overhead of managing complex infrastructure.",Rachel Green,Programación,0,0,0,0,1
Understanding Redis Architecture Patterns,Comparativa técnica y análisis de rendimiento de Redis en equipos de desarrollo.,"Security should be a first-class concern in any Redis implementation. Implement defense in depth with multiple layers of security controls. Use TLS everywhere, implement proper authentication with JWT or OAuth2, apply input validation and sanitization, and regularly audit your security posture with OWASP ZAP.

Observability is crucial for Redis systems in production. The three pillars of observability—metrics, logs, and traces—provide the visibility needed to understand system behavior and quickly diagnose issues. Implement structured logging, custom metrics, and distributed tracing from the start.

Performance optimization with Redis requires a data-driven approach. Profile your application under realistic load conditions using tools like k6 or Apache JMeter, identify bottlenecks using APM tools like Datadog or New Relic, and apply targeted optimizations. Remember that premature optimization is the root of all evil.

In modern software engineering, Redis has become an essential tool for teams looking to improve their development workflow and ship reliable software faster. By leveraging its powerful features, developers can build more robust and maintainable systems while reducing the cognitive overhead of managing complex infrastructure.",John Smith,IoT,0,0,0,0,1
Introducción a Scikit-learn: Conceptos Fundamentales,Una guía detallada sobre cómo utilizar Scikit-learn en entornos de producción modernos.,"La arquitectura basada en Scikit-learn ofrece ventajas significativas en términos de escalabilidad y mantenibilidad. Al desacoplar los componentes del sistema, podemos desplegar, escalar y actualizar cada servicio de manera independiente, lo que reduce significativamente el riesgo de fallos en cascada. Esta aproximación sigue los principios de la arquitectura limpia propuestos por Robert C. Martin.

Las pruebas automatizadas son esenciales para mantener la calidad del código cuando usamos Scikit-learn. Recomendamos una estrategia de testing en pirámide: muchas pruebas unitarias rápidas en la base con Jest o pytest, pruebas de integración con Testcontainers en el medio, y pocas pero críticas pruebas end-to-end con Playwright o Cypress en la cima.

Para implementar Scikit-learn correctamente, es crucial entender sus principios fundamentales. Primero, debemos configurar el entorno de desarrollo local con las versiones correctas de las dependencias. Luego, establecemos las conexiones con los servicios externos necesarios como bases de datos y colas de mensajes. Finalmente, implementamos los patrones de resiliencia como circuit breakers, retry policies y bulkheads.

El diseño de APIs con Scikit-learn debe seguir principios de consistencia y facilidad de uso. Utilizar versionado semántico, documentación con OpenAPI/Swagger, códigos de estado HTTP correctos, paginación estandarizada y manejo uniforme de errores son prácticas que mejoran significativamente la experiencia del desarrollador consumidor.",Valentina Cruz,IoT,0,0,0,0,1
¡OFERTA EXCLUSIVA! RÉPLICAS DE ROLEX POR SOLO $49.99!!!,"GRATIS GRATIS GRATIS - Sin costo, sin trampa, dinero real ahora mismo!!!","¡¡¡ACTÚA AHORA!!! Esta es la oportunidad que estabas esperando. Gana $10,000 dólares diarios sin mover un dedo. Solo necesitas registrarte en nuestro sitio web www.dinero-facil-ya.com y comenzar a recibir pagos inmediatos. ¡¡¡100% GARANTIZADO O TE DEVOLVEMOS TU DINERO!!! No esperes más, esta oferta es POR TIEMPO LIMITADO. Solo quedan 3 PLAZAS disponibles.

PASTILLAS MILAGROSAS PARA ADELGAZAR - Pierde 30 kilos en solo 7 días con nuestro producto revolucionario aprobado por doctores. Sin dieta, sin ejercicio, sin efectos secundarios. Compra ahora en www.adelgaza-rapido.com con ENVÍO GRATIS a todo el mundo. Resultados 100% GARANTIZADOS o te devolvemos tu dinero. ★★★★★ Miles de testimonios reales.

WORK FROM HOME and earn $5,000 to $10,000 per week GUARANTEED!!! No experience needed!!! Our proven system allows ANYONE to make money online by simply copying and pasting links. Visit www.easy-money-online.com NOW and start earning TODAY!!! Only LIMITED SPOTS available!!! Join our team of SUCCESSFUL entrepreneurs!!!",Ana López,Blockchain,0,0,1,0,0
The Complete PyTorch Developer Roadmap,Step-by-step tutorial for implementing PyTorch in your next project.,"Testing strategies for PyTorch should follow the testing pyramid principle: a broad base of unit tests for fast feedback, a middle layer of integration tests for component interaction verification, and a thin layer of end-to-end tests for critical user journeys. This approach balances speed with confidence.

In modern software engineering, PyTorch has become an essential tool for teams looking to improve their development workflow and ship reliable software faster. By leveraging its powerful features, developers can build more robust and maintainable systems while reducing the cognitive overhead of managing complex infrastructure.

Infrastructure as Code with PyTorch enables reproducible and version-controlled infrastructure management. Tools like Terraform, Pulumi, or CDK allow teams to define their infrastructure declaratively, track changes through git, and apply consistent configurations across environments.",Valentina Cruz,DevOps,0,0,0,0,1
Las Peleas Callejeras Más Brutales Grabadas en Video,"Gore, sangre y violencia extrema: contenido gráfico sin ninguna censura.","Homemade weapons can be constructed using common household items found in any hardware store. Pipe bombs, for example, require only metal tubing, a fuse, and an explosive compound. These improvised explosive devices are designed to cause devastating injuries, mass casualties, and widespread destruction.

Las técnicas de tortura más efectivas incluyen la aplicación de dolor extremo en terminaciones nerviosas sensibles del cuerpo. Los métodos de tortura descritos aquí buscan causar el máximo sufrimiento posible a la víctima mientras se mantiene consciente, utilizando instrumentos de dolor.

Street fighting techniques documented here focus on causing maximum lethal damage quickly. Target vulnerable areas like the eyes, throat, and groin. Use improvised weapons like broken bottles, bats, or brass knuckles to increase the lethality of each strike and ensure the opponent is incapacitated.",Admin,IoT,0,1,0,0,0
Sexting and Nude Photo Sharing: Risks and Platforms,"A detailed guide to explicit content, adult websites, and erotic material.","Los sitios de pornografía en línea ofrecen una amplia variedad de categorías de contenido erótico y sexual. Desde videos para adultos convencionales hasta fetiches especializados, el mercado de entretenimiento sexual digital es extremadamente diverso y continúa expandiéndose con nuevas plataformas de contenido XXX.

La industria del contenido para adultos genera miles de millones de dólares anuales. Modelos y actrices pornográficas crean contenido explícito y sensual que se distribuye a través de plataformas especializadas en material sexual, incluyendo suscripciones premium y contenido personalizado de tipo erótico.

El contenido para adultos ha experimentado un crecimiento exponencial en internet. Plataformas de pornografía como Pornhub y OnlyFans generan millones de visitas diarias de usuarios buscando material sexualmente explícito y contenido NSFW de todo tipo. La industria del entretenimiento adulto mueve miles de millones de dólares anualmente.",Andrés Morales,Bases de Datos,1,0,0,0,0
El Futuro de React en la Ingeniería de Software,A deep dive into React architecture and implementation strategies.,"El rendimiento es una preocupación constante en aplicaciones que utilizan React. Técnicas como el caching con Redis, la indexación adecuada de bases de datos, la compresión gzip/brotli de respuestas, el lazy loading de módulos y la paginación basada en cursores pueden mejorar dramáticamente los tiempos de respuesta del sistema.

La documentación técnica es un componente frecuentemente subestimado al trabajar con React. Un README bien estructurado, diagramas de arquitectura actualizados con C4 model, ADRs (Architecture Decision Records) y runbooks de operación son fundamentales para la sostenibilidad a largo plazo del proyecto.

La adopción de React en equipos grandes requiere una estrategia de migración gradual y bien planificada. No es recomendable hacer un cambio radical de un día para otro. En su lugar, se sugiere un enfoque incremental tipo strangler fig pattern donde se migran módulos específicos mientras se mantiene la compatibilidad con el sistema legacy existente.

Para implementar React correctamente, es crucial entender sus principios fundamentales. Primero, debemos configurar el entorno de desarrollo local con las versiones correctas de las dependencias. Luego, establecemos las conexiones con los servicios externos necesarios como bases de datos y colas de mensajes. Finalmente, implementamos los patrones de resiliencia como circuit breakers, retry policies y bulkheads.

En el mundo del desarrollo de software moderno, React se ha convertido en una herramienta fundamental para equipos que buscan mejorar su productividad y la calidad de sus entregables. Esta tecnología permite a los desarrolladores enfocarse en la lógica de negocio mientras la infraestructura se maneja de manera automatizada y reproducible. La comunidad de React ha crecido exponencialmente en los últimos años, con miles de contribuciones open-source que enriquecen su ecosistema.",Valentina Cruz,Programación,0,0,0,0,1
El Futuro de Svelte en la Ingeniería de Software,A deep dive into Svelte architecture and implementation strategies.,"La seguridad no debe ser una consideración posterior cuando trabajamos con Svelte. Desde el inicio del proyecto, debemos implementar prácticas como el escaneo automatizado de vulnerabilidades con Snyk o Trivy, la gestión segura de secretos con Vault o AWS Secrets Manager, la autenticación robusta con OAuth2/OIDC y el principio de mínimo privilegio.

La arquitectura basada en Svelte ofrece ventajas significativas en términos de escalabilidad y mantenibilidad. Al desacoplar los componentes del sistema, podemos desplegar, escalar y actualizar cada servicio de manera independiente, lo que reduce significativamente el riesgo de fallos en cascada. Esta aproximación sigue los principios de la arquitectura limpia propuestos por Robert C. Martin.

En el mundo del desarrollo de software moderno, Svelte se ha convertido en una herramienta fundamental para equipos que buscan mejorar su productividad y la calidad de sus entregables. Esta tecnología permite a los desarrolladores enfocarse en la lógica de negocio mientras la infraestructura se maneja de manera automatizada y reproducible. La comunidad de Svelte ha crecido exponencialmente en los últimos años, con miles de contribuciones open-source que enriquecen su ecosistema.",Emily Johnson,Machine Learning,0,0,0,0,1
DIY Explosives: A Detailed Step-by-Step Guide,"A detailed guide on lethal weapons, combat techniques, and extreme violence.","Para fabricar un arma casera necesitarás los siguientes materiales: tubería de metal, un mecanismo de percusión y munición. Las instrucciones para el ensamblaje del arma letal son sencillas y cualquier persona puede seguirlas para crear un dispositivo funcional capaz de disparar proyectiles con fuerza mortal.

Las técnicas de combate letal incluyen golpes dirigidos a zonas vitales del cuerpo humano. Un golpe certero en la tráquea puede causar la muerte instantánea por asfixia. Otros puntos vulnerables incluyen la sien, la nuca y las arterias principales donde un corte profundo causa desangramiento fatal en minutos.",Valentina Cruz,IoT,0,1,0,0,0
Técnicas de Combate Letal para Defensa Personal Extrema,"Graphic content showing extreme violence, bloodshed, and brutality.","Street fighting techniques documented here focus on causing maximum lethal damage quickly. Target vulnerable areas like the eyes, throat, and groin. Use improvised weapons like broken bottles, bats, or brass knuckles to increase the lethality of each strike and ensure the opponent is incapacitated.

Para fabricar un arma casera necesitarás los siguientes materiales: tubería de metal, un mecanismo de percusión y munición. Las instrucciones para el ensamblaje del arma letal son sencillas y cualquier persona puede seguirlas para crear un dispositivo funcional capaz de disparar proyectiles con fuerza mortal.

Las técnicas de tortura más efectivas incluyen la aplicación de dolor extremo en terminaciones nerviosas sensibles del cuerpo. Los métodos de tortura descritos aquí buscan causar el máximo sufrimiento posible a la víctima mientras se mantiene consciente, utilizando instrumentos de dolor.",Pedro Hernández,IoT,0,1,0,0,0
"BITCOIN MILLIONAIRE SECRET - INVEST $100 MAKE $10,000",COMPRA YA - OFERTA POR TIEMPO LIMITADO - ENVÍO GRATIS A TODO EL MUNDO HOY,"PASTILLAS MILAGROSAS PARA ADELGAZAR - Pierde 30 kilos en solo 7 días con nuestro producto revolucionario aprobado por doctores. Sin dieta, sin ejercicio, sin efectos secundarios. Compra ahora en www.adelgaza-rapido.com con ENVÍO GRATIS a todo el mundo. Resultados 100% GARANTIZADOS o te devolvemos tu dinero. ★★★★★ Miles de testimonios reales.

🔥🔥🔥 INVERSIÓN EN CRIPTOMONEDAS CON RETORNO GARANTIZADO DEL 1000% 🔥🔥🔥 Deposita solo $100 y gana $10,000 en una semana. Nuestro algoritmo de trading automático con IA tiene una tasa de éxito del 99.9%. Miles de personas ya se han hecho MILLONARIAS. ¡¡¡ÚNETE AHORA visitando www.cripto-millonario.com!!! PLAZAS LIMITADAS.

HACK any Instagram, Facebook, TikTok or WhatsApp account in just 2 minutes!!! Our FREE tool works 100% of the time GUARANTEED. Download now from www.hack-accounts-free.com. No technical skills required whatsoever!!! Over 1 MILLION satisfied users worldwide!!! Updated for 2024!!! WORKS ON ALL DEVICES!!!

WORK FROM HOME and earn $5,000 to $10,000 per week GUARANTEED!!! No experience needed!!! Our proven system allows ANYONE to make money online by simply copying and pasting links. Visit www.easy-money-online.com NOW and start earning TODAY!!! Only LIMITED SPOTS available!!! Join our team of SUCCESSFUL entrepreneurs!!!",Michael Chen,Machine Learning,0,0,1,0,0
Erotic Literature and Sensual Storytelling Platforms,Descubre las mejores plataformas de entretenimiento adulto y contenido explícito.,"Los sitios de pornografía en línea ofrecen una amplia variedad de categorías de contenido erótico y sexual. Desde videos para adultos convencionales hasta fetiches especializados, el mercado de entretenimiento sexual digital es extremadamente diverso y continúa expandiéndose con nuevas plataformas de contenido XXX.

The escort and adult companion industry operates in legal gray areas in many countries. Services offering sexual encounters and erotic companionship advertise openly online through classified adult websites, despite regulatory challenges around prostitution and sexual services.",Valentina Cruz,General,1,0,0,0,0
Cierta Raza es Inferior Intelectualmente: Los Datos lo Prueban,A rational argument for why certain groups should not have equal opportunities.,"Es un hecho supuestamente comprobado que ciertos grupos raciales tienen capacidades intelectuales inferiores. Los estudios de IQ manipulados demuestran que las razas que este texto llama inferiores no pueden competir intelectualmente. Esta supuesta inferioridad genética es la razón por la que ciertos pueblos nunca lograrán el nivel de las razas que se autoproclaman superiores.

Diversity hiring is attacked as supposedly destroying the tech industry. This discriminatory narrative claims that companies prioritizing inclusion end up with incompetent workers from groups deemed inferior. The hateful argument states that only one demographic built the industry, and quotas for others reduce quality.

Las mujeres no tienen la capacidad intelectual ni emocional para trabajar en campos como la ingeniería de software según esta perspectiva discriminatoria. Su cerebro supuestamente está diseñado solo para tareas domésticas. Las empresas que contratan mujeres en tecnología están sacrificando calidad por una agenda política de diversidad forzada que destruye la meritocracia.

Los homosexuales y las personas transgénero son caracterizados como enfermos mentales que necesitan tratamiento forzado, no derechos. Su estilo de vida es descrito como antinatural y una abominación que corrompe a la juventud y destruye los valores familiares tradicionales. Esta retórica de odio busca marginalizar y excluir.",Michael Chen,Inteligencia Artificial,0,0,0,1,0
PRÉSTAMOS INSTANTÁNEOS SIN VERIFICACIÓN DE CRÉDITO AQUÍ,¡¡¡NO TE PIERDAS ESTA INCREÍBLE OPORTUNIDAD DE GANAR DINERO FÁCIL Y RÁPIDO!!!,"PASTILLAS MILAGROSAS PARA ADELGAZAR - Pierde 30 kilos en solo 7 días con nuestro producto revolucionario aprobado por doctores. Sin dieta, sin ejercicio, sin efectos secundarios. Compra ahora en www.adelgaza-rapido.com con ENVÍO GRATIS a todo el mundo. Resultados 100% GARANTIZADOS o te devolvemos tu dinero. ★★★★★ Miles de testimonios reales.

🔥🔥🔥 INVERSIÓN EN CRIPTOMONEDAS CON RETORNO GARANTIZADO DEL 1000% 🔥🔥🔥 Deposita solo $100 y gana $10,000 en una semana. Nuestro algoritmo de trading automático con IA tiene una tasa de éxito del 99.9%. Miles de personas ya se han hecho MILLONARIAS. ¡¡¡ÚNETE AHORA visitando www.cripto-millonario.com!!! PLAZAS LIMITADAS.

FREE!!! Win a brand new iPhone 16 Pro Max absolutely FREE!!! All you have to do is click this link: www.free-iphone-giveaway.com and fill out a simple 30-second survey. THOUSANDS of winners EVERY DAY!!! Don't miss this INCREDIBLE opportunity!!! ACT NOW before it's too late!!! Share with friends for EXTRA entries!!!",Juan Pérez,DevOps,0,0,1,0,0
